corrida;secao;acoatual;qualidade;al_min;c_min;c_max;n_min;s_min;sequencia;sequenciatotal;panela;vidapanela;tempociclo;tempovacuototal;temperaturaliquidus;temperaturasaidafp;temperaturaobjetivada
7691;180.0;336236CB;1F3F501C;0.02;0.16;0.18;0.01;0.01;2.0;2.0;15.0;15.0;2557.0;46.0;1503.0;1670;1543.0
7690;180.0;D7B079C7;1F3F501C;0.02;0.14;0.16;0.01;0.01;1.0;2.0;16.0;4.0;959.0;51.0;1503.0;1678;1543.0
7689;90.0;E5AB530D;96956A01;0.02;0.15;0.17;0.01;0.02;3.0;3.0;6.0;37.0;1800.0;46.0;1500.0;1672;1540.0
7688;90.0;457B036C;96956A01;0.02;0.17;0.19;0.01;0.02;1.0;3.0;15.0;14.0;2191.0;51.0;1500.0;1674;1540.0
7687;90.0;8F368B5C;96956A01;0.02;0.15;0.17;0.01;0.02;1.0;3.0;1.0;11.0;0.0;46.0;1500.0;1662;1540.0
7686;90.0;09B2876D;A8E02CB3;0.01;0.59;0.65;0.0;0.03;10.0;10.0;16.0;3.0;530.0;18.0;1480.0;1635;1525.0
7685;90.0;024B7A27;7BF6FBDF;0.02;0.5;0.54;0.0;0.01;9.0;10.0;8.0;20.0;2636.0;34.0;1482.0;1639;1537.0
7684;90.0;F4504489;7BF6FBDF;0.02;0.53;0.56;0.0;0.01;8.0;10.0;6.0;36.0;1498.0;34.0;1482.0;1645;1537.0
7683;90.0;BE549482;7BF6FBDF;0.02;0.56;0.6;0.0;0.01;7.0;10.0;15.0;13.0;1888.0;34.0;1482.0;1644;1537.0
7682;90.0;951A8424;7BF6FBDF;0.02;0.54;0.58;0.0;0.01;6.0;10.0;16.0;2.0;296.0;34.0;1482.0;1658;1537.0
7681;90.0;D46C6DCF;7BF6FBDF;0.01;0.45;0.48;0.0;0.01;5.0;10.0;8.0;19.0;2410.0;34.0;1482.0;1643;1537.0
7680;90.0;6B3E48DB;7BF6FBDF;0.01;0.42;0.45;0.0;0.01;4.0;10.0;17.0;55.0;2461.0;34.0;1482.0;1645;1537.0
7679;90.0;D544FEAB;7BF6FBDF;0.01;0.39;0.42;0.0;0.01;3.0;10.0;6.0;35.0;1208.0;34.0;1482.0;1644;1537.0
7678;90.0;CBD78799;7BF6FBDF;0.02;0.51;0.55;0.0;0.01;2.0;10.0;15.0;12.0;1592.0;34.0;1482.0;1642;1537.0
7677;90.0;18CD0678;7BF6FBDF;0.02;0.52;0.55;0.0;0.01;1.0;10.0;16.0;1.0;0.0;34.0;1482.0;1690;1537.0
7676;90.0;EA81AF8A;7BF6FBDF;0.01;0.42;0.45;0.0;0.01;10.0;10.0;8.0;18.0;2106.0;34.0;1482.0;1653;1537.0
7675;90.0;EFD10552;7BF6FBDF;0.02;0.48;0.51;0.0;0.01;9.0;10.0;17.0;54.0;2155.0;34.0;1482.0;1643;1537.0
7674;90.0;28A141D1;7BF6FBDF;0.02;0.53;0.56;0.0;0.01;8.0;10.0;6.0;34.0;908.0;34.0;1482.0;1639;1537.0
7673;90.0;F443032E;7BF6FBDF;0.02;0.49;0.53;0.0;0.01;7.0;10.0;1.0;10.0;1240.0;34.0;1482.0;1643;1537.0
7672;90.0;347EC14A;7BF6FBDF;0.01;0.39;0.42;0.0;0.01;6.0;10.0;15.0;11.0;1235.0;34.0;1482.0;1646;1537.0
7671;90.0;85EBFAEC;7BF6FBDF;0.01;0.37;0.4;0.0;0.01;5.0;10.0;8.0;17.0;1805.0;34.0;1482.0;1644;1537.0
7670;90.0;4AE42C69;7BF6FBDF;0.01;0.41;0.44;0.0;0.01;4.0;10.0;17.0;53.0;1860.0;34.0;1482.0;1644;1537.0
7669;90.0;951CC45B;7BF6FBDF;0.01;0.36;0.39;0.0;0.01;3.0;10.0;6.0;33.0;609.0;34.0;1482.0;1643;1537.0
7668;90.0;998D176C;7BF6FBDF;0.01;0.42;0.45;0.0;0.01;2.0;10.0;1.0;9.0;933.0;34.0;1482.0;1645;1537.0
7667;90.0;1FF35394;7BF6FBDF;0.01;0.4;0.43;0.0;0.01;1.0;10.0;15.0;10.0;925.0;34.0;1482.0;1663;1537.0
7666;90.0;D9F7EABB;59D14704;0.02;0.56;0.61;0.0;0.01;6.0;6.0;8.0;16.0;1501.0;34.0;1487.0;1643;1537.0
7665;90.0;C203B1A5;59D14704;0.02;0.54;0.58;0.0;0.01;5.0;6.0;17.0;52.0;1561.0;34.0;1487.0;1637;1537.0
7664;90.0;5F13B080;59D14704;0.02;0.62;0.66;0.0;0.01;4.0;6.0;6.0;32.0;303.0;34.0;1487.0;1642;1537.0
7663;90.0;3C3A5365;59D14704;0.01;0.47;0.5;0.0;0.01;3.0;6.0;1.0;8.0;632.0;34.0;1487.0;1643;1537.0
7662;90.0;1F8EFC41;59D14704;0.01;0.48;0.52;0.0;0.01;2.0;6.0;15.0;9.0;623.0;34.0;1487.0;1640;1537.0
7661;90.0;B22599BB;59D14704;0.01;0.42;0.46;0.0;0.01;1.0;6.0;8.0;15.0;1193.0;44.0;1487.0;1656;1537.0
7660;90.0;9DFFC174;59D14704;0.02;0.65;0.7;0.0;0.01;6.0;6.0;17.0;51.0;1249.0;34.0;1487.0;1647;1537.0
7659;90.0;C6CC3C09;59D14704;0.02;0.64;0.69;0.0;0.01;5.0;6.0;6.0;31.0;0.0;34.0;1487.0;1670;1537.0
7658;90.0;503CA217;59D14704;0.02;0.56;0.6;0.0;0.01;4.0;6.0;1.0;7.0;329.0;34.0;1487.0;1643;1537.0
7657;90.0;55EE9426;59D14704;0.02;0.64;0.69;0.0;0.01;3.0;6.0;15.0;8.0;331.0;34.0;1487.0;1639;1537.0
7656;90.0;131E5501;59D14704;0.02;0.52;0.56;0.0;0.01;2.0;6.0;8.0;14.0;903.0;34.0;1487.0;1643;1537.0
7655;90.0;B4305CB7;59D14704;0.01;0.44;0.47;0.0;0.01;1.0;6.0;17.0;50.0;944.0;44.0;1487.0;1652;1537.0
7654;90.0;EA10739A;71A937D5;0.02;0.42;0.48;0.0;0.02;5.0;5.0;1.0;6.0;0.0;34.0;1487.0;1664;1542.0
7653;90.0;950C8152;71A937D5;0.01;0.37;0.42;0.0;0.02;4.0;5.0;15.0;7.0;0.0;34.0;1487.0;1662;1542.0
7652;90.0;0DB1136D;71A937D5;0.01;0.4;0.45;0.0;0.02;3.0;5.0;8.0;13.0;285.0;34.0;1487.0;1647;1542.0
7651;90.0;0CF58C20;4AC24E4B;0.02;0.22;0.25;0.01;0.01;2.0;5.0;6.0;30.0;289.0;34.0;1501.0;1655;1541.0
7650;90.0;63F6FCA0;6466E4EB;0.03;0.24;0.29;0.01;0.02;2.0;6.0;17.0;49.0;289.0;34.0;1505.0;1652;1550.0
7649;90.0;D50B2FF8;B4E0CC84;0.03;0.21;0.24;0.01;0.03;1.0;6.0;1.0;5.0;468.0;34.0;1507.0;1685;1552.0
7648;90.0;CBC290B2;D927D5F2;0.02;0.14;0.16;0.01;0.02;4.0;4.0;15.0;6.0;465.0;32.0;1507.0;1682;1551.0
7647;90.0;80C12DFE;D9882B65;0.01;0.36;0.39;0.0;0.02;3.0;4.0;8.0;12.0;0.0;34.0;1490.0;1669;1540.0
7646;90.0;AE257436;BFEB6EA0;0.02;0.46;0.52;0.0;0.02;2.0;4.0;6.0;29.0;0.0;34.0;1483.0;1656;1538.0
7645;90.0;BBCC32F6;BFEB6EA0;0.02;0.42;0.47;0.0;0.02;1.0;4.0;17.0;48.0;0.0;34.0;1483.0;1664;1538.0
7644;90.0;8EB51EC1;7D015357;0.02;0.14;0.15;0.01;0.01;2.0;2.0;1.0;4.0;0.0;46.0;1506.0;1679;1551.0
7643;90.0;42088BFA;7D015357;0.02;0.13;0.15;0.01;0.01;1.0;6.0;15.0;5.0;0.0;53.0;1506.0;1705;1551.0
7642;90.0;5AF5C25E;7D015357;0.02;0.13;0.15;0.01;0.01;2.0;2.0;8.0;11.0;2697.0;46.0;1506.0;1674;1551.0
7641;90.0;3496C1A3;7D015357;0.02;0.15;0.17;0.01;0.01;1.0;8.0;6.0;28.0;5540.0;53.0;1506.0;1694;1551.0
7640;90.0;AFFE76FC;76884E9D;0.0;0.88;0.93;0.02;0.08;4.0;4.0;17.0;47.0;2249.0;34.0;1474.0;1615;1509.0
7639;90.0;A9857FEB;E85F4719;0.01;0.64;0.67;0.0;0.03;3.0;4.0;1.0;3.0;616.0;34.0;1487.0;1660;1532.0
7638;90.0;C9A50B46;E85F4719;0.01;0.57;0.6;0.0;0.02;2.0;4.0;15.0;4.0;927.0;34.0;1487.0;1635;1532.0
7637;90.0;B971DDDE;E85F4719;0.01;0.55;0.59;0.0;0.02;1.0;4.0;8.0;10.0;2408.0;34.0;1487.0;1654;1532.0
7636;90.0;1852F753;398F4446;0.01;0.41;0.44;0.02;0.02;8.0;8.0;6.0;27.0;5245.0;41.0;1480.0;1658;1530.0
7635;90.0;47F499CF;0C12C54A;0.0;0.48;0.52;0.02;0.05;7.0;8.0;17.0;46.0;1946.0;51.0;1472.0;1634;1517.0
7634;90.0;2882E32B;0C12C54A;0.0;0.57;0.61;0.02;0.06;6.0;8.0;1.0;2.0;315.0;51.0;1472.0;1655;1517.0
7633;90.0;15A4443C;60EFAC81;0.01;0.45;0.49;0.02;0.06;5.0;8.0;15.0;3.0;623.0;34.0;1480.0;1680;1540.0
7632;90.0;27C38D70;60EFAC81;0.01;0.39;0.42;0.02;0.05;4.0;8.0;8.0;9.0;2108.0;34.0;1480.0;1661;1540.0
7631;90.0;7F27D57A;60EFAC81;0.01;0.42;0.46;0.02;0.05;3.0;8.0;6.0;26.0;4931.0;34.0;1480.0;1660;1540.0
7630;90.0;00BFE8BE;60EFAC81;0.01;0.37;0.4;0.02;0.05;2.0;8.0;17.0;45.0;1634.0;34.0;1480.0;1655;1540.0
7629;90.0;EC6440CC;9970B431;0.0;0.44;0.54;0.01;0.1;1.0;8.0;1.0;1.0;0.0;18.0;1480.0;1672;1530.0
7628;180.0;B572E1ED;9970B431;0.0;0.47;0.57;0.01;0.1;5.0;5.0;15.0;2.0;227.0;34.0;1480.0;1632;1525.0
7627;180.0;2404AEBF;9970B431;0.0;0.48;0.58;0.01;0.1;4.0;5.0;8.0;8.0;1722.0;34.0;1480.0;1629;1525.0
7626;180.0;A39FF28C;9970B431;0.0;0.32;0.39;0.01;0.07;3.0;5.0;6.0;25.0;4559.0;34.0;1480.0;1628;1525.0
7625;180.0;FBF9BBDD;9970B431;0.0;0.37;0.45;0.01;0.08;2.0;5.0;17.0;44.0;1263.0;34.0;1480.0;1627;1525.0
7624;180.0;CC44B9D7;9970B431;0.0;0.39;0.48;0.01;0.08;1.0;5.0;15.0;1.0;0.0;25.0;1480.0;1672;1525.0
7623;180.0;CACE576E;E1B28665;0.01;0.38;0.41;0.0;0.01;8.0;8.0;8.0;7.0;1485.0;46.0;1492.0;1661;1547.0
7622;180.0;D6A00ECF;E1B28665;0.0;0.33;0.35;0.0;0.01;7.0;8.0;6.0;24.0;4326.0;46.0;1492.0;1657;1547.0
7621;180.0;355C970C;E1B28665;0.0;0.29;0.31;0.0;0.01;6.0;8.0;4.0;51.0;1663.0;46.0;1492.0;1663;1547.0
7620;180.0;36C42F5C;E1B28665;0.0;0.33;0.35;0.0;0.01;5.0;8.0;17.0;43.0;982.0;46.0;1492.0;1660;1547.0
7619;180.0;42DFD62B;E1B28665;0.0;0.32;0.35;0.0;0.01;4.0;8.0;8.0;6.0;1268.0;46.0;1492.0;1663;1547.0
7618;180.0;6B81705B;E1B28665;0.0;0.29;0.32;0.0;0.01;3.0;8.0;6.0;23.0;4097.0;46.0;1492.0;1669;1547.0
7617;180.0;940AC77F;E1B28665;0.01;0.41;0.45;0.0;0.01;2.0;8.0;4.0;50.0;1426.0;46.0;1492.0;1672;1547.0
7616;180.0;35AA0819;E1B28665;0.01;0.4;0.43;0.0;0.01;1.0;8.0;17.0;42.0;744.0;57.0;1492.0;1687;1547.0
7615;180.0;F08DE0B6;87C78AB7;0.0;0.35;0.41;0.0;0.0;7.0;7.0;8.0;5.0;961.0;32.0;1480.0;1615;1525.0
7614;180.0;6A8459EA;87C78AB7;0.01;0.5;0.59;0.0;0.0;6.0;7.0;4.0;49.0;1182.0;46.0;1480.0;1620;1525.0
7613;180.0;8FFF5C40;87C78AB7;0.01;0.55;0.64;0.0;0.0;5.0;7.0;17.0;41.0;492.0;46.0;1480.0;1623;1525.0
7612;180.0;CBF8D316;87C78AB7;0.01;0.56;0.65;0.0;0.0;4.0;7.0;6.0;22.0;3660.0;32.0;1480.0;1616;1525.0
7611;180.0;33220A93;87C78AB7;0.01;0.54;0.63;0.0;0.0;3.0;7.0;8.0;4.0;700.0;32.0;1480.0;1621;1525.0
7610;180.0;568ED8FA;B5D5B9CA;0.01;0.58;0.64;0.0;0.03;2.0;7.0;4.0;48.0;927.0;39.0;1480.0;1627;1520.0
7609;180.0;2CEF36A9;9C0993CD;0.02;0.37;0.4;0.0;0.01;1.0;7.0;17.0;40.0;236.0;46.0;1480.0;1647;1515.0
7608;180.0;F01DD559;2806A3F9;0.0;0.29;0.31;0.0;0.01;4.0;4.0;6.0;21.0;3407.0;34.0;1491.0;1636;1531.0
7607;180.0;06E0D8D5;43608E5D;0.0;0.42;0.44;0.0;0.05;3.0;4.0;8.0;3.0;452.0;46.0;1485.0;1677;1545.0
7606;180.0;55B1F07B;6C955C02;0.01;0.39;0.43;0.0;0.0;2.0;4.0;4.0;47.0;680.0;51.0;1483.0;1642;1528.0
7605;180.0;B03F579D;6C955C02;0.02;0.53;0.58;0.0;0.0;1.0;4.0;17.0;39.0;0.0;55.0;1483.0;1676;1528.0
7604;180.0;6B3E48DB;3BA0D398;0.0;0.36;0.39;0.0;0.03;6.0;6.0;6.0;20.0;3184.0;46.0;1488.0;1635;1528.0
7603;180.0;BA4A4F32;3BA0D398;0.0;0.36;0.39;0.0;0.03;5.0;6.0;8.0;2.0;237.0;46.0;1488.0;1654;1528.0
7602;180.0;8042FE4D;3BA0D398;0.0;0.5;0.54;0.0;0.04;4.0;6.0;4.0;46.0;464.0;46.0;1488.0;1641;1528.0
7601;180.0;95FC65DB;3BA0D398;0.0;0.49;0.53;0.0;0.04;3.0;6.0;5.0;54.0;2576.0;46.0;1488.0;1639;1528.0
7600;180.0;8C39982A;3BA0D398;0.0;0.48;0.52;0.0;0.04;2.0;6.0;6.0;19.0;2954.0;46.0;1488.0;1632;1528.0
7599;180.0;D1453E15;3BA0D398;0.0;0.43;0.46;0.0;0.03;1.0;6.0;8.0;1.0;0.0;46.0;1488.0;1694;1528.0
7598;180.0;56C4A494;3BA0D398;0.0;0.39;0.42;0.0;0.03;6.0;6.0;4.0;45.0;229.0;46.0;1488.0;1648;1528.0
7597;180.0;C2760E44;3BA0D398;0.0;0.43;0.46;0.0;0.03;5.0;6.0;5.0;53.0;2352.0;32.0;1488.0;1635;1528.0
7596;180.0;4DFCDB8B;3BA0D398;0.0;0.37;0.4;0.0;0.03;4.0;6.0;6.0;18.0;2727.0;46.0;1488.0;1643;1528.0
7595;180.0;6FAD0B42;3BA0D398;0.0;0.47;0.51;0.0;0.04;3.0;6.0;17.0;38.0;249.0;46.0;1488.0;1649;1528.0
7594;180.0;4ED39777;3BA0D398;0.0;0.44;0.47;0.0;0.03;2.0;6.0;4.0;44.0;0.0;32.0;1488.0;1656;1528.0
7593;180.0;A9A5CD32;3BA0D398;0.0;0.41;0.44;0.0;0.03;1.0;6.0;5.0;52.0;2107.0;32.0;1488.0;1651;1528.0
7592;180.0;64A111F8;6657D710;0.01;0.36;0.43;0.0;0.0;6.0;6.0;6.0;17.0;2481.0;46.0;1493.0;1663;1543.0
7591;180.0;77A45AD6;6657D710;0.01;0.3;0.35;0.0;0.0;5.0;6.0;17.0;37.0;0.0;46.0;1493.0;1668;1543.0
7590;180.0;07578254;CC996FCB;0.02;0.17;0.2;0.0;0.0;3.0;6.0;5.0;51.0;1890.0;48.0;1510.0;1668;1550.0
7589;180.0;7234BEFB;CC996FCB;0.02;0.17;0.19;0.0;0.0;2.0;6.0;7.0;61.0;2165.0;48.0;1510.0;1661;1550.0
7588;180.0;B545F705;CC996FCB;0.02;0.17;0.2;0.0;0.0;4.0;8.0;6.0;16.0;2164.0;48.0;1510.0;1686;1550.0
7587;180.0;FC12196C;B1EBA22B;0.01;0.42;0.45;0.0;0.02;3.0;8.0;17.0;37.0;1912.0;51.0;1480.0;1640;1525.0
7586;180.0;4F95F414;CC996FCB;0.02;0.15;0.18;0.0;0.0;2.0;7.0;5.0;50.0;1596.0;48.0;1510.0;1664;1550.0
7585;180.0;45812B48;4731F567;0.02;0.17;0.21;0.0;0.02;1.0;7.0;4.0;42.0;1801.0;46.0;1511.0;1693;1556.0
7584;180.0;2668149E;E1B28665;0.01;0.43;0.46;0.0;0.01;8.0;8.0;7.0;60.0;1819.0;46.0;1492.0;1667;1547.0
7583;180.0;C5882330;E1B28665;0.01;0.38;0.41;0.0;0.01;7.0;8.0;6.0;15.0;1829.0;46.0;1492.0;1668;1547.0
7582;180.0;B66C06A2;E1B28665;0.0;0.36;0.39;0.0;0.01;6.0;8.0;17.0;36.0;1587.0;46.0;1492.0;1668;1547.0
7581;180.0;651CF865;E1B28665;0.0;0.31;0.34;0.0;0.01;5.0;8.0;5.0;49.0;1292.0;46.0;1492.0;1665;1547.0
7580;180.0;9D3A5844;E1B28665;0.0;0.33;0.36;0.0;0.01;4.0;8.0;4.0;41.0;1538.0;46.0;1492.0;1671;1547.0
7579;180.0;FEE2C4B6;E1B28665;0.01;0.44;0.48;0.0;0.01;3.0;8.0;7.0;59.0;1546.0;46.0;1492.0;1674;1547.0
7578;180.0;6E115711;E1B28665;0.01;0.37;0.4;0.0;0.01;2.0;8.0;6.0;14.0;1563.0;46.0;1492.0;1670;1547.0
7577;180.0;5BE1E184;E1B28665;0.0;0.33;0.35;0.0;0.01;1.0;8.0;17.0;35.0;1317.0;57.0;1492.0;1687;1547.0
7576;180.0;1D644D5A;5671F44D;0.01;0.49;0.52;0.0;0.01;10.0;10.0;5.0;48.0;1015.0;46.0;1486.0;1658;1536.0
7575;180.0;477082A7;5671F44D;0.02;0.59;0.62;0.0;0.01;9.0;10.0;4.0;40.0;1247.0;46.0;1486.0;1668;1536.0
7574;180.0;4AA22C6C;5671F44D;0.01;0.52;0.55;0.0;0.01;8.0;10.0;7.0;58.0;1259.0;46.0;1486.0;1655;1536.0
7573;180.0;7CFF8299;5671F44D;0.01;0.49;0.52;0.0;0.01;7.0;10.0;6.0;13.0;1262.0;46.0;1486.0;1644;1536.0
7572;180.0;3FF5DED2;5671F44D;0.02;0.65;0.69;0.0;0.01;6.0;10.0;17.0;34.0;1016.0;46.0;1486.0;1655;1536.0
7571;180.0;C94C03CC;5671F44D;0.01;0.5;0.52;0.0;0.01;5.0;10.0;5.0;47.0;721.0;46.0;1486.0;1652;1536.0
7570;180.0;32F245F8;D139AB57;0.0;0.4;0.42;0.0;0.0;4.0;10.0;4.0;39.0;959.0;55.0;1481.0;1669;1526.0
7569;180.0;FA33F289;D139AB57;0.01;0.48;0.52;0.0;0.0;3.0;10.0;7.0;57.0;970.0;55.0;1481.0;1657;1526.0
7568;180.0;996CDD8F;D139AB57;0.01;0.56;0.59;0.0;0.0;2.0;10.0;6.0;12.0;966.0;55.0;1481.0;1658;1526.0
7567;180.0;C3F9EB18;D139AB57;0.01;0.5;0.53;0.0;0.0;1.0;10.0;17.0;33.0;710.0;55.0;1481.0;1680;1526.0
7566;180.0;3826FC83;4AC24E4B;0.02;0.25;0.28;0.01;0.02;6.0;6.0;5.0;46.0;315.0;51.0;1501.0;1664;1546.0
7565;180.0;CAD800DC;6466E4EB;0.03;0.24;0.29;0.01;0.02;5.0;6.0;4.0;38.0;559.0;46.0;1505.0;1654;1545.0
7564;180.0;7AEB94A8;6466E4EB;0.03;0.24;0.29;0.01;0.02;4.0;6.0;7.0;56.0;562.0;46.0;1505.0;1662;1545.0
7563;180.0;F900E203;6466E4EB;0.03;0.21;0.25;0.01;0.02;3.0;6.0;6.0;11.0;560.0;46.0;1505.0;1661;1545.0
7562;180.0;0A3ADF3B;35C7C29B;0.02;0.35;0.37;0.01;0.0;2.0;6.0;17.0;32.0;305.0;62.0;1501.0;1689;1551.0
7561;180.0;611ECAA8;35C7C29B;0.01;0.22;0.24;0.01;0.0;1.0;6.0;5.0;45.0;0.0;62.0;1501.0;1719;1551.0
7560;180.0;6F6AA23A;8C69B089;0.01;0.48;0.52;0.0;0.0;4.0;4.0;4.0;37.0;241.0;46.0;1483.0;1662;1528.0
7559;180.0;E7061F9A;8C69B089;0.01;0.52;0.56;0.0;0.0;3.0;4.0;7.0;55.0;240.0;46.0;1483.0;1650;1528.0
7558;180.0;D9CAE8B9;8C69B089;0.01;0.6;0.64;0.0;0.0;2.0;4.0;6.0;10.0;248.0;46.0;1483.0;1647;1528.0
7557;180.0;C58F150C;8C69B089;0.01;0.38;0.4;0.0;0.0;1.0;4.0;17.0;31.0;0.0;46.0;1483.0;1678;1528.0
7556;180.0;E41873B9;DAF26177;0.0;0.4;0.43;0.0;0.01;3.0;3.0;4.0;36.0;0.0;46.0;1480.0;1655;1525.0
7555;180.0;9F55CDDC;DAF26177;0.01;0.59;0.64;0.0;0.02;2.0;3.0;7.0;54.0;0.0;46.0;1480.0;1643;1525.0
7554;180.0;5C8F6E10;DAF26177;0.01;0.52;0.57;0.0;0.02;1.0;3.0;6.0;9.0;0.0;46.0;1480.0;1665;1525.0
7553;180.0;331C7409;DAF26177;0.0;0.45;0.49;0.0;0.01;7.0;7.0;17.0;30.0;1491.0;46.0;1480.0;1635;1525.0
7552;180.0;A0EDBF03;DAF26177;0.01;0.55;0.6;0.0;0.02;6.0;8.0;5.0;44.0;1775.0;46.0;1480.0;1626;1525.0
7551;180.0;C9EA2F5F;DAF26177;0.0;0.45;0.49;0.0;0.01;5.0;8.0;7.0;53.0;2071.0;46.0;1480.0;1637;1525.0
7550;180.0;A8ADE61C;DAF26177;0.01;0.48;0.52;0.0;0.02;4.0;8.0;4.0;35.0;2082.0;46.0;1480.0;1638;1525.0
7549;180.0;4685F1CC;DAF26177;0.01;0.59;0.64;0.0;0.02;3.0;8.0;6.0;8.0;2128.0;46.0;1480.0;1634;1525.0
7548;180.0;54568BCB;DAF26177;0.0;0.43;0.47;0.0;0.01;2.0;10.0;17.0;29.0;1201.0;46.0;1480.0;1636;1525.0
7547;180.0;1E17A226;22ADB3F3;0.0;0.79;0.82;0.01;0.06;1.0;10.0;5.0;43.0;1488.0;46.0;1476.0;1629;1501.0
7546;180.0;8BDE9922;332091CC;0.01;0.56;0.62;0.01;0.0;9.0;9.0;7.0;52.0;1777.0;46.0;1486.0;1625;1516.0
7545;180.0;219C0969;332091CC;0.01;0.4;0.44;0.01;0.0;8.0;9.0;4.0;34.0;1785.0;46.0;1486.0;1637;1516.0
7544;180.0;91240B11;332091CC;0.01;0.62;0.69;0.01;0.0;7.0;9.0;6.0;7.0;1838.0;46.0;1486.0;1643;1516.0
7543;180.0;C1DE02A7;2A8BED63;0.02;0.59;0.61;0.0;0.0;6.0;9.0;17.0;28.0;911.0;46.0;1488.0;1649;1528.0
7542;180.0;0DCA2EE1;2A8BED63;0.02;0.41;0.43;0.0;0.0;5.0;9.0;5.0;42.0;1202.0;46.0;1488.0;1642;1528.0
7541;180.0;E4E54F7F;2A8BED63;0.02;0.58;0.61;0.0;0.0;4.0;9.0;7.0;51.0;1502.0;46.0;1488.0;1642;1528.0
7540;180.0;0C7318F9;2A8BED63;0.02;0.6;0.62;0.0;0.0;3.0;9.0;4.0;33.0;1510.0;46.0;1488.0;1650;1528.0
7539;180.0;7649E7E6;2A8BED63;0.02;0.47;0.49;0.0;0.0;2.0;9.0;6.0;6.0;1559.0;46.0;1488.0;1652;1528.0
7538;180.0;D23D800A;2A8BED63;0.02;0.47;0.49;0.0;0.0;1.0;9.0;17.0;27.0;625.0;46.0;1488.0;1652;1528.0
7537;180.0;B33A68A3;DD4524C7;0.02;0.41;0.42;0.01;0.0;6.0;6.0;5.0;41.0;903.0;46.0;1480.0;1643;1515.0
7536;180.0;8ECAA9EB;DD4524C7;0.03;0.6;0.62;0.01;0.0;5.0;6.0;7.0;50.0;1187.0;46.0;1480.0;1630;1515.0
7535;180.0;D73755A7;DD4524C7;0.02;0.4;0.42;0.01;0.0;4.0;6.0;4.0;32.0;1193.0;46.0;1480.0;1628;1515.0
7534;180.0;B895E9AC;DD4524C7;0.03;0.6;0.63;0.01;0.0;3.0;6.0;6.0;5.0;1235.0;46.0;1480.0;1629;1515.0
7533;180.0;12D34451;DD4524C7;0.02;0.55;0.57;0.01;0.0;2.0;6.0;17.0;26.0;306.0;46.0;1480.0;1632;1515.0
7532;180.0;03669577;DD4524C7;0.02;0.57;0.59;0.01;0.0;1.0;6.0;5.0;40.0;600.0;46.0;1480.0;1632;1515.0
7531;180.0;E598F43D;46F56B8C;0.01;0.46;0.5;0.01;0.04;7.0;7.0;7.0;49.0;891.0;46.0;1480.0;1640;1525.0
7530;180.0;5ADA76B1;46F56B8C;0.01;0.42;0.45;0.01;0.03;6.0;7.0;4.0;31.0;902.0;46.0;1480.0;1634;1525.0
7529;180.0;44DA137A;46F56B8C;0.01;0.44;0.47;0.01;0.04;5.0;7.0;6.0;4.0;961.0;46.0;1480.0;1640;1525.0
7528;180.0;75495E75;46F56B8C;0.01;0.46;0.5;0.01;0.04;4.0;7.0;17.0;25.0;0.0;39.0;1480.0;1659;1525.0
7527;180.0;2E2DC7E5;46F56B8C;0.01;0.41;0.45;0.01;0.03;3.0;7.0;5.0;39.0;291.0;39.0;1480.0;1637;1525.0
7526;180.0;4E5335B9;46F56B8C;0.0;0.33;0.36;0.01;0.03;2.0;7.0;7.0;48.0;584.0;46.0;1480.0;1647;1525.0
7525;180.0;D5208814;0A8B5BDF;0.01;0.44;0.47;0.01;0.02;1.0;7.0;4.0;30.0;586.0;55.0;1481.0;1680;1536.0
7524;180.0;CAF396EE;833CB975;0.02;0.36;0.38;0.0;0.02;6.0;6.0;6.0;3.0;641.0;46.0;1490.0;1680;1535.0
7523;180.0;DEE81F13;833CB975;0.02;0.32;0.34;0.0;0.02;5.0;6.0;2.0;57.0;0.0;46.0;1490.0;1683;1535.0
7522;180.0;077D7542;9CF45E8B;0.01;0.46;0.49;0.02;0.02;4.0;6.0;5.0;38.0;0.0;51.0;1475.0;1657;1525.0
7521;180.0;8EF4A17E;9CF45E8B;0.01;0.48;0.5;0.02;0.02;3.0;6.0;7.0;47.0;300.0;51.0;1475.0;1644;1525.0
7520;180.0;3A6E4E39;00FFEE90;0.01;0.31;0.33;0.01;0.02;2.0;6.0;4.0;29.0;310.0;51.0;1489.0;1663;1534.0
7519;180.0;291A9EEF;BE0EA08D;0.02;0.28;0.3;0.0;0.02;1.0;6.0;6.0;2.0;344.0;55.0;1497.0;1693;1537.0
7518;180.0;3F029B2E;D22BFB79;0.01;0.33;0.37;0.01;0.05;6.0;6.0;17.0;24.0;0.0;46.0;1480.0;1682;1540.0
7517;180.0;1B28E8DD;D22BFB79;0.01;0.36;0.4;0.01;0.05;5.0;6.0;7.0;46.0;0.0;46.0;1480.0;1675;1540.0
7516;180.0;30ECABC6;D22BFB79;0.01;0.33;0.36;0.01;0.05;4.0;6.0;4.0;28.0;0.0;46.0;1480.0;1680;1540.0
7515;180.0;BBB72F91;B44BA138;0.01;0.31;0.33;0.01;0.04;3.0;6.0;2.0;56.0;0.0;46.0;1482.0;1676;1532.0
7514;180.0;BB1D2930;B44BA138;0.01;0.42;0.45;0.01;0.05;2.0;6.0;6.0;1.0;0.0;46.0;1482.0;1676;1532.0
7513;180.0;AE30B644;B44BA138;0.01;0.44;0.47;0.01;0.06;3.0;7.0;5.0;38.0;7124.0;46.0;1482.0;1642;1532.0
7512;180.0;2D36D634;B44BA138;0.01;0.43;0.45;0.01;0.06;2.0;7.0;17.0;22.0;5256.0;46.0;1482.0;1640;1532.0
7511;180.0;50801AB0;7320E76A;0.02;0.52;0.54;0.0;0.02;1.0;7.0;4.0;27.0;1135.0;46.0;1481.0;1651;1526.0
7510;180.0;C933CB64;56FFE5DC;0.02;0.16;0.18;0.01;0.01;4.0;4.0;7.0;45.0;1148.0;39.0;1507.0;1637;1532.0
7509;180.0;6614A2F1;56FFE5DC;0.02;0.18;0.2;0.01;0.01;3.0;4.0;2.0;55.0;6987.0;39.0;1507.0;1639;1532.0
7508;180.0;CCAA97CD;56FFE5DC;0.02;0.17;0.2;0.01;0.01;2.0;4.0;5.0;37.0;6847.0;39.0;1507.0;1643;1532.0
7507;180.0;D8456D9F;56FFE5DC;0.02;0.15;0.17;0.01;0.01;1.0;4.0;17.0;21.0;4984.0;55.0;1507.0;1676;1532.0
7506;180.0;F347946D;F1291CB0;0.02;0.21;0.23;0.01;0.02;6.0;6.0;4.0;26.0;861.0;55.0;1506.0;1666;1546.0
7505;180.0;5A8851F5;F1291CB0;0.02;0.21;0.24;0.01;0.02;5.0;6.0;7.0;44.0;877.0;55.0;1506.0;1661;1546.0
7504;180.0;9B8D5F9A;F1291CB0;0.02;0.23;0.25;0.01;0.02;4.0;6.0;2.0;54.0;6717.0;55.0;1506.0;1666;1546.0
7503;180.0;EDF5A583;F1291CB0;0.02;0.18;0.2;0.01;0.02;3.0;6.0;5.0;36.0;6576.0;55.0;1506.0;1665;1546.0
7502;180.0;DA5B32DF;CC18C404;0.02;0.23;0.25;0.01;0.02;2.0;6.0;17.0;20.0;4716.0;46.0;1506.0;1674;1551.0
7501;180.0;9A130B83;CC18C404;0.02;0.2;0.22;0.01;0.02;1.0;6.0;4.0;25.0;593.0;55.0;1506.0;1684;1551.0
7500;180.0;51019BC1;07025389;0.02;0.32;0.35;0.01;0.02;7.0;7.0;7.0;43.0;596.0;46.0;1497.0;1658;1537.0
7499;180.0;5551D51D;07025389;0.02;0.28;0.31;0.01;0.01;6.0;7.0;2.0;53.0;6425.0;46.0;1497.0;1650;1537.0
7498;180.0;C0308B5B;07025389;0.02;0.26;0.28;0.01;0.01;5.0;7.0;5.0;35.0;6286.0;46.0;1497.0;1643;1537.0
7497;180.0;2A70BFD9;07025389;0.02;0.36;0.39;0.01;0.02;4.0;7.0;17.0;19.0;4423.0;46.0;1497.0;1655;1537.0
7496;180.0;BF320B89;07025389;0.02;0.27;0.3;0.01;0.01;3.0;7.0;4.0;24.0;297.0;46.0;1497.0;1660;1537.0
7495;180.0;B470CBF4;07025389;0.01;0.23;0.26;0.01;0.01;2.0;7.0;7.0;42.0;312.0;46.0;1497.0;1666;1537.0
7494;180.0;3556F99E;07025389;0.02;0.27;0.3;0.01;0.01;1.0;7.0;2.0;52.0;6138.0;57.0;1497.0;1679;1537.0
7493;180.0;B42BBF87;07025389;0.02;0.35;0.39;0.01;0.02;8.0;8.0;5.0;34.0;5999.0;44.0;1497.0;1646;1537.0
7492;180.0;1DDA852D;07025389;0.02;0.28;0.3;0.01;0.01;7.0;8.0;17.0;18.0;4133.0;46.0;1497.0;1653;1537.0
7491;180.0;570443E7;07025389;0.02;0.34;0.37;0.01;0.02;6.0;8.0;4.0;23.0;0.0;46.0;1497.0;1678;1537.0
7490;180.0;469C5DB3;07025389;0.02;0.34;0.37;0.01;0.02;5.0;8.0;7.0;41.0;0.0;46.0;1497.0;1674;1537.0
7489;180.0;EDE21144;07025389;0.02;0.36;0.4;0.01;0.02;4.0;8.0;2.0;51.0;5826.0;46.0;1497.0;1656;1537.0
7488;180.0;38446C56;07025389;0.02;0.34;0.38;0.01;0.02;3.0;8.0;5.0;33.0;5544.0;46.0;1497.0;1645;1537.0
7487;180.0;5C62B52E;07025389;0.02;0.28;0.31;0.01;0.01;2.0;8.0;17.0;17.0;3677.0;46.0;1497.0;1668;1537.0
7486;180.0;D0680443;A201F563;0.01;0.17;0.22;0.01;0.0;7.0;7.0;16.0;59.0;4590.0;46.0;1504.0;1661;1544.0
7485;180.0;6AE63486;76E5EEFF;0.02;0.18;0.21;0.01;0.01;6.0;7.0;4.0;22.0;3371.0;46.0;1504.0;1666;1549.0
7484;180.0;755447B4;163D1351;0.02;0.23;0.26;0.0;0.02;5.0;7.0;2.0;50.0;5409.0;51.0;1503.0;1664;1548.0
7483;180.0;0F5BB419;163D1351;0.02;0.17;0.19;0.0;0.02;4.0;7.0;5.0;32.0;5270.0;51.0;1503.0;1661;1548.0
7482;180.0;077D7542;163D1351;0.02;0.24;0.26;0.0;0.02;3.0;7.0;17.0;16.0;3402.0;51.0;1503.0;1659;1548.0
7481;180.0;2E254D98;163D1351;0.02;0.23;0.25;0.0;0.02;2.0;7.0;16.0;58.0;4312.0;51.0;1503.0;1664;1548.0
7480;180.0;85608ED1;163D1351;0.02;0.2;0.22;0.0;0.02;1.0;7.0;4.0;21.0;3097.0;55.0;1503.0;1688;1548.0
7479;180.0;F6AF7916;946866EE;0.03;0.23;0.28;0.01;0.02;7.0;7.0;2.0;49.0;5137.0;46.0;1501.0;1653;1536.0
7478;180.0;EBAB0328;1169CAE4;0.02;0.18;0.21;0.0;0.02;6.0;7.0;5.0;31.0;4996.0;46.0;1502.0;1667;1552.0
7477;180.0;1E11AF65;1169CAE4;0.02;0.18;0.21;0.0;0.02;5.0;7.0;17.0;15.0;3132.0;46.0;1502.0;1677;1552.0
7476;180.0;2E058886;1169CAE4;0.02;0.16;0.19;0.0;0.02;4.0;7.0;16.0;57.0;4034.0;46.0;1502.0;1668;1552.0
7475;180.0;497795BF;1169CAE4;0.02;0.18;0.21;0.0;0.02;3.0;7.0;4.0;20.0;2807.0;46.0;1502.0;1675;1552.0
7474;180.0;3826FC83;7732F1AA;0.02;0.21;0.25;0.01;0.03;2.0;7.0;2.0;48.0;4841.0;46.0;1500.0;1656;1540.0
7473;180.0;7E75BDDC;1F3F501C;0.02;0.17;0.19;0.01;0.01;1.0;7.0;5.0;30.0;4634.0;51.0;1503.0;1683;1543.0
7472;180.0;C5882330;E2EF030B;0.02;0.2;0.23;0.01;0.03;7.0;7.0;17.0;14.0;2763.0;46.0;1502.0;1658;1537.0
7471;180.0;C4AC74CD;D9D35C86;0.02;0.16;0.19;0.01;0.02;6.0;7.0;16.0;56.0;3677.0;46.0;1500.0;1662;1540.0
7470;180.0;C15E35E6;8C409667;0.02;0.15;0.17;0.01;0.0;5.0;7.0;4.0;19.0;2446.0;46.0;1504.0;1655;1539.0
7469;180.0;86B85C7C;8C409667;0.02;0.17;0.19;0.01;0.0;4.0;7.0;2.0;47.0;4481.0;46.0;1504.0;1654;1539.0
7468;180.0;808CFF28;8C409667;0.02;0.16;0.18;0.01;0.0;3.0;7.0;5.0;29.0;4323.0;46.0;1504.0;1651;1539.0
7467;180.0;083AA67D;8C409667;0.02;0.22;0.24;0.01;0.0;2.0;7.0;17.0;13.0;2450.0;46.0;1504.0;1659;1539.0
7466;180.0;894E2188;8C409667;0.02;0.18;0.2;0.01;0.0;1.0;7.0;16.0;55.0;3355.0;51.0;1504.0;1676;1539.0
7465;180.0;9A13014D;062C5EED;0.01;0.31;0.35;0.01;0.02;2.0;2.0;4.0;18.0;2061.0;46.0;1494.0;1665;1534.0
7464;180.0;97D412AC;140FBCCD;0.01;0.24;0.28;0.0;0.0;1.0;2.0;2.0;46.0;4098.0;46.0;1494.0;1673;1534.0
7463;180.0;00D9F2B8;0B13406F;0.02;0.63;0.68;0.0;0.0;7.0;7.0;5.0;28.0;3952.0;39.0;1480.0;1632;1520.0
7462;180.0;AB973AAD;0B13406F;0.01;0.57;0.61;0.0;0.0;6.0;7.0;17.0;12.0;2087.0;39.0;1480.0;1627;1520.0
7461;180.0;CB1901B6;0B13406F;0.01;0.48;0.52;0.0;0.0;5.0;7.0;16.0;54.0;3002.0;39.0;1480.0;1615;1520.0
7460;180.0;FCC350DC;D90699DC;0.02;0.32;0.35;0.01;0.02;4.0;7.0;4.0;17.0;1784.0;39.0;1495.0;1650;1540.0
7459;180.0;7F8418C7;D90699DC;0.02;0.24;0.27;0.0;0.02;3.0;7.0;2.0;45.0;3815.0;39.0;1495.0;1650;1540.0
7458;180.0;F45B44DF;D90699DC;0.02;0.34;0.37;0.01;0.02;2.0;7.0;5.0;27.0;3664.0;39.0;1495.0;1639;1540.0
7457;180.0;4785E69E;D90699DC;0.03;0.38;0.42;0.01;0.03;1.0;7.0;17.0;11.0;1797.0;46.0;1495.0;1669;1540.0
7456;180.0;8522E344;5A195F30;0.0;0.34;0.35;0.0;0.02;8.0;8.0;16.0;53.0;2713.0;46.0;1487.0;1654;1527.0
7455;180.0;BC715196;5A195F30;0.01;0.49;0.51;0.0;0.03;7.0;8.0;4.0;16.0;1499.0;46.0;1487.0;1650;1527.0
7454;180.0;427622E1;A38FF5CA;0.03;0.19;0.24;0.01;0.01;6.0;8.0;2.0;44.0;3544.0;46.0;1507.0;1675;1547.0
7453;180.0;9497BEFC;D927D5F2;0.02;0.16;0.18;0.01;0.02;5.0;8.0;5.0;26.0;3410.0;46.0;1507.0;1674;1552.0
7452;180.0;1A46850C;D927D5F2;0.02;0.13;0.15;0.01;0.02;4.0;8.0;17.0;10.0;1548.0;46.0;1507.0;1673;1552.0
7451;180.0;176F48C3;D927D5F2;0.02;0.17;0.19;0.01;0.02;3.0;8.0;16.0;52.0;2461.0;46.0;1507.0;1686;1552.0
7450;180.0;93343E84;D927D5F2;0.02;0.13;0.14;0.01;0.02;2.0;8.0;4.0;15.0;1237.0;46.0;1507.0;1678;1552.0
7449;180.0;9C97A0FA;71A937D5;0.02;0.48;0.54;0.0;0.02;1.0;8.0;2.0;43.0;3275.0;51.0;1487.0;1657;1522.0
7448;180.0;7F2E6858;9DBCC3D3;0.02;0.16;0.18;0.0;0.02;6.0;6.0;5.0;25.0;3137.0;46.0;1502.0;1671;1542.0
7445;180.0;A31A42BF;44661CD0;0.02;0.18;0.21;0.01;0.02;3.0;6.0;4.0;14.0;971.0;46.0;1506.0;1670;1546.0
7443;180.0;44DF0BAE;44661CD0;0.02;0.24;0.27;0.01;0.02;1.0;6.0;5.0;24.0;2864.0;46.0;1506.0;1677;1546.0
7442;180.0;8422F72B;493EAF60;0.01;0.35;0.37;0.0;0.01;6.0;6.0;17.0;8.0;989.0;46.0;1486.0;1643;1521.0
7441;180.0;DE4C667B;67470249;0.01;0.43;0.49;0.0;0.02;5.0;6.0;16.0;50.0;1896.0;51.0;1486.0;1641;1526.0
7440;180.0;F3896AE3;67470249;0.01;0.36;0.41;0.0;0.02;4.0;6.0;4.0;13.0;670.0;46.0;1486.0;1633;1526.0
7439;180.0;962E2E13;67470249;0.01;0.41;0.46;0.0;0.02;3.0;6.0;2.0;41.0;2709.0;46.0;1486.0;1633;1526.0
7438;180.0;030915FA;67470249;0.01;0.34;0.39;0.0;0.02;2.0;6.0;5.0;23.0;2567.0;46.0;1486.0;1638;1526.0
7437;180.0;4F720FBE;249A7E68;0.01;0.39;0.42;0.0;0.02;1.0;6.0;17.0;7.0;692.0;51.0;1484.0;1673;1519.0
7436;180.0;FE4E7367;27DBEE1F;0.0;0.93;0.97;0.0;0.0;4.0;4.0;16.0;49.0;1599.0;62.0;1462.0;1620;1488.0
7435;180.0;B6F9667F;4D302CE7;0.0;0.72;0.75;0.0;0.0;3.0;4.0;4.0;12.0;371.0;64.0;1460.0;1623;1485.0
7434;180.0;A3C61F61;4D302CE7;0.0;1.07;1.12;0.0;0.0;2.0;4.0;2.0;40.0;2411.0;64.0;1460.0;1616;1485.0
7433;180.0;143A7304;4D302CE7;0.0;1.05;1.1;0.0;0.0;1.0;4.0;5.0;22.0;2268.0;69.0;1460.0;1622;1485.0
7432;180.0;B4C6DBEF;56FFE5DC;0.02;0.13;0.14;0.01;0.01;4.0;4.0;17.0;6.0;306.0;39.0;1507.0;1654;1532.0
7431;180.0;83937AC0;92B3EDD4;0.03;0.22;0.28;0.01;0.01;3.0;4.0;16.0;48.0;1217.0;46.0;1502.0;1646;1537.0
7430;180.0;E41873B9;56FFE5DC;0.02;0.14;0.16;0.01;0.01;2.0;4.0;4.0;11.0;0.0;39.0;1507.0;1664;1532.0
7429;180.0;29BA9A9A;56FFE5DC;0.02;0.14;0.15;0.01;0.01;1.0;4.0;2.0;39.0;2029.0;55.0;1507.0;1674;1532.0
7428;180.0;E56AA25E;E154DB61;0.0;1.01;1.13;0.0;0.0;3.0;3.0;5.0;21.0;1879.0;64.0;1465.0;1612;1490.0
7427;180.0;86CB10A4;E154DB61;0.0;1.06;1.18;0.0;0.0;2.0;3.0;17.0;5.0;0.0;64.0;1465.0;1633;1490.0
7426;180.0;8BE65D40;E154DB61;0.0;1.02;1.14;0.0;0.0;1.0;3.0;16.0;47.0;750.0;69.0;1465.0;1618;1490.0
7425;180.0;1D589D08;E154DB61;0.0;0.97;1.08;0.0;0.0;2.0;5.0;5.0;20.0;1537.0;64.0;1465.0;1617;1490.0
7424;180.0;666F8239;E154DB61;0.0;0.96;1.07;0.0;0.0;1.0;5.0;2.0;38.0;1462.0;69.0;1465.0;1616;1490.0
7423;180.0;BDD3CCDB;E154DB61;0.0;1.1;1.23;0.0;0.0;5.0;5.0;16.0;46.0;383.0;64.0;1465.0;1613;1490.0
7422;180.0;4D738014;E154DB61;0.0;0.95;1.06;0.0;0.0;4.0;10.0;4.0;10.0;1012.0;64.0;1465.0;1612;1490.0
7421;180.0;8FBCE973;E154DB61;0.0;0.7;0.78;0.0;0.0;3.0;10.0;17.0;4.0;1008.0;64.0;1465.0;1608;1490.0
7420;180.0;4866B344;E154DB61;0.0;0.87;0.98;0.0;0.0;2.0;10.0;5.0;19.0;1044.0;64.0;1465.0;1604;1490.0
7419;180.0;57AB904A;E154DB61;0.0;0.7;0.78;0.0;0.0;1.0;10.0;2.0;37.0;1017.0;64.0;1465.0;1616;1490.0
7418;180.0;0B41270A;E154DB61;0.0;1.03;1.15;0.0;0.0;10.0;10.0;16.0;45.0;0.0;64.0;1465.0;1635;1490.0
7417;180.0;18CD0678;E154DB61;0.0;0.98;1.1;0.0;0.0;9.0;10.0;4.0;9.0;590.0;64.0;1465.0;1614;1490.0
7416;180.0;0D342150;E154DB61;0.0;0.7;0.79;0.0;0.0;8.0;10.0;17.0;3.0;584.0;64.0;1465.0;1614;1490.0
7415;180.0;2296E050;E154DB61;0.0;0.73;0.82;0.0;0.0;7.0;10.0;2.0;36.0;708.0;64.0;1465.0;1621;1490.0
7414;180.0;4A8E0537;E154DB61;0.0;0.87;0.97;0.0;0.0;6.0;10.0;5.0;18.0;563.0;64.0;1465.0;1611;1490.0
7413;180.0;B2783A8A;E154DB61;0.0;0.73;0.82;0.0;0.0;5.0;10.0;4.0;8.0;336.0;64.0;1465.0;1611;1490.0
7412;180.0;60854CFB;E154DB61;0.0;0.79;0.89;0.0;0.0;4.0;10.0;17.0;2.0;333.0;64.0;1465.0;1631;1490.0
7411;180.0;C17F2DB0;E154DB61;0.0;0.91;1.02;0.0;0.0;3.0;10.0;2.0;35.0;430.0;64.0;1465.0;1610;1490.0
7410;180.0;3C3A5365;E154DB61;0.0;0.78;0.87;0.0;0.0;2.0;10.0;5.0;17.0;236.0;64.0;1465.0;1608;1490.0
7409;180.0;7EAA0046;E154DB61;0.0;1.06;1.18;0.0;0.0;1.0;10.0;4.0;7.0;0.0;69.0;1465.0;1643;1490.0
7408;180.0;629F6A2E;E154DB61;0.0;1.01;1.13;0.0;0.0;3.0;4.0;17.0;1.0;0.0;64.0;1465.0;1639;1490.0
7406;180.0;A9011B4F;E154DB61;0.0;0.94;1.05;0.0;0.0;2.0;4.0;2.0;34.0;0.0;69.0;1465.0;1633;1490.0
7407;180.0;39E9E889;E154DB61;0.0;0.94;1.05;0.0;0.0;1.0;4.0;5.0;16.0;0.0;69.0;1465.0;1643;1490.0
7405;180.0;E37965F3;E154DB61;0.0;1.0;1.12;0.0;0.0;6.0;6.0;7.0;40.0;1148.0;64.0;1465.0;1613;1490.0
7404;180.0;B1F75A5D;E154DB61;0.0;1.09;1.22;0.0;0.0;5.0;10.0;5.0;15.0;4349.0;64.0;1465.0;1606;1490.0
7403;180.0;FE9E15CC;E154DB61;0.0;0.68;0.76;0.0;0.0;4.0;10.0;4.0;6.0;1489.0;64.0;1465.0;1611;1490.0
7402;180.0;8D7ACF41;E154DB61;0.0;1.04;1.16;0.0;0.0;3.0;10.0;16.0;44.0;3467.0;64.0;1465.0;1616;1490.0
7401;180.0;1FABAD71;E154DB61;0.0;0.87;0.98;0.0;0.0;2.0;10.0;2.0;33.0;3474.0;64.0;1465.0;1603;1490.0
7400;180.0;B1F75A5D;E154DB61;0.0;1.09;1.22;0.0;0.0;1.0;10.0;7.0;39.0;824.0;64.0;1465.0;1608;1490.0
7399;180.0;D5722D60;E154DB61;0.0;1.08;1.21;0.0;0.0;10.0;10.0;5.0;14.0;4022.0;64.0;1465.0;1610;1490.0
7398;180.0;2A3CF6E8;E154DB61;0.0;1.05;1.17;0.0;0.0;9.0;10.0;4.0;5.0;1149.0;64.0;1465.0;1603;1490.0
7397;180.0;84FAAF59;E154DB61;0.0;0.9;1.0;0.0;0.0;8.0;10.0;16.0;43.0;3153.0;64.0;1465.0;1605;1490.0
7396;180.0;99378966;E154DB61;0.0;1.01;1.13;0.0;0.0;7.0;10.0;2.0;32.0;3163.0;64.0;1465.0;1603;1490.0
7395;180.0;45187F18;E154DB61;0.0;0.96;1.08;0.0;0.0;6.0;10.0;7.0;38.0;517.0;64.0;1465.0;1603;1490.0
7394;180.0;6398A34A;E154DB61;0.0;0.87;0.98;0.0;0.0;5.0;10.0;5.0;13.0;3710.0;64.0;1465.0;1608;1490.0
7393;180.0;603B4630;E154DB61;0.0;1.0;1.11;0.0;0.0;4.0;10.0;4.0;4.0;845.0;64.0;1465.0;1610;1490.0
7392;180.0;DA634114;E154DB61;0.0;0.84;0.93;0.0;0.0;3.0;10.0;16.0;42.0;2854.0;64.0;1465.0;1608;1490.0
7391;180.0;6E115711;E154DB61;0.0;0.87;0.97;0.0;0.0;2.0;10.0;2.0;31.0;2863.0;64.0;1465.0;1604;1490.0
7390;180.0;04E7BC81;E154DB61;0.0;1.03;1.15;0.0;0.0;1.0;10.0;7.0;37.0;226.0;64.0;1465.0;1626;1490.0
7389;180.0;19817B0E;F788ADDC;0.01;0.33;0.34;0.0;0.0;7.0;7.0;5.0;12.0;3425.0;46.0;1482.0;1646;1522.0
7388;180.0;E7999B35;1FCFE9BD;0.02;0.2;0.22;0.01;0.02;6.0;7.0;4.0;3.0;562.0;46.0;1500.0;1667;1540.0
7387;180.0;EE056E63;F1291CB0;0.02;0.21;0.24;0.01;0.02;5.0;7.0;16.0;41.0;2569.0;55.0;1506.0;1666;1546.0
7386;180.0;5A889C89;F1291CB0;0.02;0.16;0.18;0.01;0.02;4.0;7.0;7.0;36.0;0.0;55.0;1506.0;1686;1546.0
7385;180.0;EF3368AD;F1291CB0;0.02;0.22;0.24;0.01;0.02;3.0;7.0;2.0;30.0;2527.0;55.0;1506.0;1673;1546.0
7384;180.0;7288A97A;F1291CB0;0.02;0.22;0.25;0.01;0.02;2.0;7.0;5.0;11.0;3129.0;55.0;1506.0;1671;1546.0
7383;180.0;81ABD071;F1291CB0;0.02;0.15;0.17;0.01;0.02;1.0;7.0;4.0;2.0;267.0;60.0;1506.0;1711;1546.0
7382;180.0;6C33229F;F1291CB0;0.02;0.22;0.24;0.01;0.02;5.0;5.0;16.0;40.0;2278.0;55.0;1506.0;1683;1546.0
7381;180.0;4AB7A2DE;F1291CB0;0.02;0.19;0.21;0.01;0.02;4.0;5.0;2.0;29.0;2299.0;55.0;1506.0;1675;1546.0
7380;180.0;7ACA4D49;F1291CB0;0.02;0.2;0.22;0.01;0.02;3.0;5.0;15.0;63.0;4912.0;51.0;1506.0;1665;1546.0
7379;180.0;C85C9721;F1291CB0;0.02;0.22;0.24;0.01;0.02;2.0;5.0;5.0;10.0;2862.0;51.0;1506.0;1659;1546.0
7378;180.0;2BBCCAD6;F1291CB0;0.02;0.23;0.25;0.01;0.02;1.0;5.0;4.0;1.0;0.0;60.0;1506.0;1732;1546.0
7377;180.0;9E03E800;D927D5F2;0.02;0.17;0.19;0.01;0.02;8.0;8.0;16.0;39.0;2011.0;46.0;1507.0;1673;1552.0
7376;180.0;D8D008C7;D927D5F2;0.02;0.13;0.15;0.01;0.02;7.0;8.0;2.0;28.0;2035.0;53.0;1507.0;1680;1552.0
7375;180.0;9E883375;D927D5F2;0.02;0.13;0.14;0.01;0.02;6.0;8.0;15.0;62.0;4638.0;46.0;1507.0;1664;1552.0
7374;180.0;76EB37E8;D927D5F2;0.02;0.16;0.18;0.01;0.02;5.0;8.0;5.0;9.0;2590.0;46.0;1507.0;1664;1552.0
7373;180.0;C9BA34A6;D927D5F2;0.02;0.18;0.21;0.01;0.02;4.0;8.0;16.0;38.0;1790.0;46.0;1507.0;1668;1552.0
7372;180.0;D5438A75;D927D5F2;0.03;0.19;0.22;0.01;0.03;3.0;8.0;2.0;27.0;1804.0;46.0;1507.0;1669;1552.0
7371;180.0;89F73A6D;D927D5F2;0.02;0.13;0.15;0.01;0.02;2.0;8.0;7.0;35.0;1952.0;46.0;1507.0;1674;1552.0
7370;180.0;65494765;D927D5F2;0.02;0.13;0.14;0.01;0.02;1.0;8.0;15.0;61.0;4345.0;46.0;1507.0;1679;1552.0
7369;180.0;FBE7FADB;56FFE5DC;0.02;0.16;0.18;0.01;0.01;4.0;4.0;16.0;37.0;1553.0;39.0;1507.0;1649;1532.0
7368;180.0;B988CD99;56FFE5DC;0.02;0.14;0.16;0.01;0.01;3.0;4.0;2.0;26.0;1577.0;39.0;1507.0;1650;1532.0
7367;180.0;CC2C0734;56FFE5DC;0.02;0.19;0.21;0.01;0.01;2.0;4.0;5.0;8.0;2198.0;39.0;1507.0;1646;1532.0
7366;180.0;310A7D84;56FFE5DC;0.03;0.2;0.23;0.02;0.01;1.0;4.0;7.0;34.0;1673.0;55.0;1507.0;1677;1532.0
7365;180.0;95897B35;D9882B65;0.01;0.4;0.44;0.0;0.02;8.0;8.0;15.0;60.0;4083.0;46.0;1490.0;1661;1535.0
7364;180.0;683AE954;2374C9B3;0.02;0.18;0.21;0.01;0.02;7.0;8.0;16.0;36.0;1293.0;46.0;1502.0;1670;1542.0
7363;180.0;8B490486;A410176C;0.02;0.16;0.2;0.01;0.01;6.0;8.0;2.0;25.0;1320.0;57.0;1502.0;1678;1547.0
7362;180.0;801348C6;A410176C;0.02;0.19;0.24;0.01;0.01;5.0;8.0;5.0;7.0;1940.0;57.0;1502.0;1679;1547.0
7361;180.0;62671B5C;A410176C;0.02;0.16;0.21;0.01;0.01;4.0;8.0;7.0;33.0;1413.0;57.0;1502.0;1678;1547.0
7360;180.0;030915FA;A410176C;0.02;0.15;0.2;0.01;0.01;3.0;8.0;15.0;59.0;3813.0;57.0;1502.0;1663;1547.0
7359;180.0;07F2064D;C696558F;0.02;0.22;0.24;0.0;0.02;2.0;8.0;16.0;35.0;1017.0;46.0;1505.0;1654;1535.0
7358;180.0;C6916306;C696558F;0.02;0.17;0.18;0.0;0.02;1.0;8.0;2.0;24.0;1039.0;46.0;1505.0;1665;1535.0
7357;180.0;1C50FBFD;5A195F30;0.0;0.42;0.44;0.0;0.03;8.0;8.0;5.0;6.0;1656.0;46.0;1487.0;1639;1527.0
7356;180.0;1ACC4461;5A195F30;0.0;0.35;0.37;0.0;0.02;7.0;8.0;7.0;32.0;1122.0;46.0;1487.0;1639;1527.0
7355;180.0;18E2543B;5A195F30;0.0;0.38;0.4;0.0;0.03;6.0;8.0;15.0;58.0;3530.0;46.0;1487.0;1647;1527.0
7354;180.0;D35D943C;A38FF5CA;0.02;0.18;0.23;0.01;0.01;5.0;8.0;16.0;34.0;736.0;46.0;1507.0;1663;1547.0
7353;180.0;A20ADCED;DD961E29;0.02;0.12;0.14;0.01;0.02;4.0;8.0;2.0;23.0;755.0;46.0;1507.0;1670;1552.0
7352;180.0;EAFA697A;60B76B26;0.02;0.2;0.24;0.01;0.02;3.0;8.0;5.0;5.0;1368.0;46.0;1504.0;1663;1544.0
7351;180.0;23391102;60B76B26;0.02;0.2;0.23;0.01;0.02;2.0;8.0;7.0;31.0;814.0;46.0;1504.0;1659;1544.0
7350;180.0;70BDFE86;60B76B26;0.02;0.22;0.25;0.01;0.02;1.0;8.0;15.0;57.0;3082.0;46.0;1504.0;1677;1544.0
7349;180.0;656049E3;56FFE5DC;0.03;0.21;0.23;0.02;0.01;4.0;4.0;16.0;33.0;288.0;39.0;1507.0;1672;1532.0
7348;180.0;9C22008B;56FFE5DC;0.02;0.19;0.21;0.01;0.01;3.0;4.0;2.0;22.0;310.0;39.0;1507.0;1647;1532.0
7347;180.0;77EF0B06;56FFE5DC;0.02;0.16;0.18;0.01;0.01;2.0;4.0;5.0;4.0;930.0;39.0;1507.0;1651;1532.0
7346;180.0;5DFEC78C;56FFE5DC;0.02;0.16;0.18;0.01;0.01;1.0;4.0;7.0;30.0;394.0;55.0;1507.0;1673;1532.0
7345;180.0;DF4823D7;0731C1FB;0.0;0.88;0.95;0.01;0.0;6.0;6.0;15.0;56.0;2802.0;62.0;1462.0;1615;1488.0
7344;180.0;C3201829;0731C1FB;0.0;0.87;0.94;0.01;0.0;5.0;6.0;16.0;32.0;0.0;62.0;1462.0;1630;1488.0
7343;180.0;819C75FE;0731C1FB;0.0;1.1;1.18;0.01;0.0;4.0;6.0;2.0;21.0;0.0;62.0;1462.0;1634;1488.0
7342;180.0;8A69DE87;0731C1FB;0.0;0.84;0.9;0.01;0.0;3.0;6.0;5.0;3.0;614.0;62.0;1462.0;1624;1488.0
7341;180.0;17890C45;0731C1FB;0.0;1.01;1.09;0.01;0.0;2.0;6.0;15.0;55.0;2539.0;62.0;1462.0;1616;1488.0
7340;180.0;33220A93;027DF228;0.0;1.19;1.26;0.0;0.0;1.0;6.0;7.0;29.0;0.0;62.0;1463.0;1642;1489.0
7339;180.0;7930A68D;493EAF60;0.01;0.33;0.34;0.0;0.01;7.0;7.0;8.0;63.0;2068.0;41.0;1486.0;1642;1521.0
7338;180.0;B032D660;67470249;0.01;0.34;0.38;0.0;0.02;6.0;7.0;5.0;2.0;280.0;51.0;1486.0;1660;1526.0
7337;180.0;001BF88E;67470249;0.01;0.45;0.51;0.0;0.02;5.0;7.0;16.0;31.0;2166.0;51.0;1486.0;1650;1526.0
7336;180.0;109AC189;67470249;0.01;0.36;0.41;0.0;0.02;4.0;7.0;2.0;20.0;2221.0;51.0;1486.0;1652;1526.0
7335;180.0;89AE2004;67470249;0.01;0.43;0.49;0.0;0.02;3.0;7.0;15.0;54.0;2109.0;51.0;1486.0;1654;1526.0
7334;180.0;7C4B9809;249A7E68;0.02;0.53;0.56;0.0;0.03;2.0;7.0;8.0;62.0;1784.0;46.0;1484.0;1638;1519.0
7333;180.0;0B6B46E8;249A7E68;0.02;0.46;0.49;0.0;0.02;1.0;7.0;5.0;1.0;0.0;55.0;1484.0;1677;1519.0
7332;180.0;2A0C3A95;44661CD0;0.02;0.23;0.26;0.01;0.02;6.0;6.0;16.0;30.0;1889.0;46.0;1506.0;1667;1546.0
7331;180.0;2EA2B8AF;44661CD0;0.02;0.18;0.2;0.01;0.02;5.0;6.0;2.0;19.0;1949.0;46.0;1506.0;1666;1546.0
7330;180.0;C9FE9167;44661CD0;0.02;0.18;0.2;0.01;0.02;4.0;6.0;7.0;28.0;1975.0;46.0;1506.0;1658;1546.0
7329;180.0;7EBD4845;44661CD0;0.02;0.18;0.21;0.01;0.02;3.0;6.0;15.0;53.0;1783.0;46.0;1506.0;1659;1546.0
7328;180.0;12614D67;44661CD0;0.02;0.16;0.19;0.01;0.02;2.0;6.0;8.0;61.0;1450.0;46.0;1506.0;1665;1546.0
7327;180.0;C137A11E;35C7C29B;0.02;0.29;0.31;0.01;0.0;1.0;6.0;16.0;29.0;1608.0;69.0;1501.0;1702;1551.0
7326;180.0;6F525853;93142261;0.02;0.19;0.22;0.01;0.01;7.0;7.0;2.0;18.0;1660.0;46.0;1501.0;1653;1536.0
7325;180.0;64A149A2;4AC24E4B;0.02;0.2;0.22;0.01;0.01;6.0;7.0;7.0;27.0;1673.0;51.0;1501.0;1662;1546.0
7324;180.0;E9043640;6466E4EB;0.03;0.21;0.25;0.01;0.02;5.0;7.0;15.0;52.0;1477.0;46.0;1505.0;1663;1545.0
7323;180.0;CAFE9C33;D6BA9D02;0.02;0.45;0.47;0.0;0.02;4.0;7.0;8.0;60.0;1148.0;46.0;1481.0;1651;1526.0
7322;180.0;001BF88E;2BA96869;0.01;0.47;0.51;0.0;0.02;3.0;7.0;16.0;28.0;1314.0;46.0;1486.0;1655;1526.0
7321;180.0;4CE67870;2BA96869;0.01;0.33;0.36;0.0;0.02;2.0;7.0;2.0;17.0;1374.0;46.0;1486.0;1653;1526.0
7320;180.0;C9D17A55;2BA96869;0.01;0.43;0.47;0.0;0.02;1.0;7.0;7.0;26.0;1399.0;55.0;1486.0;1656;1526.0
7319;180.0;167E4357;5671F44D;0.02;0.55;0.58;0.0;0.01;9.0;9.0;15.0;51.0;1202.0;46.0;1486.0;1664;1536.0
7318;180.0;E3D8F05A;5671F44D;0.01;0.51;0.54;0.0;0.01;8.0;9.0;8.0;59.0;872.0;46.0;1486.0;1647;1536.0
7317;180.0;91F7DE11;5671F44D;0.01;0.46;0.49;0.0;0.01;7.0;9.0;16.0;27.0;1035.0;46.0;1486.0;1650;1536.0
7316;180.0;6C33229F;5671F44D;0.02;0.62;0.65;0.0;0.01;6.0;9.0;2.0;16.0;1080.0;46.0;1486.0;1647;1536.0
7315;180.0;E7061F9A;5671F44D;0.02;0.6;0.64;0.0;0.01;5.0;9.0;7.0;25.0;1104.0;46.0;1486.0;1650;1536.0
7314;180.0;92E5DC30;5671F44D;0.01;0.49;0.51;0.0;0.01;4.0;9.0;15.0;50.0;904.0;46.0;1486.0;1650;1536.0
7313;180.0;3CB6F496;F54A26DB;0.02;0.55;0.59;0.0;0.0;3.0;9.0;8.0;58.0;571.0;46.0;1488.0;1657;1533.0
7312;180.0;4FF1DAC8;703CB22C;0.02;0.64;0.67;0.0;0.02;2.0;9.0;2.0;15.0;844.0;46.0;1486.0;1653;1536.0
7311;180.0;FC8C23B4;703CB22C;0.03;0.69;0.71;0.0;0.03;1.0;9.0;7.0;24.0;866.0;46.0;1486.0;1667;1536.0
7310;180.0;ABB4566C;656E5837;0.02;0.47;0.52;0.0;0.02;3.0;3.0;16.0;26.0;625.0;46.0;1486.0;1648;1531.0
7309;180.0;114DD766;D6C5A3D0;0.02;0.18;0.2;0.0;0.02;2.0;3.0;15.0;49.0;618.0;46.0;1501.0;1659;1546.0
7308;180.0;D9650DC1;2BA10684;0.01;0.22;0.26;0.0;0.0;1.0;3.0;8.0;57.0;294.0;46.0;1505.0;1676;1545.0
7307;180.0;3DF9D25E;CC996FCB;0.02;0.17;0.2;0.0;0.0;6.0;6.0;2.0;14.0;569.0;48.0;1510.0;1656;1550.0
7306;180.0;EBB1D1B6;CC996FCB;0.02;0.15;0.18;0.0;0.0;5.0;6.0;7.0;23.0;587.0;48.0;1510.0;1663;1550.0
7305;180.0;73C94768;FA84F82E;0.01;0.06;0.09;0.0;0.0;4.0;6.0;16.0;25.0;331.0;46.0;1527.0;1678;1572.0
7304;180.0;98D3A41E;BDB26FB7;0.03;0.34;0.37;0.01;0.03;3.0;6.0;15.0;48.0;327.0;51.0;1500.0;1666;1540.0
7303;180.0;A67D3DDF;DFB6F1D3;0.01;0.3;0.32;0.0;0.0;2.0;6.0;8.0;56.0;0.0;51.0;1485.0;1671;1525.0
7302;180.0;69916D45;DFB6F1D3;0.01;0.35;0.37;0.0;0.0;1.0;6.0;2.0;13.0;235.0;55.0;1485.0;1663;1525.0
7301;180.0;3C4600E1;BE0EA08D;0.02;0.2;0.22;0.0;0.02;5.0;8.0;7.0;22.0;251.0;46.0;1497.0;1647;1537.0
7300;180.0;AC895E09;48A7AB1A;0.01;0.47;0.49;0.0;0.03;4.0;8.0;16.0;24.0;0.0;46.0;1486.0;1662;1526.0
7299;180.0;91F7DE11;7AFEE53C;0.01;0.28;0.31;0.0;0.0;3.0;8.0;15.0;47.0;0.0;39.0;1488.0;1657;1528.0
7298;180.0;C2D5A525;7AFEE53C;0.01;0.32;0.35;0.0;0.0;2.0;8.0;2.0;12.0;0.0;39.0;1488.0;1654;1528.0
7297;180.0;38439490;7AFEE53C;0.01;0.34;0.37;0.0;0.0;1.0;8.0;7.0;21.0;0.0;46.0;1488.0;1680;1528.0
7296;90.0;30863797;BFEB6EA0;0.03;0.51;0.58;0.0;0.03;5.0;5.0;8.0;55.0;2692.0;34.0;1483.0;1640;1538.0
7295;90.0;7EC896E3;BFEB6EA0;0.02;0.41;0.46;0.0;0.02;4.0;5.0;2.0;11.0;3209.0;34.0;1483.0;1640;1538.0
7294;90.0;5386EA7C;BFEB6EA0;0.02;0.45;0.51;0.0;0.02;3.0;6.0;15.0;46.0;7570.0;34.0;1483.0;1636;1538.0
7293;90.0;7D4507BC;BFEB6EA0;0.02;0.47;0.53;0.0;0.02;2.0;6.0;16.0;23.0;6884.0;34.0;1483.0;1639;1538.0
7292;90.0;556B5DD3;BFEB6EA0;0.02;0.4;0.45;0.0;0.02;1.0;6.0;8.0;54.0;2440.0;34.0;1483.0;1661;1538.0
7291;90.0;578DB5BF;76884E9D;0.0;0.68;0.72;0.01;0.06;5.0;5.0;7.0;20.0;2853.0;34.0;1474.0;1617;1509.0
7290;90.0;F610D49F;B5D5B9CA;0.01;0.49;0.55;0.0;0.02;4.0;5.0;2.0;10.0;2921.0;34.0;1480.0;1623;1525.0
7289;90.0;959E0E4E;CC996FCB;0.02;0.18;0.2;0.0;0.0;3.0;5.0;15.0;45.0;7285.0;34.0;1510.0;1662;1555.0
7288;90.0;D936E384;74291B2A;0.0;0.44;0.48;0.0;0.01;2.0;5.0;16.0;22.0;6612.0;34.0;1480.0;1621;1525.0
7287;90.0;8FD22AB6;74291B2A;0.01;0.56;0.61;0.0;0.02;1.0;5.0;8.0;53.0;2164.0;34.0;1480.0;1644;1525.0
7286;90.0;7BB72CED;9970B431;0.0;0.42;0.51;0.01;0.09;5.0;5.0;7.0;19.0;2573.0;18.0;1480.0;1640;1530.0
7285;90.0;DB69E1C7;9970B431;0.0;0.43;0.53;0.01;0.09;4.0;5.0;2.0;9.0;2638.0;34.0;1480.0;1633;1530.0
7284;90.0;F468F64B;9970B431;0.0;0.43;0.53;0.01;0.09;3.0;5.0;15.0;44.0;6996.0;34.0;1480.0;1641;1530.0
7283;90.0;F51B47CE;9970B431;0.0;0.36;0.44;0.01;0.08;2.0;5.0;16.0;21.0;6333.0;34.0;1480.0;1638;1530.0
7282;90.0;4DA3DE1B;9970B431;0.0;0.35;0.43;0.01;0.08;1.0;5.0;8.0;52.0;1887.0;34.0;1480.0;1649;1530.0
7281;90.0;7C2ED23D;E9D2B793;0.0;0.35;0.39;0.01;0.08;6.0;6.0;7.0;18.0;2291.0;18.0;1480.0;1633;1530.0
7280;90.0;73B04AA3;E9D2B793;0.0;0.32;0.36;0.01;0.07;5.0;6.0;2.0;8.0;2313.0;18.0;1480.0;1630;1530.0
7279;90.0;21BC0A95;E9D2B793;0.0;0.39;0.43;0.01;0.08;4.0;6.0;15.0;43.0;6669.0;18.0;1480.0;1626;1530.0
7278;90.0;E1AEBAC4;E9D2B793;0.0;0.41;0.46;0.01;0.09;3.0;6.0;16.0;20.0;5991.0;18.0;1480.0;1630;1530.0
7277;90.0;E6D504EA;E9D2B793;0.0;0.3;0.34;0.01;0.07;2.0;6.0;8.0;51.0;1534.0;18.0;1480.0;1630;1530.0
7276;90.0;41DFC245;E9D2B793;0.0;0.37;0.41;0.01;0.08;1.0;6.0;7.0;17.0;1935.0;18.0;1480.0;1642;1530.0
7275;90.0;3678BFFE;E9D2B793;0.0;0.38;0.42;0.01;0.08;6.0;6.0;2.0;7.0;1998.0;18.0;1480.0;1633;1530.0
7274;90.0;B0BD83FA;E9D2B793;0.0;0.32;0.35;0.01;0.07;5.0;6.0;15.0;42.0;6351.0;34.0;1480.0;1640;1530.0
7273;90.0;A39FF28C;E9D2B793;0.0;0.32;0.36;0.01;0.07;4.0;6.0;16.0;19.0;5686.0;34.0;1480.0;1641;1530.0
7272;90.0;EC333BEB;E9D2B793;0.0;0.48;0.53;0.01;0.1;3.0;6.0;8.0;50.0;1233.0;34.0;1480.0;1640;1530.0
7271;90.0;56926455;E9D2B793;0.0;0.4;0.44;0.01;0.09;2.0;6.0;7.0;16.0;1633.0;34.0;1480.0;1627;1530.0
7270;90.0;99E28682;E9D2B793;0.0;0.48;0.53;0.01;0.1;1.0;6.0;2.0;6.0;1692.0;34.0;1480.0;1675;1530.0
7269;90.0;5AAC33E8;7BF6FBDF;0.02;0.54;0.58;0.0;0.01;5.0;5.0;15.0;41.0;6050.0;34.0;1482.0;1669;1537.0
7268;90.0;98E0AE1E;7BF6FBDF;0.01;0.44;0.47;0.0;0.01;4.0;5.0;16.0;18.0;5383.0;34.0;1482.0;1645;1537.0
7267;90.0;67A28CED;7BF6FBDF;0.02;0.49;0.53;0.0;0.01;3.0;5.0;8.0;49.0;932.0;34.0;1482.0;1641;1537.0
7266;90.0;99C6E1F9;7BF6FBDF;0.02;0.48;0.51;0.0;0.01;2.0;5.0;7.0;15.0;1327.0;34.0;1482.0;1643;1537.0
7265;90.0;695769F8;7BF6FBDF;0.01;0.37;0.4;0.0;0.01;1.0;5.0;2.0;5.0;1394.0;34.0;1482.0;1659;1537.0
7264;90.0;6E115711;656E5837;0.02;0.39;0.43;0.0;0.02;6.0;6.0;15.0;40.0;5761.0;18.0;1486.0;1627;1531.0
7263;90.0;C3314BE6;4AC24E4B;0.02;0.18;0.2;0.01;0.01;5.0;6.0;16.0;17.0;5098.0;34.0;1501.0;1648;1541.0
7262;90.0;57AED836;6466E4EB;0.02;0.17;0.2;0.01;0.01;4.0;6.0;8.0;48.0;645.0;34.0;1505.0;1655;1550.0
7261;90.0;C82C7D1E;6466E4EB;0.02;0.18;0.22;0.01;0.01;3.0;6.0;7.0;14.0;1056.0;34.0;1505.0;1649;1550.0
7260;90.0;8FCBE811;D6BA9D02;0.02;0.49;0.51;0.0;0.02;2.0;6.0;2.0;4.0;1105.0;41.0;1481.0;1639;1526.0
7259;90.0;2679302B;4C9F89E7;0.02;0.14;0.16;0.01;0.02;1.0;6.0;15.0;39.0;5467.0;34.0;1512.0;1688;1557.0
7258;90.0;5542350D;59D14704;0.02;0.53;0.57;0.0;0.01;6.0;6.0;16.0;16.0;4799.0;34.0;1487.0;1647;1537.0
7257;90.0;7AEB94A8;59D14704;0.02;0.64;0.69;0.0;0.01;5.0;6.0;8.0;47.0;353.0;34.0;1487.0;1644;1537.0
7256;90.0;9E2D2E8E;59D14704;0.01;0.46;0.5;0.0;0.01;4.0;6.0;7.0;13.0;755.0;34.0;1487.0;1640;1537.0
7255;90.0;50E225EB;59D14704;0.02;0.66;0.71;0.0;0.01;3.0;6.0;2.0;3.0;802.0;34.0;1487.0;1654;1537.0
7254;90.0;A0ADAFD5;59D14704;0.02;0.66;0.71;0.0;0.01;2.0;6.0;15.0;38.0;5111.0;34.0;1487.0;1640;1537.0
7253;90.0;411A8711;59D14704;0.01;0.46;0.5;0.0;0.01;1.0;6.0;16.0;15.0;4449.0;44.0;1487.0;1654;1537.0
7252;90.0;726B2B97;22C5A4BE;0.02;0.13;0.16;0.01;0.0;5.0;5.0;8.0;46.0;0.0;18.0;1511.0;1670;1552.0
7251;90.0;B26FB4A3;17D537B5;0.02;0.14;0.16;0.01;0.02;4.0;5.0;7.0;12.0;396.0;34.0;1509.0;1669;1554.0
7250;90.0;DDFCC966;D927D5F2;0.02;0.15;0.17;0.01;0.02;3.0;5.0;2.0;2.0;455.0;32.0;1507.0;1692;1551.0
7249;90.0;BF919951;D927D5F2;0.03;0.19;0.22;0.01;0.03;2.0;5.0;15.0;37.0;4595.0;32.0;1507.0;1656;1551.0
7248;90.0;2A0C3A95;7D015357;0.02;0.19;0.21;0.01;0.01;4.0;8.0;7.0;11.0;0.0;46.0;1506.0;1712;1551.0
7247;90.0;55710A28;7D015357;0.02;0.13;0.15;0.01;0.01;3.0;8.0;16.0;15.0;4603.0;46.0;1506.0;1683;1551.0
7246;90.0;6DD250BD;7D015357;0.02;0.14;0.15;0.01;0.01;2.0;8.0;2.0;1.0;0.0;46.0;1506.0;1684;1551.0
7245;90.0;996CDD8F;7D015357;0.02;0.2;0.22;0.01;0.01;1.0;8.0;8.0;44.0;3225.0;53.0;1506.0;1693;1551.0
7244;90.0;280CC98A;4D27ECED;0.02;0.16;0.18;0.01;0.0;2.0;3.0;15.0;36.0;4238.0;34.0;1502.0;1652;1547.0
7243;90.0;E0C15374;71A937D5;0.01;0.33;0.37;0.0;0.02;1.0;3.0;1.0;58.0;4234.0;34.0;1487.0;1667;1542.0
7242;180.0;0CF7DF7C;07025389;0.02;0.32;0.35;0.01;0.02;4.0;4.0;16.0;14.0;4179.0;46.0;1497.0;1652;1537.0
7241;180.0;E3D8F05A;07025389;0.02;0.27;0.3;0.01;0.01;3.0;4.0;8.0;43.0;2910.0;46.0;1497.0;1653;1537.0
7240;180.0;0CC0A128;07025389;0.01;0.23;0.25;0.01;0.01;2.0;4.0;7.0;10.0;2923.0;46.0;1497.0;1640;1537.0
7239;180.0;3B7FAEAE;07025389;0.02;0.31;0.34;0.01;0.02;1.0;4.0;15.0;35.0;3825.0;46.0;1497.0;1666;1537.0
7238;180.0;65BCF3E5;07025389;0.02;0.33;0.37;0.01;0.02;2.0;6.0;1.0;57.0;3830.0;46.0;1497.0;1664;1537.0
7237;180.0;A983996B;07025389;0.02;0.34;0.38;0.01;0.02;1.0;6.0;16.0;13.0;3818.0;46.0;1497.0;1663;1537.0
7236;180.0;024F5E29;163D1351;0.02;0.18;0.2;0.0;0.02;2.0;2.0;8.0;42.0;2557.0;51.0;1503.0;1674;1548.0
7235;180.0;77BF99A5;163D1351;0.02;0.24;0.27;0.0;0.02;1.0;2.0;7.0;9.0;2574.0;55.0;1503.0;1684;1548.0
7234;180.0;5ADA76B1;163D1351;0.02;0.24;0.26;0.0;0.02;5.0;7.0;15.0;34.0;3511.0;51.0;1503.0;1654;1548.0
7233;180.0;575F2849;163D1351;0.02;0.19;0.21;0.0;0.02;4.0;7.0;1.0;56.0;3506.0;51.0;1503.0;1671;1548.0
7232;180.0;A52674CC;DFBF368A;0.01;0.4;0.46;0.0;0.0;3.0;7.0;16.0;12.0;3503.0;57.0;1485.0;1651;1525.0
7231;180.0;6B2BFE08;DFBF368A;0.01;0.44;0.5;0.0;0.0;2.0;7.0;8.0;41.0;2227.0;57.0;1485.0;1653;1525.0
7230;180.0;F59AC05F;DFBF368A;0.01;0.41;0.46;0.0;0.0;1.0;7.0;7.0;8.0;2239.0;57.0;1485.0;1663;1525.0
7229;180.0;F97853B4;946866EE;0.02;0.2;0.25;0.01;0.02;3.0;3.0;15.0;33.0;3179.0;46.0;1501.0;1652;1536.0
7228;180.0;75173284;1169CAE4;0.02;0.24;0.28;0.0;0.03;2.0;3.0;1.0;55.0;3094.0;46.0;1502.0;1670;1552.0
7227;180.0;5CA00342;1169CAE4;0.02;0.18;0.2;0.0;0.02;3.0;5.0;16.0;11.0;3092.0;46.0;1502.0;1672;1552.0
7226;180.0;AB06A912;1169CAE4;0.02;0.23;0.27;0.0;0.03;2.0;5.0;8.0;40.0;1832.0;46.0;1502.0;1669;1552.0
7225;180.0;0C9D1326;96956A01;0.02;0.18;0.2;0.01;0.02;1.0;5.0;7.0;7.0;1845.0;46.0;1500.0;1672;1540.0
7224;180.0;57AE6952;E294A4B5;0.0;0.08;0.12;0.0;0.33;2.0;2.0;15.0;32.0;2785.0;0.0;1509.0;1633;1549.0
7223;180.0;808CFF28;E294A4B5;0.0;0.06;0.09;0.0;0.24;1.0;2.0;1.0;54.0;2767.0;0.0;1509.0;1648;1549.0
7222;180.0;CBA631D1;E9D2B793;0.0;0.34;0.38;0.01;0.07;6.0;6.0;16.0;10.0;2756.0;25.0;1480.0;1634;1525.0
7221;180.0;2488F24A;E9D2B793;0.0;0.43;0.47;0.01;0.09;5.0;6.0;8.0;39.0;1500.0;25.0;1480.0;1634;1525.0
7220;180.0;CC31B8F1;E9D2B793;0.0;0.31;0.34;0.01;0.07;4.0;6.0;7.0;6.0;1513.0;25.0;1480.0;1623;1525.0
7219;180.0;D14EF008;E9D2B793;0.0;0.36;0.4;0.01;0.08;3.0;6.0;15.0;31.0;2474.0;25.0;1480.0;1618;1525.0
7218;180.0;D5402C0B;E9D2B793;0.0;0.36;0.39;0.01;0.08;2.0;6.0;1.0;53.0;2472.0;25.0;1480.0;1634;1525.0
7217;180.0;342BB038;E9D2B793;0.0;0.47;0.52;0.01;0.1;1.0;6.0;16.0;9.0;2473.0;25.0;1480.0;1644;1525.0
7216;180.0;7ACA4D49;87C78AB7;0.01;0.46;0.53;0.0;0.0;7.0;7.0;8.0;38.0;1215.0;32.0;1480.0;1630;1525.0
7215;180.0;7E3E862D;87C78AB7;0.0;0.38;0.45;0.0;0.0;6.0;7.0;7.0;5.0;1220.0;32.0;1480.0;1623;1525.0
7214;180.0;9C97A0FA;87C78AB7;0.01;0.52;0.6;0.0;0.0;5.0;7.0;15.0;30.0;2158.0;46.0;1480.0;1632;1525.0
7213;180.0;D5208814;87C78AB7;0.01;0.53;0.62;0.0;0.0;4.0;7.0;1.0;52.0;2156.0;46.0;1480.0;1631;1525.0
7212;180.0;4983EA1F;263123F2;0.01;0.54;0.56;0.0;0.02;3.0;7.0;16.0;8.0;2155.0;46.0;1480.0;1652;1525.0
7211;180.0;8903C153;5C6E672A;0.02;0.44;0.47;0.0;0.02;2.0;7.0;8.0;37.0;899.0;46.0;1483.0;1646;1518.0
7210;180.0;706E992B;B1EBA22B;0.01;0.55;0.58;0.0;0.02;1.0;7.0;7.0;4.0;916.0;46.0;1480.0;1666;1525.0
7209;180.0;E5604AE7;5671F44D;0.01;0.49;0.52;0.0;0.01;8.0;8.0;15.0;29.0;1869.0;46.0;1486.0;1652;1536.0
7208;180.0;89795FD5;5671F44D;0.02;0.64;0.67;0.0;0.01;7.0;8.0;1.0;51.0;1872.0;46.0;1486.0;1651;1536.0
7207;180.0;E1EF9C49;5671F44D;0.01;0.53;0.56;0.0;0.01;6.0;8.0;16.0;7.0;1871.0;46.0;1486.0;1649;1536.0
7206;180.0;CC1679F3;5671F44D;0.01;0.52;0.55;0.0;0.01;5.0;8.0;8.0;36.0;611.0;46.0;1486.0;1657;1536.0
7205;180.0;6E0A857B;5671F44D;0.02;0.67;0.71;0.0;0.01;4.0;8.0;7.0;3.0;625.0;46.0;1486.0;1660;1536.0
7204;180.0;E0679E6E;6657D710;0.01;0.39;0.46;0.0;0.0;3.0;8.0;15.0;28.0;1577.0;46.0;1493.0;1663;1543.0
7203;180.0;2D1E3AFA;84F4F88C;0.02;0.1;0.13;0.0;0.0;2.0;8.0;1.0;50.0;1568.0;46.0;1522.0;1666;1557.0
7202;180.0;46296177;8288B1F6;0.01;0.29;0.31;0.0;0.01;1.0;8.0;16.0;6.0;1568.0;46.0;1490.0;1652;1535.0
7201;180.0;04C80F56;53C00FD5;0.01;0.46;0.49;0.0;0.02;7.0;7.0;8.0;35.0;304.0;46.0;1483.0;1643;1523.0
7200;180.0;B95BED2B;43608E5D;0.0;0.45;0.46;0.0;0.05;6.0;7.0;7.0;2.0;321.0;46.0;1485.0;1685;1545.0
7199;180.0;3898CA0C;332091CC;0.01;0.43;0.48;0.01;0.0;5.0;7.0;15.0;27.0;1279.0;46.0;1486.0;1628;1516.0
7198;180.0;1F5DAEBD;332091CC;0.01;0.48;0.54;0.01;0.0;4.0;7.0;1.0;49.0;1285.0;46.0;1486.0;1626;1516.0
7197;180.0;F2D2D81F;332091CC;0.01;0.45;0.5;0.01;0.0;3.0;7.0;16.0;5.0;1280.0;46.0;1486.0;1630;1516.0
7196;180.0;54568BCB;332091CC;0.01;0.45;0.5;0.01;0.0;2.0;7.0;8.0;34.0;0.0;46.0;1486.0;1657;1516.0
7195;180.0;E8B41767;2A8BED63;0.02;0.44;0.46;0.0;0.0;1.0;7.0;7.0;1.0;0.0;46.0;1488.0;1686;1528.0
7194;180.0;C8D9C9BB;281A1554;0.0;0.51;0.53;0.01;0.0;3.0;3.0;15.0;26.0;732.0;57.0;1486.0;1704;1541.0
7193;180.0;0A7B7C37;281A1554;0.01;0.7;0.72;0.01;0.0;2.0;3.0;1.0;48.0;718.0;57.0;1486.0;1690;1541.0
7192;180.0;D0EFF09B;281A1554;0.01;0.57;0.59;0.01;0.0;1.0;3.0;16.0;4.0;717.0;57.0;1486.0;1701;1541.0
7191;180.0;DC0135E0;8C69B089;0.01;0.45;0.48;0.0;0.0;3.0;3.0;8.0;33.0;731.0;46.0;1483.0;1660;1528.0
7190;180.0;303993DE;8C69B089;0.01;0.42;0.44;0.0;0.0;2.0;3.0;15.0;25.0;466.0;46.0;1483.0;1649;1528.0
7189;180.0;F8AE346A;8C69B089;0.01;0.46;0.49;0.0;0.0;1.0;3.0;1.0;47.0;473.0;46.0;1483.0;1659;1528.0
7188;180.0;845F2271;76884E9D;0.0;0.73;0.77;0.01;0.06;8.0;8.0;16.0;3.0;474.0;46.0;1474.0;1621;1499.0
7187;180.0;5F898CBE;703CB22C;0.02;0.55;0.57;0.0;0.02;7.0;8.0;8.0;32.0;491.0;46.0;1486.0;1648;1536.0
7186;180.0;A9E7FAEB;703CB22C;0.02;0.55;0.57;0.0;0.02;6.0;8.0;15.0;24.0;234.0;46.0;1486.0;1644;1536.0
7185;180.0;9D750595;3BA0D398;0.0;0.5;0.53;0.0;0.04;5.0;8.0;1.0;46.0;241.0;46.0;1488.0;1641;1528.0
7184;180.0;F1FB60AA;3BA0D398;0.0;0.35;0.38;0.0;0.03;4.0;8.0;16.0;2.0;243.0;46.0;1488.0;1652;1528.0
7183;180.0;D937DE13;3BA0D398;0.0;0.33;0.36;0.0;0.03;3.0;8.0;8.0;31.0;253.0;46.0;1488.0;1642;1528.0
7182;180.0;256FC629;3BA0D398;0.0;0.34;0.37;0.0;0.03;2.0;8.0;15.0;23.0;0.0;46.0;1488.0;1665;1528.0
7181;180.0;36C42F5C;3BA0D398;0.0;0.35;0.38;0.0;0.03;1.0;8.0;1.0;45.0;0.0;46.0;1488.0;1676;1528.0
7180;180.0;BE418574;46F56B8C;0.01;0.38;0.41;0.01;0.03;2.0;2.0;16.0;1.0;0.0;44.0;1480.0;1676;1525.0
7179;180.0;99DD63A3;46F56B8C;0.01;0.43;0.46;0.01;0.03;1.0;2.0;8.0;30.0;0.0;57.0;1480.0;1690;1525.0
7178;180.0;706E992B;46F56B8C;0.01;0.45;0.49;0.01;0.04;5.0;5.0;15.0;22.0;6448.0;39.0;1480.0;1628;1525.0
7177;180.0;6BD75B77;46F56B8C;0.0;0.3;0.33;0.01;0.02;4.0;5.0;6.0;58.0;1910.0;39.0;1480.0;1626;1525.0
7176;180.0;9C2B6A0F;46F56B8C;0.01;0.46;0.5;0.01;0.04;3.0;5.0;4.0;52.0;7077.0;39.0;1480.0;1631;1525.0
7175;180.0;CA75B483;833CB975;0.02;0.34;0.36;0.0;0.02;2.0;7.0;1.0;44.0;5828.0;46.0;1490.0;1646;1535.0
7174;180.0;852C8C24;5E203A14;0.01;0.45;0.47;0.0;0.01;1.0;7.0;15.0;21.0;6187.0;46.0;1486.0;1648;1526.0
7173;180.0;E39766AF;D249F467;0.02;0.21;0.25;0.01;0.02;2.0;3.0;8.0;29.0;7634.0;46.0;1504.0;1665;1549.0
7172;180.0;743D4742;D249F467;0.02;0.19;0.23;0.01;0.01;6.0;7.0;4.0;51.0;6795.0;46.0;1504.0;1662;1549.0
7171;180.0;7965FC99;6466E4EB;0.03;0.24;0.29;0.01;0.02;5.0;7.0;6.0;57.0;1511.0;46.0;1505.0;1658;1545.0
7170;180.0;C6A7A4B3;BDB26FB7;0.02;0.32;0.34;0.01;0.02;4.0;7.0;1.0;43.0;5506.0;51.0;1500.0;1665;1540.0
7169;180.0;1FF35394;BDB26FB7;0.02;0.24;0.26;0.01;0.02;3.0;7.0;15.0;20.0;5858.0;51.0;1500.0;1666;1540.0
7168;180.0;EFFFFCF8;BDB26FB7;0.02;0.25;0.26;0.01;0.02;2.0;7.0;8.0;28.0;7351.0;51.0;1500.0;1664;1540.0
7167;180.0;BD58718F;BDB26FB7;0.02;0.3;0.33;0.01;0.02;1.0;7.0;4.0;50.0;6484.0;51.0;1500.0;1678;1540.0
7166;180.0;3826FC83;E1B28665;0.01;0.4;0.44;0.0;0.01;8.0;8.0;6.0;56.0;1194.0;46.0;1492.0;1670;1547.0
7165;180.0;4ECDEBF0;E1B28665;0.01;0.44;0.48;0.0;0.01;7.0;8.0;1.0;42.0;5182.0;46.0;1492.0;1665;1547.0
7164;180.0;0DA811F7;E1B28665;0.0;0.29;0.31;0.0;0.01;6.0;8.0;15.0;19.0;5539.0;46.0;1492.0;1667;1547.0
7163;180.0;5CD9195F;E1B28665;0.01;0.39;0.42;0.0;0.01;5.0;8.0;8.0;27.0;7038.0;46.0;1492.0;1674;1547.0
7162;180.0;1FF35394;E1B28665;0.0;0.32;0.35;0.0;0.01;4.0;8.0;4.0;49.0;6196.0;46.0;1492.0;1667;1547.0
7161;180.0;2D88427F;E1B28665;0.0;0.34;0.37;0.0;0.01;3.0;8.0;6.0;55.0;906.0;46.0;1492.0;1678;1547.0
7160;180.0;7A8293D1;E1B28665;0.0;0.34;0.37;0.0;0.01;2.0;8.0;1.0;41.0;4882.0;46.0;1492.0;1666;1547.0
7159;180.0;6244DA14;E1B28665;0.0;0.29;0.32;0.0;0.01;1.0;8.0;15.0;18.0;5234.0;57.0;1492.0;1689;1547.0
7158;180.0;90E32A99;9C0993CD;0.02;0.47;0.51;0.0;0.02;6.0;6.0;8.0;26.0;6727.0;46.0;1480.0;1654;1515.0
7157;180.0;A5BE8516;9C0993CD;0.02;0.48;0.53;0.0;0.02;5.0;6.0;4.0;48.0;5881.0;46.0;1480.0;1633;1515.0
7156;180.0;C9D17A55;4942A653;0.01;0.65;0.71;0.0;0.02;4.0;6.0;6.0;54.0;595.0;46.0;1480.0;1638;1525.0
7155;180.0;E06792DA;7AFEE53C;0.01;0.37;0.4;0.0;0.0;3.0;6.0;1.0;40.0;4588.0;39.0;1488.0;1638;1528.0
7154;180.0;E54EA2AA;7AFEE53C;0.01;0.29;0.31;0.0;0.0;2.0;6.0;15.0;17.0;4944.0;39.0;1488.0;1631;1528.0
7153;180.0;F0294568;D2630227;0.02;0.33;0.38;0.01;0.0;1.0;6.0;8.0;25.0;6452.0;46.0;1493.0;1668;1533.0
7152;180.0;C76E0CA1;56FFE5DC;0.02;0.16;0.17;0.01;0.01;4.0;4.0;4.0;47.0;5614.0;39.0;1507.0;1642;1532.0
7151;180.0;112BA6F3;56FFE5DC;0.02;0.19;0.21;0.01;0.01;3.0;4.0;6.0;53.0;329.0;39.0;1507.0;1647;1532.0
7150;180.0;C0461741;56FFE5DC;0.02;0.16;0.18;0.01;0.01;2.0;4.0;1.0;39.0;4307.0;39.0;1507.0;1635;1532.0
7149;180.0;015B480C;56FFE5DC;0.02;0.18;0.2;0.01;0.01;1.0;4.0;15.0;16.0;4652.0;55.0;1507.0;1674;1532.0
7148;180.0;2A8504F8;D139AB57;0.01;0.52;0.55;0.0;0.0;7.0;7.0;8.0;24.0;6152.0;55.0;1481.0;1675;1526.0
7147;180.0;7930A68D;D139AB57;0.0;0.38;0.4;0.0;0.0;6.0;7.0;4.0;46.0;5292.0;55.0;1481.0;1667;1526.0
7146;180.0;7460D516;35C7C29B;0.02;0.33;0.35;0.01;0.0;5.0;7.0;6.0;52.0;0.0;69.0;1501.0;1732;1551.0
7145;180.0;520F7F67;35C7C29B;0.02;0.34;0.37;0.01;0.0;4.0;7.0;1.0;38.0;3986.0;69.0;1501.0;1707;1551.0
7144;180.0;F7761CD2;35C7C29B;0.02;0.32;0.35;0.01;0.0;3.0;7.0;15.0;15.0;4339.0;69.0;1501.0;1704;1551.0
7143;180.0;37A88ADA;35C7C29B;0.02;0.33;0.35;0.01;0.0;2.0;7.0;8.0;23.0;5841.0;69.0;1501.0;1701;1551.0
7142;180.0;52841253;423E5208;0.02;0.31;0.33;0.01;0.02;1.0;7.0;4.0;45.0;4988.0;46.0;1501.0;1681;1546.0
7141;180.0;951CC45B;4AC24E4B;0.02;0.18;0.2;0.01;0.01;7.0;7.0;15.0;14.0;4102.0;51.0;1501.0;1668;1546.0
7140;180.0;0C433220;4AC24E4B;0.02;0.21;0.23;0.01;0.01;6.0;7.0;8.0;22.0;5608.0;51.0;1501.0;1662;1546.0
7139;180.0;015B480C;4AC24E4B;0.02;0.24;0.28;0.01;0.02;5.0;7.0;1.0;37.0;3579.0;51.0;1501.0;1662;1546.0
7138;180.0;07578254;4AC24E4B;0.02;0.21;0.24;0.01;0.01;4.0;7.0;6.0;51.0;5351.0;51.0;1501.0;1663;1546.0
7137;180.0;FE67E751;4AC24E4B;0.02;0.22;0.25;0.01;0.01;3.0;7.0;4.0;44.0;4639.0;51.0;1501.0;1664;1546.0
7136;180.0;20D8A39D;93142261;0.02;0.19;0.22;0.01;0.01;2.0;7.0;15.0;13.0;3792.0;46.0;1501.0;1652;1536.0
7135;180.0;450F3B50;249A7E68;0.02;0.45;0.48;0.0;0.02;1.0;7.0;8.0;21.0;5281.0;55.0;1484.0;1656;1519.0
7134;180.0;A3188947;DD4524C7;0.02;0.41;0.43;0.01;0.0;5.0;5.0;1.0;36.0;3251.0;46.0;1480.0;1634;1515.0
7133;180.0;BC1B9817;DD4524C7;0.02;0.47;0.49;0.01;0.0;4.0;5.0;6.0;50.0;5036.0;46.0;1480.0;1629;1515.0
7132;180.0;4CACC858;93C0A144;0.02;0.68;0.72;0.0;0.0;3.0;5.0;4.0;43.0;4317.0;39.0;1479.0;1624;1524.0
7131;180.0;7DC4E5A3;2D9B78CA;0.01;0.52;0.54;0.0;0.02;2.0;5.0;15.0;12.0;3485.0;46.0;1487.0;1637;1527.0
7130;180.0;0B23F574;2D9B78CA;0.01;0.38;0.39;0.0;0.01;1.0;5.0;8.0;20.0;4992.0;55.0;1487.0;1666;1527.0
7129;180.0;8BC902B6;D90699DC;0.02;0.26;0.29;0.01;0.02;4.0;4.0;1.0;35.0;2963.0;39.0;1495.0;1644;1540.0
7128;180.0;B42BBF87;D90699DC;0.03;0.38;0.42;0.01;0.03;3.0;4.0;6.0;49.0;4747.0;39.0;1495.0;1643;1540.0
7127;180.0;D9592D09;D90699DC;0.02;0.29;0.32;0.01;0.02;2.0;4.0;4.0;42.0;4028.0;39.0;1495.0;1641;1540.0
7126;180.0;5C8F6E10;D90699DC;0.02;0.34;0.37;0.01;0.02;1.0;4.0;15.0;11.0;3197.0;39.0;1495.0;1663;1540.0
7125;180.0;FC3AD815;CC18C404;0.02;0.24;0.26;0.01;0.02;8.0;8.0;8.0;19.0;4706.0;46.0;1506.0;1668;1551.0
7124;180.0;0CBB218B;CC18C404;0.02;0.24;0.26;0.01;0.02;7.0;8.0;1.0;34.0;2683.0;46.0;1506.0;1658;1551.0
7123;180.0;90CB7271;CC18C404;0.02;0.22;0.24;0.01;0.02;6.0;8.0;6.0;48.0;4464.0;46.0;1506.0;1659;1551.0
7122;180.0;E8446412;CC18C404;0.02;0.23;0.26;0.01;0.02;5.0;8.0;4.0;41.0;3757.0;51.0;1506.0;1678;1551.0
7121;180.0;81DDECDF;CC18C404;0.02;0.19;0.21;0.01;0.02;4.0;8.0;15.0;10.0;2919.0;51.0;1506.0;1665;1551.0
7120;180.0;223285CE;CC18C404;0.02;0.21;0.23;0.01;0.02;3.0;8.0;8.0;18.0;4424.0;51.0;1506.0;1681;1551.0
7119;180.0;779B983D;A9D0D04F;0.02;0.53;0.55;0.0;0.01;2.0;8.0;1.0;33.0;2400.0;46.0;1479.0;1648;1524.0
7118;180.0;F07F2322;7F441B8F;0.02;0.5;0.52;0.0;0.01;1.0;8.0;6.0;47.0;4189.0;46.0;1479.0;1651;1524.0
7117;180.0;A50CB92C;E1C94594;0.02;0.35;0.37;0.0;0.0;8.0;8.0;4.0;40.0;3471.0;46.0;1494.0;1654;1534.0
7116;180.0;6CC2E85A;E1C94594;0.01;0.25;0.27;0.0;0.0;7.0;8.0;15.0;9.0;2645.0;46.0;1494.0;1645;1534.0
7115;180.0;16AC3B6D;E1C94594;0.02;0.31;0.33;0.0;0.0;6.0;8.0;8.0;17.0;4150.0;46.0;1494.0;1645;1534.0
7114;180.0;8B59A681;44661CD0;0.02;0.17;0.2;0.01;0.02;5.0;8.0;1.0;32.0;2119.0;46.0;1506.0;1660;1546.0
7113;180.0;9F55CDDC;44661CD0;0.03;0.24;0.28;0.01;0.03;4.0;8.0;6.0;46.0;3905.0;46.0;1506.0;1654;1546.0
7112;180.0;A258C1D5;44661CD0;0.02;0.16;0.18;0.01;0.02;3.0;8.0;4.0;39.0;3183.0;46.0;1506.0;1654;1546.0
7111;180.0;4F35AF00;44661CD0;0.02;0.21;0.25;0.01;0.02;2.0;8.0;15.0;8.0;2339.0;46.0;1506.0;1660;1546.0
7110;180.0;6F6AA23A;2E90E747;0.02;0.25;0.28;0.01;0.02;1.0;8.0;8.0;16.0;3835.0;46.0;1499.0;1668;1539.0
7109;180.0;9F55CDDC;6C4C7BC5;0.02;0.5;0.54;0.0;0.0;7.0;7.0;1.0;31.0;1803.0;46.0;1485.0;1643;1530.0
7108;180.0;409518D0;493EAF60;0.02;0.45;0.47;0.0;0.01;6.0;7.0;6.0;45.0;3591.0;46.0;1486.0;1629;1521.0
7107;180.0;C4137210;493EAF60;0.02;0.42;0.44;0.0;0.01;5.0;7.0;4.0;38.0;2875.0;46.0;1486.0;1629;1521.0
7106;180.0;27B3C420;493EAF60;0.02;0.48;0.5;0.0;0.01;4.0;7.0;15.0;7.0;2043.0;46.0;1486.0;1638;1521.0
7105;180.0;7970A18D;493EAF60;0.01;0.36;0.37;0.0;0.01;3.0;7.0;8.0;15.0;3550.0;46.0;1486.0;1628;1521.0
7104;180.0;8AB40E98;493EAF60;0.02;0.41;0.44;0.0;0.01;2.0;7.0;1.0;30.0;1513.0;46.0;1486.0;1635;1521.0
7103;180.0;987C3439;61541AEF;0.01;0.38;0.4;0.0;0.01;1.0;7.0;6.0;44.0;3297.0;46.0;1486.0;1647;1521.0
7102;180.0;2833507C;87BE8175;0.01;0.43;0.45;0.01;0.02;7.0;7.0;4.0;37.0;2525.0;51.0;1483.0;1641;1523.0
7101;180.0;59F84532;2BA96869;0.01;0.44;0.47;0.0;0.02;6.0;7.0;8.0;14.0;3257.0;46.0;1486.0;1642;1526.0
7100;180.0;813BBD79;F7838086;0.01;0.46;0.5;0.0;0.0;5.0;7.0;15.0;6.0;1643.0;46.0;1483.0;1639;1528.0
7099;180.0;7C6F1AEC;F7838086;0.01;0.35;0.38;0.0;0.0;4.0;7.0;1.0;29.0;1177.0;46.0;1483.0;1640;1528.0
7098;180.0;5F898CBE;F7838086;0.01;0.41;0.44;0.0;0.0;3.0;7.0;6.0;43.0;2964.0;46.0;1483.0;1647;1528.0
7097;180.0;6A8459EA;F7838086;0.01;0.47;0.5;0.0;0.0;2.0;7.0;4.0;36.0;2245.0;46.0;1483.0;1648;1528.0
7096;180.0;8127D5ED;F7838086;0.01;0.49;0.53;0.0;0.0;1.0;7.0;8.0;13.0;2979.0;46.0;1483.0;1654;1528.0
7095;180.0;81C763A5;1137DC9F;0.01;0.46;0.49;0.0;0.02;2.0;3.0;1.0;28.0;884.0;51.0;1474.0;1635;1519.0
7094;180.0;6BD75B77;1137DC9F;0.0;0.37;0.4;0.0;0.01;2.0;3.0;6.0;42.0;2660.0;51.0;1474.0;1632;1519.0
7093;180.0;8FFF5C40;1137DC9F;0.01;0.59;0.63;0.0;0.02;1.0;3.0;15.0;5.0;1169.0;51.0;1474.0;1638;1519.0
7092;180.0;F157C523;CF354F29;0.01;0.62;0.72;0.0;0.01;6.0;6.0;4.0;35.0;1878.0;51.0;1470.0;1628;1510.0
7091;180.0;5107B1C4;CF354F29;0.01;0.8;0.94;0.0;0.01;5.0;6.0;8.0;12.0;2595.0;51.0;1470.0;1626;1510.0
7090;180.0;A3C2452A;CF354F29;0.01;0.89;1.04;0.0;0.01;4.0;6.0;1.0;27.0;565.0;51.0;1470.0;1627;1510.0
7089;180.0;47E2CC90;CF354F29;0.01;0.66;0.77;0.0;0.01;3.0;6.0;6.0;41.0;2350.0;51.0;1470.0;1627;1510.0
7088;180.0;F3B17D7B;CF354F29;0.01;0.95;1.11;0.0;0.01;2.0;6.0;15.0;4.0;854.0;46.0;1470.0;1634;1510.0
7087;180.0;A5457FF3;CF354F29;0.01;0.73;0.86;0.0;0.01;1.0;6.0;4.0;34.0;1573.0;57.0;1470.0;1652;1510.0
7086;180.0;4B156822;4C9F89E7;0.02;0.18;0.2;0.01;0.02;8.0;8.0;8.0;11.0;2305.0;46.0;1512.0;1677;1557.0
7085;180.0;B84E5D26;C696558F;0.02;0.19;0.21;0.0;0.02;7.0;8.0;1.0;26.0;270.0;46.0;1505.0;1654;1535.0
7084;180.0;69616F3F;C696558F;0.02;0.22;0.25;0.0;0.02;6.0;8.0;6.0;40.0;2062.0;46.0;1505.0;1654;1535.0
7083;180.0;7D4CF81E;A410176C;0.02;0.21;0.27;0.01;0.01;5.0;8.0;15.0;3.0;581.0;57.0;1502.0;1681;1547.0
7082;180.0;3831C04E;A410176C;0.03;0.22;0.28;0.01;0.01;4.0;8.0;4.0;33.0;1305.0;57.0;1502.0;1671;1547.0
7081;180.0;08D04927;92B3EDD4;0.02;0.2;0.26;0.01;0.01;3.0;8.0;8.0;10.0;2043.0;46.0;1502.0;1649;1537.0
7080;180.0;A85F6161;92B3EDD4;0.02;0.15;0.19;0.01;0.01;2.0;8.0;1.0;25.0;0.0;39.0;1502.0;1657;1537.0
7079;180.0;4794B8A2;92B3EDD4;0.02;0.21;0.27;0.01;0.01;1.0;8.0;6.0;39.0;1768.0;44.0;1502.0;1655;1537.0
7078;180.0;963D6244;0B13406F;0.02;0.73;0.78;0.0;0.0;6.0;6.0;15.0;2.0;268.0;39.0;1480.0;1655;1520.0
7077;180.0;E4EE4DE4;D6BA9D02;0.01;0.36;0.37;0.0;0.02;5.0;6.0;4.0;32.0;987.0;46.0;1481.0;1652;1526.0
7076;180.0;BB9C73A4;D6BA9D02;0.01;0.41;0.43;0.0;0.02;4.0;6.0;8.0;9.0;1717.0;46.0;1481.0;1658;1526.0
7075;180.0;AA00A957;EB045A99;0.02;0.4;0.44;0.0;0.02;3.0;6.0;5.0;74.0;1728.0;46.0;1489.0;1655;1534.0
7074;180.0;22C8601C;71A937D5;0.01;0.38;0.43;0.0;0.02;2.0;6.0;6.0;38.0;1483.0;51.0;1487.0;1662;1522.0
7073;180.0;21F4714D;71A937D5;0.02;0.44;0.5;0.0;0.02;1.0;6.0;15.0;1.0;0.0;46.0;1487.0;1678;1522.0
7072;180.0;FE3B1A46;56FFE5DC;0.02;0.18;0.21;0.01;0.01;4.0;4.0;4.0;31.0;712.0;41.0;1507.0;1647;1532.0
7071;180.0;7AAF87F4;56FFE5DC;0.02;0.19;0.21;0.01;0.01;3.0;4.0;8.0;8.0;1439.0;41.0;1507.0;1652;1532.0
7070;180.0;860DF6F5;56FFE5DC;0.02;0.19;0.21;0.01;0.01;2.0;4.0;5.0;73.0;1450.0;39.0;1507.0;1649;1532.0
7069;180.0;3FF0AD3C;56FFE5DC;0.02;0.18;0.2;0.01;0.01;1.0;4.0;6.0;37.0;1047.0;55.0;1507.0;1663;1532.0
7068;180.0;6BDDFC67;5F2CB262;0.03;0.19;0.22;0.01;0.03;1.0;1.0;1.0;24.0;1056.0;51.0;1504.0;1675;1544.0
7067;180.0;4685F1CC;0731C1FB;0.0;1.19;1.28;0.01;0.0;6.0;6.0;4.0;30.0;286.0;62.0;1462.0;1606;1488.0
7066;180.0;C38B2EA5;0731C1FB;0.0;1.2;1.29;0.01;0.0;5.0;6.0;8.0;7.0;1022.0;62.0;1462.0;1605;1488.0
7065;180.0;C0D931A3;0731C1FB;0.0;1.19;1.28;0.01;0.0;4.0;6.0;5.0;72.0;1029.0;62.0;1462.0;1606;1488.0
7064;180.0;630C6308;27DBEE1F;0.0;0.9;0.94;0.0;0.0;3.0;6.0;6.0;36.0;773.0;62.0;1462.0;1607;1488.0
7063;180.0;BFE5CBB1;27DBEE1F;0.0;1.11;1.15;0.0;0.0;2.0;6.0;1.0;23.0;768.0;62.0;1462.0;1609;1488.0
7062;180.0;6029FB8B;27DBEE1F;0.0;1.01;1.06;0.0;0.0;1.0;6.0;4.0;29.0;0.0;62.0;1462.0;1649;1488.0
7061;180.0;11451DC6;67470249;0.01;0.46;0.52;0.0;0.02;7.0;7.0;8.0;6.0;727.0;51.0;1486.0;1639;1526.0
7060;180.0;A67D3DDF;67470249;0.01;0.31;0.35;0.0;0.02;6.0;7.0;5.0;71.0;741.0;51.0;1486.0;1637;1526.0
7059;180.0;89795FD5;67470249;0.01;0.46;0.52;0.0;0.02;5.0;7.0;6.0;35.0;485.0;51.0;1486.0;1637;1526.0
7058;180.0;978E89E3;1FCFE9BD;0.02;0.26;0.28;0.01;0.03;4.0;7.0;1.0;22.0;482.0;46.0;1500.0;1659;1540.0
7057;180.0;9E2D2E8E;1FCFE9BD;0.02;0.19;0.21;0.01;0.02;3.0;7.0;8.0;5.0;492.0;46.0;1500.0;1650;1540.0
7056;180.0;BD455EB8;04751D20;0.02;0.19;0.21;0.01;0.02;2.0;7.0;5.0;70.0;497.0;46.0;1506.0;1678;1551.0
7055;180.0;B4305CB7;04751D20;0.02;0.18;0.2;0.01;0.02;1.0;7.0;6.0;34.0;246.0;55.0;1506.0;1691;1551.0
7054;180.0;E5E888A3;9970B431;0.0;0.41;0.5;0.01;0.09;7.0;7.0;1.0;21.0;245.0;25.0;1480.0;1634;1525.0
7053;180.0;E1612E1D;9970B431;0.0;0.41;0.5;0.01;0.09;6.0;7.0;8.0;4.0;252.0;34.0;1480.0;1625;1525.0
7052;180.0;D2681EF8;9970B431;0.0;0.4;0.49;0.01;0.09;5.0;7.0;5.0;69.0;257.0;25.0;1480.0;1625;1525.0
7051;180.0;F6BFE4C9;9970B431;0.0;0.34;0.41;0.01;0.07;4.0;7.0;6.0;33.0;0.0;34.0;1480.0;1651;1525.0
7050;180.0;405FB070;9970B431;0.0;0.43;0.52;0.01;0.09;3.0;7.0;1.0;20.0;0.0;34.0;1480.0;1658;1525.0
7049;180.0;4F51CABB;9970B431;0.0;0.46;0.56;0.01;0.1;2.0;7.0;8.0;3.0;0.0;34.0;1480.0;1668;1525.0
7048;180.0;CCA960E1;1C61F0BD;0.0;0.65;0.7;0.01;0.06;1.0;7.0;5.0;68.0;0.0;46.0;1474.0;1654;1509.0
7047;90.0;76456250;B1EBA22B;0.01;0.43;0.46;0.0;0.02;7.0;7.0;4.0;28.0;2986.0;46.0;1480.0;1647;1525.0
7046;90.0;3F35FB89;7BF6FBDF;0.01;0.4;0.43;0.0;0.01;6.0;7.0;8.0;2.0;360.0;34.0;1482.0;1672;1537.0
7045;90.0;1B4149DB;7BF6FBDF;0.02;0.56;0.6;0.0;0.01;5.0;7.0;1.0;19.0;2726.0;34.0;1482.0;1655;1537.0
7044;90.0;E17AA077;7BF6FBDF;0.01;0.45;0.48;0.0;0.01;4.0;7.0;6.0;32.0;2478.0;34.0;1482.0;1649;1537.0
7043;90.0;4BAC542C;7BF6FBDF;0.01;0.45;0.48;0.0;0.01;3.0;7.0;4.0;27.0;2707.0;34.0;1482.0;1659;1537.0
7042;90.0;7FDF6A7A;7BF6FBDF;0.02;0.46;0.49;0.0;0.01;2.0;7.0;5.0;67.0;2781.0;34.0;1482.0;1645;1537.0
7041;90.0;9C69E937;7BF6FBDF;0.01;0.45;0.48;0.0;0.01;1.0;7.0;8.0;1.0;0.0;34.0;1482.0;1675;1537.0
7040;90.0;1C50335C;D3EA2584;0.01;0.44;0.47;0.0;0.02;2.0;2.0;1.0;18.0;2363.0;34.0;1482.0;1636;1527.0
7039;90.0;00A115CC;59D14704;0.01;0.5;0.54;0.0;0.01;1.0;2.0;6.0;31.0;2118.0;46.0;1487.0;1657;1537.0
7038;90.0;99CFDF6D;59D14704;0.01;0.46;0.5;0.0;0.01;7.0;9.0;4.0;26.0;2294.0;34.0;1487.0;1640;1537.0
7037;90.0;96360188;59D14704;0.02;0.62;0.66;0.0;0.01;6.0;9.0;5.0;66.0;2359.0;34.0;1487.0;1642;1537.0
7036;90.0;BBAC792E;59D14704;0.01;0.44;0.47;0.0;0.01;5.0;9.0;1.0;17.0;2022.0;34.0;1487.0;1637;1537.0
7035;90.0;224B36BB;59D14704;0.02;0.53;0.57;0.0;0.01;4.0;9.0;6.0;30.0;1768.0;34.0;1487.0;1644;1537.0
7034;90.0;1559B1E3;59D14704;0.01;0.45;0.49;0.0;0.01;3.0;9.0;4.0;25.0;2012.0;34.0;1487.0;1642;1537.0
7033;90.0;C87B6904;59D14704;0.02;0.57;0.61;0.0;0.01;2.0;9.0;5.0;65.0;2077.0;34.0;1487.0;1642;1537.0
7032;90.0;BBAC792E;59D14704;0.01;0.44;0.47;0.0;0.01;1.0;9.0;1.0;16.0;1756.0;44.0;1487.0;1659;1537.0
7031;90.0;A0213C88;60EFAC81;0.01;0.4;0.44;0.02;0.05;4.0;4.0;6.0;29.0;1503.0;34.0;1480.0;1653;1540.0
7030;90.0;ADE5CE6C;60EFAC81;0.01;0.39;0.42;0.02;0.05;3.0;4.0;4.0;24.0;1742.0;34.0;1480.0;1651;1540.0
7029;90.0;223ABA66;D6C5A3D0;0.02;0.2;0.22;0.0;0.02;2.0;4.0;5.0;64.0;1805.0;34.0;1501.0;1646;1546.0
7028;90.0;BF337710;7320E76A;0.02;0.45;0.47;0.0;0.02;1.0;4.0;1.0;15.0;1480.0;18.0;1481.0;1658;1536.0
7027;90.0;F14D27FA;76E5EEFF;0.03;0.22;0.25;0.01;0.01;2.0;2.0;6.0;28.0;1195.0;34.0;1504.0;1652;1549.0
7026;90.0;8BB56BA7;76E5EEFF;0.02;0.16;0.19;0.01;0.01;1.0;2.0;4.0;23.0;1436.0;34.0;1504.0;1663;1549.0
7025;90.0;33879B60;96956A01;0.02;0.21;0.24;0.01;0.02;3.0;3.0;5.0;63.0;1512.0;46.0;1500.0;1666;1540.0
7024;90.0;C0D931A3;96956A01;0.03;0.23;0.26;0.01;0.03;2.0;3.0;1.0;14.0;1191.0;46.0;1500.0;1650;1540.0
7023;90.0;CDB36E37;96956A01;0.02;0.21;0.23;0.01;0.02;1.0;3.0;2.0;42.0;1189.0;46.0;1500.0;1673;1540.0
7022;90.0;6CE0CB78;CC18C404;0.02;0.2;0.23;0.01;0.02;2.0;2.0;6.0;27.0;879.0;18.0;1506.0;1652;1551.0
7021;90.0;E0E297AE;CC18C404;0.02;0.24;0.27;0.01;0.02;1.0;2.0;4.0;22.0;1140.0;34.0;1506.0;1674;1551.0
7020;90.0;067F5D92;C1BE9DD8;0.02;0.18;0.2;0.01;0.02;7.0;7.0;5.0;62.0;1220.0;34.0;1507.0;1687;1551.0
7019;90.0;F167AABB;C1BE9DD8;0.02;0.13;0.15;0.01;0.02;6.0;7.0;1.0;13.0;902.0;34.0;1507.0;1666;1551.0
7017;90.0;077D7542;D927D5F2;0.02;0.17;0.19;0.01;0.02;4.0;7.0;6.0;26.0;590.0;32.0;1507.0;1662;1551.0
7016;90.0;CAC564E3;7D015357;0.02;0.15;0.17;0.01;0.01;3.0;7.0;4.0;21.0;841.0;46.0;1506.0;1675;1551.0
7015;90.0;3B5B515E;7D015357;0.02;0.19;0.22;0.01;0.01;2.0;7.0;5.0;61.0;919.0;46.0;1506.0;1663;1551.0
7014;90.0;4653738A;7D015357;0.02;0.18;0.2;0.01;0.01;1.0;7.0;1.0;12.0;608.0;53.0;1506.0;1696;1551.0
7013;90.0;C069400D;4AC24E4B;0.02;0.26;0.29;0.01;0.02;7.0;7.0;2.0;40.0;608.0;41.0;1501.0;1650;1541.0
7012;90.0;59313572;BFEB6EA0;0.03;0.51;0.57;0.0;0.03;6.0;7.0;6.0;25.0;311.0;34.0;1483.0;1644;1538.0
7011;90.0;C93248FC;BFEB6EA0;0.02;0.36;0.41;0.0;0.02;5.0;7.0;4.0;20.0;560.0;34.0;1483.0;1635;1538.0
7010;90.0;2AB5684D;BFEB6EA0;0.02;0.5;0.56;0.0;0.02;4.0;7.0;5.0;60.0;631.0;34.0;1483.0;1642;1538.0
7009;90.0;67B329F2;BFEB6EA0;0.02;0.46;0.51;0.0;0.02;3.0;7.0;1.0;11.0;316.0;34.0;1483.0;1638;1538.0
7008;90.0;47E2CC90;BFEB6EA0;0.02;0.35;0.39;0.0;0.02;2.0;7.0;2.0;39.0;317.0;34.0;1483.0;1644;1538.0
7007;90.0;176F48C3;BFEB6EA0;0.02;0.45;0.5;0.0;0.02;1.0;7.0;6.0;24.0;0.0;34.0;1483.0;1682;1538.0
7006;90.0;3810C29C;0C12C54A;0.0;0.38;0.41;0.02;0.04;6.0;6.0;4.0;19.0;252.0;51.0;1472.0;1636;1517.0
7005;90.0;BF5BE836;0C12C54A;0.0;0.44;0.47;0.02;0.05;5.0;6.0;5.0;59.0;323.0;51.0;1472.0;1634;1517.0
7004;90.0;1F01C200;9970B431;0.0;0.39;0.47;0.01;0.08;4.0;6.0;1.0;10.0;0.0;18.0;1480.0;1657;1530.0
7003;90.0;FECF436B;9970B431;0.0;0.45;0.55;0.01;0.1;3.0;6.0;2.0;38.0;0.0;18.0;1480.0;1658;1530.0
7002;90.0;F2EC3FF0;9970B431;0.0;0.32;0.39;0.01;0.07;2.0;6.0;4.0;18.0;0.0;34.0;1480.0;1657;1530.0
7001;90.0;87B771F6;9970B431;0.0;0.31;0.37;0.01;0.07;1.0;6.0;5.0;58.0;0.0;34.0;1480.0;1659;1530.0
7000;180.0;D99FDF37;74291B2A;0.01;0.56;0.6;0.0;0.02;5.0;5.0;2.0;37.0;8261.0;46.0;1480.0;1636;1520.0
6999;180.0;6316D7E9;B1EBA22B;0.01;0.53;0.56;0.0;0.02;4.0;5.0;4.0;17.0;5322.0;44.0;1480.0;1634;1525.0
6998;180.0;2B896DFD;CC996FCB;0.02;0.14;0.17;0.0;0.0;3.0;6.0;1.0;9.0;902.0;48.0;1510.0;1655;1550.0
6997;180.0;7CFF8299;CC996FCB;0.02;0.17;0.2;0.0;0.0;2.0;6.0;6.0;23.0;3246.0;48.0;1510.0;1663;1550.0
6996;180.0;8AD16109;7BF6FBDF;0.01;0.38;0.4;0.0;0.01;1.0;6.0;5.0;57.0;4645.0;46.0;1480.0;1649;1525.0
6995;180.0;FB6ED3CB;04751D20;0.02;0.19;0.21;0.01;0.02;3.0;3.0;2.0;36.0;7961.0;46.0;1506.0;1665;1551.0
6994;180.0;34735093;04751D20;0.03;0.27;0.3;0.01;0.03;2.0;3.0;4.0;16.0;5020.0;46.0;1506.0;1674;1551.0
6993;180.0;C21A83D9;7F441B8F;0.02;0.54;0.57;0.0;0.01;1.0;3.0;1.0;8.0;608.0;46.0;1479.0;1653;1524.0
6992;180.0;25B3CA18;53FB7813;0.01;0.4;0.49;0.0;0.09;7.0;7.0;6.0;22.0;2929.0;34.0;1480.0;1632;1520.0
6991;180.0;808B423D;CE2F8474;0.0;0.28;0.32;0.01;0.05;6.0;7.0;5.0;56.0;4313.0;46.0;1470.0;1643;1515.0
6990;180.0;F1626723;5871DF5A;0.01;0.28;0.31;0.01;0.03;5.0;7.0;2.0;35.0;7629.0;46.0;1486.0;1668;1536.0
6989;180.0;3678BFFE;5871DF5A;0.01;0.3;0.33;0.01;0.03;4.0;7.0;4.0;15.0;4687.0;46.0;1486.0;1656;1536.0
6988;180.0;F443032E;D6C5A3D0;0.02;0.2;0.22;0.0;0.02;3.0;7.0;1.0;7.0;279.0;46.0;1501.0;1660;1546.0
6987;180.0;109AC189;D6C5A3D0;0.02;0.17;0.19;0.0;0.01;2.0;7.0;6.0;21.0;2632.0;46.0;1501.0;1663;1546.0
6986;180.0;32F245F8;D6C5A3D0;0.02;0.16;0.18;0.0;0.01;1.0;7.0;5.0;55.0;4032.0;55.0;1501.0;1690;1546.0
6985;180.0;3592EAE8;BDB26FB7;0.02;0.23;0.25;0.01;0.02;7.0;7.0;2.0;34.0;7348.0;51.0;1500.0;1672;1540.0
6984;180.0;2C76841D;BDB26FB7;0.02;0.23;0.25;0.01;0.02;6.0;7.0;4.0;14.0;4411.0;51.0;1500.0;1664;1540.0
6983;180.0;DA5C3AAC;BDB26FB7;0.02;0.33;0.36;0.01;0.02;5.0;7.0;1.0;6.0;0.0;51.0;1500.0;1687;1540.0
6982;180.0;C778CDEA;BDB26FB7;0.02;0.26;0.28;0.01;0.02;4.0;7.0;6.0;20.0;2354.0;51.0;1500.0;1666;1540.0
6981;180.0;FC7105F6;BDB26FB7;0.02;0.33;0.35;0.01;0.02;3.0;7.0;5.0;54.0;3619.0;51.0;1500.0;1659;1540.0
6980;180.0;50A728AD;0A8B5BDF;0.01;0.43;0.46;0.01;0.02;2.0;7.0;2.0;33.0;6905.0;46.0;1481.0;1659;1536.0
6979;180.0;195416EA;0A8B5BDF;0.01;0.39;0.41;0.01;0.02;1.0;7.0;4.0;13.0;3965.0;55.0;1481.0;1660;1536.0
6978;180.0;6C75D89D;E1B28665;0.01;0.37;0.4;0.0;0.01;8.0;8.0;6.0;19.0;1948.0;46.0;1492.0;1667;1547.0
6977;180.0;B497F300;E1B28665;0.0;0.34;0.36;0.0;0.01;7.0;8.0;1.0;5.0;1280.0;46.0;1492.0;1675;1547.0
6976;180.0;D53CD199;E1B28665;0.0;0.36;0.39;0.0;0.01;6.0;8.0;5.0;53.0;3293.0;46.0;1492.0;1658;1547.0
6975;180.0;3E51A384;E1B28665;0.0;0.35;0.38;0.0;0.01;5.0;8.0;2.0;32.0;6609.0;46.0;1492.0;1654;1547.0
6974;180.0;E5913EA7;E1B28665;0.0;0.34;0.36;0.0;0.01;4.0;8.0;4.0;12.0;3660.0;46.0;1492.0;1665;1547.0
6973;180.0;989334DE;E1B28665;0.0;0.31;0.33;0.0;0.01;3.0;8.0;6.0;18.0;1661.0;46.0;1492.0;1665;1547.0
6972;180.0;082BE273;E1B28665;0.01;0.46;0.5;0.0;0.01;2.0;8.0;1.0;4.0;979.0;46.0;1492.0;1664;1547.0
6971;180.0;3ED07C2A;E1B28665;0.01;0.37;0.41;0.0;0.01;1.0;8.0;5.0;52.0;2978.0;57.0;1492.0;1687;1547.0
6970;180.0;725F852C;9C0993CD;0.02;0.5;0.54;0.0;0.02;4.0;4.0;2.0;31.0;6278.0;46.0;1480.0;1649;1515.0
6969;180.0;12D34451;9C0993CD;0.02;0.5;0.55;0.0;0.02;3.0;4.0;4.0;11.0;3322.0;46.0;1480.0;1634;1515.0
6968;180.0;149F9A8C;9C0993CD;0.02;0.35;0.38;0.0;0.01;2.0;4.0;6.0;17.0;1300.0;46.0;1480.0;1634;1515.0
6967;180.0;FE715CB0;9C0993CD;0.02;0.38;0.42;0.0;0.01;1.0;4.0;1.0;3.0;628.0;46.0;1480.0;1663;1515.0
6966;180.0;2DA4A0FE;9C0993CD;0.02;0.5;0.55;0.0;0.02;4.0;4.0;5.0;51.0;2631.0;46.0;1480.0;1645;1515.0
6965;180.0;4AA22C6C;9C0993CD;0.02;0.42;0.46;0.0;0.01;3.0;4.0;2.0;30.0;5933.0;46.0;1480.0;1637;1515.0
6964;180.0;7AF42BDE;9C0993CD;0.02;0.52;0.57;0.0;0.02;2.0;4.0;4.0;10.0;2996.0;46.0;1480.0;1636;1515.0
6963;180.0;22D32970;9C0993CD;0.02;0.53;0.58;0.0;0.02;1.0;4.0;6.0;16.0;978.0;46.0;1480.0;1644;1515.0
6962;180.0;AC5A9682;9CF45E8B;0.01;0.44;0.46;0.01;0.02;6.0;6.0;1.0;2.0;280.0;51.0;1475.0;1654;1525.0
6961;180.0;0AA7F280;0C12C54A;0.0;0.51;0.54;0.02;0.06;5.0;7.0;5.0;50.0;2292.0;51.0;1472.0;1627;1514.0
6960;180.0;997B1733;00FFEE90;0.01;0.27;0.3;0.01;0.02;4.0;7.0;2.0;29.0;5606.0;51.0;1489.0;1655;1534.0
6959;180.0;7FC9F264;00FFEE90;0.01;0.29;0.31;0.01;0.02;3.0;7.0;4.0;9.0;2670.0;51.0;1489.0;1645;1534.0
6958;180.0;6C5B4827;00FFEE90;0.01;0.37;0.4;0.01;0.02;2.0;7.0;6.0;15.0;666.0;46.0;1489.0;1650;1534.0
6957;180.0;1C50FBFD;59D14704;0.01;0.51;0.55;0.0;0.01;1.0;7.0;1.0;1.0;0.0;46.0;1487.0;1687;1527.0
6956;180.0;4BD162AE;56FFE5DC;0.02;0.17;0.19;0.01;0.01;4.0;4.0;5.0;49.0;2003.0;39.0;1507.0;1646;1532.0
6955;180.0;67B0A7F9;56FFE5DC;0.02;0.13;0.15;0.01;0.01;3.0;4.0;3.0;54.0;5251.0;39.0;1507.0;1652;1532.0
6954;180.0;1822E81E;56FFE5DC;0.03;0.2;0.23;0.02;0.01;2.0;4.0;4.0;8.0;2376.0;39.0;1507.0;1649;1532.0
6953;180.0;C5873D50;56FFE5DC;0.03;0.2;0.23;0.02;0.01;1.0;4.0;2.0;28.0;5206.0;55.0;1507.0;1678;1532.0
6952;180.0;8D7ACF41;E154DB61;0.0;1.04;1.16;0.0;0.0;7.0;7.0;6.0;14.0;313.0;64.0;1465.0;1619;1490.0
6951;180.0;3556F99E;E154DB61;0.0;0.81;0.91;0.0;0.0;6.0;7.0;5.0;48.0;1714.0;64.0;1465.0;1606;1490.0
6950;180.0;EA816F92;E154DB61;0.0;0.85;0.95;0.0;0.0;5.0;7.0;3.0;53.0;4950.0;64.0;1465.0;1615;1490.0
6949;180.0;77CA4D50;E154DB61;0.0;0.89;0.99;0.0;0.0;4.0;7.0;4.0;7.0;2066.0;64.0;1465.0;1611;1490.0
6948;180.0;AAE4E947;E154DB61;0.0;0.98;1.1;0.0;0.0;3.0;7.0;6.0;13.0;0.0;64.0;1465.0;1631;1490.0
6947;180.0;8DEBBA60;E154DB61;0.0;0.82;0.91;0.0;0.0;1.0;7.0;5.0;47.0;1320.0;69.0;1465.0;1616;1490.0
6946;180.0;BE2B3532;E154DB61;0.0;1.04;1.16;0.0;0.0;3.0;9.0;2.0;27.0;4624.0;64.0;1465.0;1609;1490.0
6945;180.0;4813F8EB;E154DB61;0.0;1.05;1.17;0.0;0.0;2.0;9.0;3.0;52.0;4491.0;64.0;1465.0;1610;1490.0
6944;180.0;E56AA25E;E154DB61;0.0;1.01;1.13;0.0;0.0;1.0;9.0;4.0;6.0;1572.0;69.0;1465.0;1624;1490.0
6943;180.0;D9F7EABB;E154DB61;0.0;0.94;1.05;0.0;0.0;9.0;9.0;6.0;12.0;3141.0;64.0;1465.0;1614;1490.0
6942;180.0;43292634;E154DB61;0.0;0.99;1.1;0.0;0.0;8.0;9.0;5.0;46.0;904.0;64.0;1465.0;1609;1490.0
6941;180.0;E4D178E4;E154DB61;0.0;1.03;1.16;0.0;0.0;7.0;9.0;2.0;26.0;4218.0;64.0;1465.0;1610;1490.0
6940;180.0;21904E9B;E154DB61;0.0;1.08;1.21;0.0;0.0;6.0;9.0;3.0;51.0;4087.0;64.0;1465.0;1604;1490.0
6939;180.0;7535BCDC;E154DB61;0.0;0.95;1.07;0.0;0.0;5.0;9.0;4.0;5.0;1202.0;64.0;1465.0;1606;1490.0
6938;180.0;3E2A946D;E154DB61;0.0;0.86;0.96;0.0;0.0;4.0;9.0;6.0;11.0;2818.0;64.0;1465.0;1605;1490.0
6937;180.0;CAC564E3;E154DB61;0.0;0.79;0.88;0.0;0.0;3.0;9.0;5.0;45.0;580.0;64.0;1465.0;1607;1490.0
6936;180.0;E99914A1;E154DB61;0.0;0.84;0.94;0.0;0.0;2.0;9.0;2.0;25.0;3884.0;64.0;1465.0;1609;1490.0
6935;180.0;A1026281;E154DB61;0.0;0.69;0.77;0.0;0.0;1.0;9.0;3.0;50.0;3759.0;69.0;1465.0;1615;1490.0
6934;180.0;4A242FF8;76884E9D;0.0;0.82;0.87;0.01;0.07;8.0;8.0;4.0;4.0;886.0;46.0;1474.0;1617;1499.0
6933;180.0;4F835B79;D102BD9B;0.01;0.36;0.4;0.0;0.02;7.0;8.0;6.0;10.0;2517.0;46.0;1483.0;1640;1528.0
6932;180.0;8C88EE36;87C78AB7;0.01;0.49;0.57;0.0;0.0;6.0;8.0;5.0;44.0;292.0;32.0;1480.0;1625;1525.0
6931;180.0;7A8293D1;87C78AB7;0.0;0.41;0.47;0.0;0.0;5.0;8.0;2.0;24.0;3597.0;32.0;1480.0;1620;1525.0
6930;180.0;BFD12D9C;87C78AB7;0.01;0.45;0.53;0.0;0.0;4.0;8.0;3.0;49.0;3478.0;32.0;1480.0;1619;1525.0
6929;180.0;ABB4566C;2A8BED63;0.02;0.62;0.64;0.0;0.0;3.0;8.0;4.0;3.0;599.0;46.0;1488.0;1655;1528.0
6928;180.0;9D8B267C;2A8BED63;0.02;0.48;0.5;0.0;0.0;2.0;8.0;6.0;9.0;2224.0;46.0;1488.0;1648;1528.0
6927;180.0;E35F7032;2A8BED63;0.02;0.57;0.6;0.0;0.0;1.0;8.0;5.0;43.0;0.0;46.0;1488.0;1688;1528.0
6926;180.0;4FC7B011;53C00FD5;0.01;0.51;0.54;0.0;0.02;9.0;9.0;2.0;23.0;3298.0;46.0;1483.0;1643;1523.0
6925;180.0;9C6EA2E3;53C00FD5;0.01;0.43;0.46;0.0;0.02;8.0;9.0;3.0;48.0;3175.0;46.0;1483.0;1638;1523.0
6924;180.0;C40DE2F1;8C69B089;0.01;0.44;0.47;0.0;0.0;7.0;9.0;4.0;2.0;285.0;46.0;1483.0;1668;1528.0
6923;180.0;55EE9426;8C69B089;0.01;0.57;0.61;0.0;0.0;6.0;9.0;6.0;8.0;1891.0;46.0;1483.0;1648;1528.0
6922;180.0;840F518F;8C69B089;0.01;0.53;0.57;0.0;0.0;5.0;9.0;2.0;22.0;3028.0;46.0;1483.0;1648;1528.0
6921;180.0;C9473E89;DD4524C7;0.02;0.41;0.43;0.01;0.0;4.0;9.0;3.0;47.0;2885.0;46.0;1480.0;1644;1515.0
6920;180.0;9364342B;332091CC;0.01;0.45;0.49;0.01;0.0;3.0;9.0;4.0;1.0;0.0;46.0;1486.0;1664;1516.0
6919;180.0;0816DA42;DAF26177;0.01;0.55;0.6;0.0;0.02;2.0;9.0;6.0;7.0;1632.0;46.0;1480.0;1642;1525.0
6918;180.0;B43C40E8;DAF26177;0.01;0.53;0.57;0.0;0.02;1.0;9.0;2.0;21.0;2721.0;51.0;1480.0;1662;1525.0
6917;180.0;3177EB15;E1C94594;0.02;0.37;0.39;0.0;0.0;2.0;2.0;3.0;46.0;2583.0;46.0;1494.0;1660;1534.0
6916;180.0;095E4BA4;6466E4EB;0.02;0.17;0.2;0.01;0.01;1.0;2.0;6.0;6.0;1386.0;51.0;1505.0;1684;1545.0
6915;180.0;603FD87F;6466E4EB;0.03;0.23;0.28;0.01;0.02;3.0;5.0;2.0;20.0;2480.0;46.0;1505.0;1656;1545.0
6914;180.0;482F8CFB;6466E4EB;0.02;0.15;0.19;0.01;0.01;2.0;5.0;3.0;45.0;2339.0;46.0;1505.0;1649;1545.0
6913;180.0;4C9D6C63;6466E4EB;0.03;0.21;0.26;0.01;0.02;1.0;5.0;6.0;5.0;1147.0;55.0;1505.0;1684;1545.0
6912;180.0;DB9F64BE;35C7C29B;0.02;0.31;0.33;0.01;0.0;6.0;6.0;16.0;51.0;2120.0;69.0;1501.0;1709;1551.0
6911;180.0;C656DAB2;35C7C29B;0.01;0.26;0.27;0.01;0.0;5.0;6.0;2.0;19.0;2234.0;69.0;1501.0;1705;1551.0
6910;180.0;858F5A4D;35C7C29B;0.01;0.26;0.27;0.01;0.0;4.0;6.0;3.0;44.0;2111.0;69.0;1501.0;1686;1551.0
6909;180.0;B9E29839;F2951EE4;0.01;0.31;0.34;0.01;0.02;3.0;6.0;6.0;4.0;922.0;46.0;1496.0;1653;1536.0
6908;180.0;AA2D8A79;2277D145;0.02;0.2;0.22;0.01;0.02;2.0;6.0;16.0;50.0;1899.0;46.0;1506.0;1670;1551.0
6907;180.0;97B1F16A;2277D145;0.02;0.22;0.24;0.01;0.02;1.0;6.0;2.0;18.0;2003.0;51.0;1506.0;1690;1551.0
6906;180.0;5EDA2DDB;30171CF7;0.02;0.16;0.19;0.01;0.01;6.0;6.0;3.0;43.0;1883.0;55.0;1504.0;1661;1544.0
6905;180.0;27983090;6570BD8E;0.01;0.37;0.38;0.0;0.02;5.0;6.0;6.0;3.0;697.0;46.0;1485.0;1647;1520.0
6904;180.0;447A94E6;42293BB9;0.02;0.29;0.32;0.0;0.0;4.0;6.0;16.0;49.0;1672.0;46.0;1496.0;1672;1551.0
6903;180.0;89FAFAD6;42293BB9;0.01;0.27;0.29;0.0;0.0;3.0;6.0;2.0;17.0;1779.0;46.0;1496.0;1675;1551.0
6902;180.0;C6C15034;42293BB9;0.02;0.29;0.32;0.0;0.0;2.0;6.0;3.0;42.0;1651.0;46.0;1496.0;1677;1551.0
6901;180.0;534A670E;42293BB9;0.02;0.34;0.37;0.0;0.0;1.0;6.0;7.0;53.0;1403.0;51.0;1496.0;1691;1551.0
6900;180.0;8F28E96B;0B13406F;0.01;0.56;0.6;0.0;0.0;6.0;7.0;6.0;2.0;310.0;39.0;1480.0;1645;1520.0
6899;180.0;4BD162AE;D9882B65;0.01;0.35;0.38;0.0;0.02;5.0;7.0;16.0;48.0;1271.0;46.0;1490.0;1655;1535.0
6898;180.0;51019BC1;D6BA9D02;0.02;0.48;0.5;0.0;0.02;4.0;7.0;2.0;16.0;1380.0;46.0;1481.0;1655;1526.0
6897;180.0;F8FDC2EA;D6BA9D02;0.02;0.53;0.56;0.0;0.03;3.0;7.0;3.0;41.0;1250.0;46.0;1481.0;1643;1526.0
6896;180.0;7D7FAB54;D6BA9D02;0.01;0.38;0.39;0.0;0.02;2.0;7.0;7.0;52.0;1022.0;46.0;1481.0;1647;1526.0
6895;180.0;95F715F2;D6BA9D02;0.01;0.37;0.39;0.0;0.02;1.0;7.0;6.0;1.0;0.0;46.0;1481.0;1691;1526.0
6894;180.0;4B413A83;D90699DC;0.02;0.37;0.41;0.01;0.02;8.0;8.0;16.0;47.0;976.0;39.0;1495.0;1660;1540.0
6893;180.0;B0BD83FA;D90699DC;0.02;0.26;0.28;0.01;0.02;7.0;8.0;2.0;15.0;1088.0;39.0;1495.0;1651;1540.0
6892;180.0;B6AD3B5F;D90699DC;0.02;0.34;0.37;0.01;0.02;6.0;8.0;3.0;40.0;966.0;39.0;1495.0;1647;1540.0
6891;180.0;EC61D35F;D90699DC;0.02;0.31;0.34;0.01;0.02;5.0;8.0;7.0;51.0;739.0;39.0;1495.0;1646;1540.0
6890;180.0;7BECD01F;D90699DC;0.02;0.24;0.27;0.0;0.02;4.0;8.0;16.0;46.0;749.0;39.0;1495.0;1646;1540.0
6889;180.0;B8F5A281;D90699DC;0.02;0.33;0.36;0.01;0.02;3.0;8.0;2.0;14.0;866.0;39.0;1495.0;1645;1540.0
6888;180.0;C7DCBF89;D90699DC;0.02;0.36;0.39;0.01;0.02;2.0;8.0;3.0;39.0;749.0;39.0;1495.0;1647;1540.0
6887;180.0;8F6ECBEF;D90699DC;0.02;0.36;0.39;0.01;0.02;1.0;8.0;7.0;50.0;529.0;39.0;1495.0;1662;1540.0
6886;180.0;7C2451CC;56FFE5DC;0.02;0.17;0.19;0.01;0.01;4.0;4.0;16.0;45.0;525.0;39.0;1507.0;1640;1532.0
6885;180.0;64A149A2;56FFE5DC;0.02;0.14;0.16;0.01;0.01;3.0;4.0;2.0;13.0;635.0;39.0;1507.0;1639;1532.0
6884;180.0;036ECD7F;56FFE5DC;0.02;0.18;0.2;0.01;0.01;2.0;4.0;3.0;38.0;512.0;39.0;1507.0;1640;1532.0
6883;180.0;01C91AE7;56FFE5DC;0.02;0.17;0.19;0.01;0.01;1.0;4.0;7.0;49.0;264.0;60.0;1507.0;1673;1532.0
6882;180.0;3EF8C63D;67470249;0.01;0.33;0.38;0.0;0.02;7.0;7.0;16.0;44.0;264.0;48.0;1486.0;1649;1526.0
6881;180.0;0A431CA5;67470249;0.01;0.38;0.43;0.0;0.02;6.0;7.0;2.0;12.0;379.0;51.0;1486.0;1642;1526.0
6880;180.0;CC255EE9;67470249;0.01;0.38;0.42;0.0;0.02;5.0;7.0;3.0;37.0;252.0;51.0;1486.0;1644;1526.0
6879;180.0;9CE186EE;67470249;0.01;0.32;0.36;0.0;0.02;4.0;7.0;7.0;48.0;0.0;51.0;1486.0;1677;1526.0
6878;180.0;9EC0303C;67470249;0.01;0.39;0.44;0.0;0.02;3.0;7.0;16.0;43.0;0.0;51.0;1486.0;1671;1526.0
6876;180.0;4D32AAD1;249A7E68;0.01;0.39;0.42;0.0;0.02;2.0;7.0;2.0;11.0;0.0;46.0;1484.0;1656;1519.0
6877;180.0;C9473E89;249A7E68;0.01;0.36;0.39;0.0;0.02;1.0;7.0;3.0;36.0;0.0;55.0;1484.0;1680;1519.0
6875;180.0;BF320B89;42293BB9;0.01;0.27;0.3;0.0;0.0;1.0;1.0;8.0;54.0;0.0;46.0;1496.0;1705;1551.0
6874;180.0;DE2E1932;3C05FD00;0.02;0.15;0.17;0.01;0.02;9.0;9.0;7.0;47.0;1397.0;46.0;1506.0;1658;1546.0
6873;180.0;808E1C7E;D927D5F2;0.02;0.16;0.18;0.01;0.02;8.0;9.0;3.0;35.0;1279.0;46.0;1507.0;1662;1552.0
6872;180.0;611ECAA8;D927D5F2;0.02;0.12;0.14;0.01;0.02;7.0;9.0;16.0;42.0;968.0;46.0;1507.0;1656;1552.0
6871;180.0;5B2423DB;D927D5F2;0.02;0.15;0.17;0.01;0.02;6.0;9.0;2.0;10.0;1018.0;46.0;1507.0;1655;1552.0
6870;180.0;291625C8;D927D5F2;0.02;0.13;0.15;0.01;0.02;5.0;9.0;7.0;46.0;1176.0;46.0;1507.0;1661;1552.0
6869;180.0;9B8D5F9A;D927D5F2;0.02;0.18;0.2;0.01;0.02;4.0;9.0;3.0;34.0;1050.0;46.0;1507.0;1664;1552.0
6868;180.0;30ECABC6;D927D5F2;0.02;0.14;0.15;0.01;0.02;3.0;9.0;16.0;41.0;733.0;46.0;1507.0;1663;1552.0
6867;180.0;1123B9B9;92B3EDD4;0.02;0.15;0.19;0.01;0.01;2.0;9.0;2.0;9.0;783.0;39.0;1502.0;1647;1537.0
6866;180.0;6926155E;92B3EDD4;0.02;0.17;0.23;0.01;0.01;1.0;9.0;7.0;45.0;945.0;39.0;1502.0;1665;1537.0
6865;180.0;FFC054AA;71A937D5;0.02;0.48;0.54;0.0;0.02;4.0;4.0;3.0;33.0;827.0;51.0;1487.0;1629;1522.0
6864;180.0;C14AF6DA;71A937D5;0.01;0.37;0.41;0.0;0.02;3.0;4.0;16.0;40.0;518.0;51.0;1487.0;1629;1522.0
6863;180.0;B8E2FEC8;71A937D5;0.02;0.45;0.51;0.0;0.02;2.0;4.0;2.0;8.0;571.0;51.0;1487.0;1626;1522.0
6862;180.0;DE2E1932;71A937D5;0.01;0.39;0.44;0.0;0.02;1.0;4.0;7.0;44.0;728.0;51.0;1487.0;1654;1522.0
6861;180.0;3FF0AD3C;71A937D5;0.02;0.44;0.5;0.0;0.02;4.0;4.0;3.0;32.0;608.0;46.0;1487.0;1634;1522.0
6860;180.0;05B459DC;71A937D5;0.02;0.5;0.56;0.0;0.02;3.0;4.0;16.0;39.0;300.0;46.0;1487.0;1633;1522.0
6859;180.0;DA5B32DF;71A937D5;0.02;0.46;0.51;0.0;0.02;2.0;4.0;2.0;7.0;350.0;46.0;1487.0;1634;1522.0
6858;180.0;9A4803DA;71A937D5;0.02;0.41;0.47;0.0;0.02;1.0;4.0;7.0;43.0;494.0;46.0;1487.0;1647;1522.0
6857;180.0;F2D2D81F;71A937D5;0.01;0.38;0.42;0.0;0.02;3.0;3.0;3.0;31.0;320.0;46.0;1487.0;1644;1522.0
6856;180.0;ADE5CE6C;71A937D5;0.02;0.44;0.5;0.0;0.02;2.0;5.0;16.0;38.0;0.0;46.0;1487.0;1655;1522.0
6855;180.0;89B373CD;71A937D5;0.02;0.42;0.47;0.0;0.02;1.0;5.0;2.0;6.0;0.0;46.0;1487.0;1681;1522.0
6853;180.0;DD7F1140;4D302CE7;0.0;0.94;0.98;0.0;0.0;1.0;1.0;7.0;42.0;0.0;64.0;1460.0;1609;1485.0
6852;180.0;1678F175;163D1351;0.02;0.17;0.19;0.0;0.02;4.0;4.0;3.0;29.0;3718.0;46.0;1503.0;1660;1548.0
6851;180.0;00875E6C;163D1351;0.02;0.25;0.28;0.0;0.02;3.0;5.0;2.0;5.0;1016.0;51.0;1503.0;1659;1548.0
6850;180.0;24EDBBAB;163D1351;0.02;0.17;0.18;0.0;0.02;2.0;5.0;8.0;53.0;686.0;51.0;1503.0;1660;1548.0
6849;180.0;3177EB15;163D1351;0.03;0.26;0.29;0.0;0.03;1.0;5.0;16.0;37.0;0.0;55.0;1503.0;1711;1548.0
6848;180.0;013F756A;B29F406B;0.02;0.2;0.22;0.01;0.02;5.0;5.0;7.0;41.0;613.0;46.0;1504.0;1662;1549.0
6847;180.0;4E8031E6;07025389;0.02;0.34;0.38;0.01;0.02;4.0;5.0;3.0;28.0;3391.0;46.0;1497.0;1646;1537.0
6846;180.0;989334DE;07025389;0.02;0.24;0.26;0.01;0.01;3.0;5.0;2.0;4.0;674.0;46.0;1497.0;1652;1537.0
6845;180.0;0B4770D8;07025389;0.02;0.29;0.32;0.01;0.02;2.0;5.0;8.0;52.0;344.0;46.0;1497.0;1650;1537.0
6844;180.0;69CC0799;07025389;0.02;0.27;0.3;0.01;0.01;1.0;5.0;7.0;40.0;335.0;46.0;1497.0;1664;1537.0
6843;180.0;BD60C214;1F3F501C;0.02;0.15;0.17;0.01;0.01;1.0;1.0;3.0;27.0;3101.0;46.0;1503.0;1675;1543.0
6842;180.0;2E12F21A;E2EF030B;0.02;0.23;0.27;0.01;0.03;7.0;7.0;16.0;36.0;2893.0;46.0;1502.0;1658;1547.0
6841;180.0;12CB7CBB;96956A01;0.03;0.23;0.26;0.01;0.03;6.0;7.0;2.0;3.0;321.0;46.0;1500.0;1665;1540.0
6840;180.0;67709FBF;96956A01;0.02;0.19;0.21;0.01;0.02;5.0;7.0;8.0;51.0;0.0;46.0;1500.0;1669;1540.0
6839;180.0;18F10B63;D9D35C86;0.02;0.21;0.24;0.01;0.02;4.0;7.0;7.0;39.0;0.0;46.0;1500.0;1660;1540.0
6838;180.0;700CA552;8C409667;0.02;0.21;0.24;0.01;0.0;3.0;7.0;3.0;26.0;2769.0;46.0;1504.0;1655;1539.0
6837;180.0;CB174CA8;8C409667;0.02;0.22;0.24;0.01;0.0;2.0;7.0;16.0;35.0;2587.0;46.0;1504.0;1656;1539.0
6836;180.0;2161033D;8C409667;0.03;0.23;0.25;0.01;0.0;1.0;7.0;2.0;2.0;0.0;53.0;1504.0;1711;1539.0
6835;90.0;D67825CA;7BF6FBDF;0.01;0.38;0.4;0.0;0.01;10.0;10.0;3.0;25.0;2355.0;34.0;1482.0;1650;1537.0
6834;90.0;73C9F9BF;7BF6FBDF;0.01;0.4;0.43;0.0;0.01;9.0;10.0;16.0;34.0;2166.0;34.0;1482.0;1646;1537.0
6833;90.0;C5C79016;7BF6FBDF;0.02;0.47;0.5;0.0;0.01;8.0;10.0;8.0;50.0;2295.0;34.0;1482.0;1645;1537.0
6832;90.0;894E2188;7BF6FBDF;0.01;0.45;0.48;0.0;0.01;7.0;10.0;7.0;38.0;2123.0;34.0;1482.0;1644;1537.0
6831;90.0;68984E99;7BF6FBDF;0.02;0.49;0.53;0.0;0.01;6.0;10.0;2.0;1.0;0.0;34.0;1482.0;1676;1537.0
6830;90.0;B3C0A5EE;7BF6FBDF;0.02;0.46;0.49;0.0;0.01;5.0;10.0;3.0;24.0;2057.0;34.0;1482.0;1642;1537.0
6829;90.0;36646D50;7BF6FBDF;0.01;0.45;0.48;0.0;0.01;4.0;10.0;8.0;49.0;2049.0;34.0;1482.0;1644;1537.0
6828;90.0;F8CF7EE9;7BF6FBDF;0.01;0.36;0.38;0.0;0.01;3.0;10.0;16.0;33.0;1805.0;34.0;1482.0;1646;1537.0
6827;90.0;47C28C41;7BF6FBDF;0.02;0.47;0.5;0.0;0.01;2.0;10.0;7.0;37.0;1807.0;34.0;1482.0;1648;1537.0
6826;90.0;913097BC;7BF6FBDF;0.02;0.49;0.52;0.0;0.01;1.0;10.0;15.0;60.0;1231.0;34.0;1482.0;1663;1537.0
6825;90.0;C964DF63;CC18C404;0.02;0.18;0.19;0.01;0.02;2.0;2.0;3.0;23.0;1738.0;34.0;1506.0;1662;1551.0
6824;90.0;497059B7;CC18C404;0.02;0.18;0.2;0.01;0.02;1.0;2.0;8.0;48.0;1730.0;34.0;1506.0;1673;1551.0
6823;90.0;808CFF28;0C12C54A;0.0;0.4;0.42;0.02;0.04;7.0;7.0;16.0;32.0;1488.0;51.0;1472.0;1637;1517.0
6822;90.0;860DF6F5;0C12C54A;0.0;0.53;0.56;0.02;0.06;6.0;7.0;7.0;36.0;1496.0;51.0;1472.0;1637;1517.0
6821;90.0;B1E4A86E;0C12C54A;0.0;0.56;0.6;0.02;0.06;5.0;7.0;15.0;59.0;923.0;51.0;1472.0;1632;1517.0
6820;90.0;69017C5B;E9D2B793;0.0;0.46;0.51;0.01;0.1;4.0;7.0;3.0;22.0;1432.0;34.0;1480.0;1639;1530.0
6819;90.0;003FF6D5;E9D2B793;0.0;0.4;0.44;0.01;0.09;3.0;7.0;8.0;47.0;1432.0;34.0;1480.0;1646;1530.0
6818;90.0;21904E9B;9970B431;0.0;0.47;0.57;0.01;0.1;2.0;7.0;16.0;31.0;1190.0;34.0;1480.0;1656;1530.0
6817;90.0;22EFD013;9970B431;0.0;0.43;0.52;0.01;0.09;1.0;7.0;7.0;35.0;1199.0;34.0;1480.0;1659;1530.0
6816;90.0;0113FD5B;1C61F0BD;0.0;0.64;0.69;0.01;0.06;5.0;5.0;15.0;58.0;629.0;18.0;1474.0;1626;1509.0
6815;90.0;1040D485;1C61F0BD;0.0;0.86;0.92;0.01;0.08;4.0;5.0;3.0;21.0;1140.0;18.0;1474.0;1604;1509.0
6814;90.0;D2BA2F65;74291B2A;0.0;0.38;0.42;0.0;0.01;3.0;5.0;8.0;46.0;1142.0;34.0;1480.0;1630;1525.0
6813;90.0;0735F259;3BA0D398;0.0;0.33;0.35;0.0;0.03;2.0;5.0;16.0;30.0;902.0;18.0;1488.0;1629;1533.0
6812;90.0;99FFA20D;332091CC;0.01;0.59;0.65;0.01;0.0;1.0;5.0;7.0;34.0;899.0;37.0;1486.0;1654;1531.0
6811;90.0;69017C5B;E85F4719;0.01;0.62;0.65;0.0;0.02;2.0;7.0;15.0;57.0;297.0;18.0;1487.0;1624;1532.0
6810;90.0;6F6DDFD0;E85F4719;0.0;0.44;0.47;0.0;0.02;1.0;7.0;3.0;20.0;805.0;34.0;1487.0;1660;1532.0
6809;90.0;C2733EA1;6466E4EB;0.02;0.18;0.22;0.01;0.01;9.0;9.0;8.0;45.0;798.0;34.0;1505.0;1654;1550.0
6808;90.0;C6C15034;59D14704;0.02;0.52;0.56;0.0;0.01;8.0;9.0;16.0;29.0;561.0;34.0;1487.0;1643;1537.0
6807;90.0;34FB66E8;59D14704;0.01;0.48;0.51;0.0;0.01;7.0;9.0;7.0;33.0;565.0;34.0;1487.0;1648;1537.0
6806;90.0;47E2CC90;59D14704;0.01;0.45;0.48;0.0;0.01;6.0;9.0;15.0;56.0;0.0;34.0;1487.0;1655;1537.0
6805;90.0;6FFD8F4C;59D14704;0.01;0.42;0.45;0.0;0.01;5.0;9.0;3.0;19.0;504.0;34.0;1487.0;1636;1537.0
6804;90.0;8C3E496D;59D14704;0.01;0.46;0.49;0.0;0.01;4.0;9.0;8.0;44.0;513.0;34.0;1487.0;1644;1537.0
6803;90.0;C6D0E5E5;59D14704;0.02;0.61;0.66;0.0;0.01;3.0;9.0;16.0;28.0;277.0;34.0;1487.0;1641;1537.0
6802;90.0;058B15B1;59D14704;0.02;0.62;0.67;0.0;0.01;2.0;9.0;7.0;32.0;262.0;34.0;1487.0;1644;1537.0
6801;90.0;BD2A231C;59D14704;0.01;0.46;0.49;0.0;0.01;1.0;9.0;3.0;18.0;241.0;44.0;1487.0;1667;1537.0
6800;90.0;CA73F08E;60EFAC81;0.01;0.32;0.35;0.01;0.04;5.0;5.0;8.0;43.0;237.0;34.0;1480.0;1662;1540.0
6799;90.0;A3D4E93B;60EFAC81;0.01;0.42;0.46;0.02;0.05;4.0;5.0;16.0;27.0;0.0;34.0;1480.0;1679;1540.0
6798;90.0;F11CE96C;60EFAC81;0.01;0.41;0.44;0.02;0.05;3.0;5.0;7.0;31.0;0.0;34.0;1480.0;1673;1540.0
6797;90.0;8042FE4D;60EFAC81;0.01;0.45;0.48;0.02;0.06;2.0;5.0;3.0;17.0;0.0;34.0;1480.0;1664;1540.0
6796;90.0;FBD9731F;60EFAC81;0.01;0.37;0.4;0.02;0.05;1.0;5.0;8.0;42.0;0.0;46.0;1480.0;1682;1540.0
6795;90.0;3283A59A;7320E76A;0.02;0.51;0.54;0.0;0.02;2.0;2.0;16.0;26.0;660.0;32.0;1481.0;1645;1536.0
6794;90.0;C8A98182;48A7AB1A;0.01;0.41;0.43;0.0;0.02;1.0;2.0;3.0;16.0;4906.0;34.0;1486.0;1653;1531.0
6793;90.0;08E72091;D927D5F2;0.02;0.14;0.16;0.01;0.02;7.0;7.0;7.0;30.0;7715.0;32.0;1507.0;1662;1551.0
6792;90.0;3066E4AD;D927D5F2;0.02;0.12;0.14;0.01;0.02;6.0;7.0;15.0;55.0;7490.0;32.0;1507.0;1660;1551.0
6791;90.0;FB2FE798;D927D5F2;0.03;0.19;0.22;0.01;0.03;5.0;7.0;8.0;41.0;7360.0;32.0;1507.0;1658;1551.0
6790;90.0;48B4ED39;D927D5F2;0.02;0.16;0.18;0.01;0.02;4.0;7.0;16.0;25.0;360.0;32.0;1507.0;1656;1551.0
6789;90.0;7E01D2DC;D927D5F2;0.02;0.15;0.18;0.01;0.02;3.0;7.0;3.0;15.0;4614.0;32.0;1507.0;1657;1551.0
6788;90.0;5CFA5613;D927D5F2;0.02;0.15;0.17;0.01;0.02;2.0;7.0;7.0;29.0;7423.0;32.0;1507.0;1654;1551.0
6787;90.0;010EC3AC;D927D5F2;0.02;0.18;0.2;0.01;0.02;1.0;7.0;15.0;54.0;7180.0;32.0;1507.0;1677;1551.0
6786;90.0;06F9B071;22C5A4BE;0.02;0.15;0.18;0.01;0.0;4.0;4.0;8.0;40.0;7009.0;18.0;1511.0;1668;1552.0
6785;90.0;C4E641CE;7D015357;0.02;0.19;0.22;0.01;0.01;3.0;4.0;16.0;24.0;0.0;44.0;1506.0;1672;1551.0
6784;90.0;2CEB65B3;7D015357;0.02;0.2;0.22;0.01;0.01;2.0;4.0;3.0;14.0;4252.0;46.0;1506.0;1656;1551.0
6783;90.0;3BD1A3EC;7D015357;0.02;0.19;0.21;0.01;0.01;1.0;4.0;7.0;28.0;7052.0;55.0;1506.0;1693;1551.0
6782;180.0;F0475594;398F4446;0.01;0.42;0.46;0.02;0.02;2.0;2.0;15.0;53.0;6732.0;51.0;1480.0;1666;1530.0
6781;180.0;54A9065D;398F4446;0.01;0.41;0.45;0.02;0.02;1.0;2.0;8.0;39.0;6585.0;55.0;1480.0;1662;1530.0
6780;180.0;75624935;656E5837;0.01;0.31;0.35;0.0;0.02;6.0;8.0;3.0;13.0;3898.0;46.0;1486.0;1642;1531.0
6779;180.0;5A1CA2BA;D6C5A3D0;0.02;0.17;0.19;0.0;0.01;5.0;8.0;7.0;27.0;6693.0;46.0;1501.0;1661;1546.0
6778;180.0;1169D647;D6C5A3D0;0.02;0.22;0.25;0.0;0.02;4.0;8.0;16.0;23.0;7074.0;46.0;1501.0;1659;1546.0
6777;180.0;BAC423A9;00FFEE90;0.01;0.39;0.42;0.01;0.02;3.0;8.0;15.0;52.0;6403.0;51.0;1489.0;1654;1534.0
6776;180.0;E0CE77EC;00FFEE90;0.01;0.37;0.4;0.01;0.02;2.0;8.0;8.0;38.0;6271.0;46.0;1489.0;1644;1534.0
6775;180.0;FC8DD612;BC44A3FB;0.02;0.47;0.52;0.0;0.02;1.0;8.0;3.0;12.0;3572.0;46.0;1485.0;1655;1530.0
6774;180.0;B9F0D281;46F56B8C;0.01;0.46;0.5;0.01;0.04;6.0;6.0;7.0;26.0;6376.0;46.0;1480.0;1634;1525.0
6773;180.0;8FA0C91E;46F56B8C;0.0;0.31;0.33;0.01;0.02;5.0;6.0;16.0;22.0;6763.0;46.0;1480.0;1637;1525.0
6772;180.0;96BA453F;46F56B8C;0.0;0.36;0.39;0.01;0.03;4.0;6.0;15.0;51.0;6104.0;46.0;1480.0;1636;1525.0
6771;180.0;74FF37FA;46F56B8C;0.01;0.38;0.41;0.01;0.03;3.0;6.0;8.0;37.0;5978.0;46.0;1480.0;1634;1525.0
6770;180.0;A5FE3E56;46F56B8C;0.01;0.4;0.43;0.01;0.03;2.0;6.0;3.0;11.0;3281.0;46.0;1480.0;1633;1525.0
6769;180.0;51C9AA40;46F56B8C;0.0;0.33;0.36;0.01;0.03;1.0;6.0;7.0;25.0;6084.0;51.0;1480.0;1657;1525.0
6768;180.0;06669118;46F56B8C;0.0;0.33;0.35;0.01;0.03;7.0;7.0;16.0;21.0;6460.0;39.0;1480.0;1631;1525.0
6767;180.0;F2443437;46F56B8C;0.0;0.33;0.36;0.01;0.03;6.0;7.0;15.0;50.0;5798.0;44.0;1480.0;1632;1525.0
6766;180.0;CA1A71A8;46F56B8C;0.01;0.45;0.49;0.01;0.04;5.0;7.0;8.0;36.0;5677.0;39.0;1480.0;1626;1525.0
6765;180.0;B971DDDE;46F56B8C;0.01;0.41;0.44;0.01;0.03;4.0;7.0;3.0;10.0;2991.0;44.0;1480.0;1652;1525.0
6764;180.0;E2A73672;46F56B8C;0.0;0.34;0.37;0.01;0.03;3.0;7.0;7.0;24.0;5795.0;44.0;1480.0;1654;1525.0
6763;180.0;7D5030C8;46F56B8C;0.01;0.41;0.44;0.01;0.03;2.0;7.0;16.0;20.0;6178.0;44.0;1480.0;1642;1525.0
6762;180.0;9201DF15;46F56B8C;0.0;0.33;0.35;0.01;0.03;1.0;7.0;15.0;49.0;5519.0;55.0;1480.0;1657;1525.0
6761;180.0;0DE0FD16;703CB22C;0.02;0.43;0.45;0.0;0.02;8.0;8.0;8.0;35.0;5405.0;46.0;1486.0;1661;1536.0
6760;180.0;9BE32D26;703CB22C;0.02;0.63;0.65;0.0;0.02;7.0;8.0;3.0;9.0;2721.0;46.0;1486.0;1651;1536.0
6759;180.0;58CE70DE;703CB22C;0.02;0.54;0.56;0.0;0.02;6.0;8.0;7.0;23.0;5520.0;46.0;1486.0;1651;1536.0
6758;180.0;EEE1FFE5;703CB22C;0.02;0.46;0.48;0.0;0.02;5.0;8.0;16.0;19.0;5871.0;46.0;1486.0;1653;1536.0
6757;180.0;BEEA95D9;703CB22C;0.02;0.53;0.55;0.0;0.02;4.0;8.0;15.0;48.0;5193.0;46.0;1486.0;1653;1536.0
6756;180.0;0A17BAE1;D139AB57;0.01;0.49;0.52;0.0;0.0;3.0;8.0;8.0;34.0;5036.0;55.0;1481.0;1663;1526.0
6755;180.0;57AED836;D139AB57;0.0;0.4;0.42;0.0;0.0;2.0;8.0;3.0;8.0;2326.0;55.0;1481.0;1659;1526.0
6754;180.0;91409A57;6C955C02;0.01;0.43;0.47;0.0;0.0;1.0;8.0;7.0;22.0;5130.0;55.0;1483.0;1666;1528.0
6753;180.0;B2F12527;9C0993CD;0.02;0.41;0.45;0.0;0.01;10.0;10.0;16.0;18.0;5500.0;46.0;1480.0;1634;1515.0
6752;180.0;D14EF008;87C78AB7;0.0;0.42;0.49;0.0;0.0;9.0;10.0;15.0;47.0;4840.0;32.0;1480.0;1620;1525.0
6751;180.0;E2A576D2;87C78AB7;0.01;0.55;0.64;0.0;0.0;8.0;10.0;8.0;33.0;4717.0;32.0;1480.0;1617;1525.0
6750;180.0;74169200;87C78AB7;0.01;0.51;0.59;0.0;0.0;7.0;10.0;3.0;7.0;2031.0;32.0;1480.0;1621;1525.0
6749;180.0;87742F2F;87C78AB7;0.01;0.52;0.61;0.0;0.0;6.0;10.0;7.0;21.0;4843.0;46.0;1480.0;1633;1525.0
6748;180.0;2F8E7E59;87C78AB7;0.01;0.47;0.54;0.0;0.0;5.0;10.0;16.0;17.0;5214.0;32.0;1480.0;1627;1525.0
6747;180.0;DC0135E0;5C6E672A;0.02;0.45;0.48;0.0;0.02;4.0;10.0;15.0;46.0;4544.0;46.0;1483.0;1635;1518.0
6746;180.0;E3AEF225;5C6E672A;0.03;0.58;0.62;0.01;0.03;3.0;10.0;8.0;32.0;4420.0;46.0;1483.0;1635;1518.0
6745;180.0;030915FA;DD4524C7;0.02;0.42;0.44;0.01;0.0;2.0;10.0;3.0;6.0;1726.0;46.0;1480.0;1631;1515.0
6744;180.0;4BCA33B9;DD4524C7;0.02;0.55;0.57;0.01;0.0;1.0;10.0;7.0;20.0;4527.0;46.0;1480.0;1645;1515.0
6743;180.0;B7A4284C;56FFE5DC;0.02;0.14;0.15;0.01;0.01;4.0;4.0;16.0;16.0;4846.0;44.0;1507.0;1653;1532.0
6742;180.0;A50CB92C;56FFE5DC;0.02;0.19;0.22;0.01;0.01;3.0;4.0;15.0;45.0;4175.0;44.0;1507.0;1639;1532.0
6741;180.0;14961B67;56FFE5DC;0.02;0.17;0.19;0.01;0.01;2.0;4.0;8.0;31.0;4050.0;46.0;1507.0;1654;1532.0
6740;180.0;84EBC15E;56FFE5DC;0.02;0.13;0.15;0.01;0.01;1.0;4.0;3.0;5.0;1356.0;60.0;1507.0;1676;1532.0
6739;180.0;ABB4566C;76884E9D;0.0;0.85;0.9;0.01;0.07;4.0;4.0;7.0;19.0;4141.0;46.0;1474.0;1623;1499.0
6738;180.0;807E6060;76884E9D;0.0;0.59;0.62;0.01;0.05;3.0;4.0;16.0;15.0;4355.0;46.0;1474.0;1615;1499.0
6737;180.0;3786CA7F;76884E9D;0.0;0.68;0.71;0.01;0.06;4.0;6.0;8.0;30.0;3621.0;46.0;1474.0;1612;1499.0
6736;180.0;A8ADE61C;1C61F0BD;0.0;0.71;0.76;0.01;0.06;3.0;6.0;15.0;44.0;3631.0;46.0;1474.0;1624;1509.0
6735;180.0;D166EF37;22ADB3F3;0.0;0.65;0.67;0.01;0.05;2.0;6.0;3.0;4.0;878.0;46.0;1476.0;1618;1501.0
6734;180.0;AFD5A318;22ADB3F3;0.0;0.66;0.69;0.01;0.05;1.0;6.0;7.0;18.0;3684.0;46.0;1476.0;1621;1501.0
6733;180.0;B088BED2;5E203A14;0.0;0.34;0.36;0.0;0.01;7.0;7.0;16.0;14.0;4058.0;46.0;1486.0;1648;1526.0
6732;180.0;DBA177ED;5E203A14;0.01;0.4;0.42;0.0;0.01;6.0;7.0;8.0;29.0;3333.0;46.0;1486.0;1635;1526.0
6731;180.0;AE2ED6F9;C838F0CE;0.01;0.27;0.29;0.0;0.0;5.0;7.0;15.0;43.0;3340.0;41.0;1500.0;1641;1540.0
6730;180.0;B807A881;C838F0CE;0.01;0.28;0.3;0.0;0.0;4.0;7.0;3.0;3.0;594.0;46.0;1500.0;1657;1540.0
6729;180.0;B7A4284C;BE0EA08D;0.02;0.2;0.21;0.0;0.01;3.0;7.0;7.0;17.0;3393.0;46.0;1497.0;1642;1537.0
6728;180.0;7D3D5777;D2630227;0.02;0.25;0.29;0.01;0.0;2.0;7.0;16.0;13.0;3771.0;41.0;1493.0;1642;1533.0
6727;180.0;477082A7;D2630227;0.02;0.33;0.38;0.01;0.0;1.0;7.0;8.0;28.0;3043.0;46.0;1493.0;1663;1533.0
6726;180.0;ED5B4DB4;D22BFB79;0.01;0.34;0.38;0.01;0.05;6.0;6.0;15.0;42.0;3044.0;46.0;1480.0;1656;1540.0
6725;180.0;6C75D89D;D22BFB79;0.01;0.37;0.41;0.01;0.05;5.0;6.0;3.0;2.0;297.0;46.0;1480.0;1643;1540.0
6724;180.0;808E1C7E;D22BFB79;0.01;0.38;0.42;0.01;0.05;4.0;6.0;7.0;16.0;3102.0;46.0;1480.0;1656;1540.0
6723;180.0;8FFF5C40;D22BFB79;0.01;0.46;0.51;0.02;0.06;3.0;6.0;8.0;27.0;2810.0;46.0;1480.0;1642;1540.0
6722;180.0;99378966;D22BFB79;0.01;0.43;0.47;0.02;0.06;2.0;6.0;16.0;12.0;3415.0;46.0;1480.0;1651;1540.0
6721;180.0;24FFA6CD;D22BFB79;0.01;0.43;0.48;0.02;0.06;1.0;6.0;3.0;1.0;0.0;51.0;1480.0;1703;1540.0
6720;180.0;76456250;E9D2B793;0.0;0.35;0.39;0.01;0.08;4.0;4.0;15.0;41.0;2694.0;25.0;1480.0;1626;1525.0
6719;180.0;6FAD0B42;9970B431;0.0;0.45;0.54;0.01;0.1;3.0;4.0;7.0;15.0;2807.0;34.0;1480.0;1633;1525.0
6718;180.0;672CCC47;9970B431;0.0;0.35;0.42;0.01;0.08;2.0;4.0;8.0;26.0;2516.0;34.0;1480.0;1626;1525.0
6717;180.0;06E0D8D5;9970B431;0.0;0.31;0.38;0.01;0.07;1.0;4.0;16.0;11.0;3130.0;39.0;1480.0;1650;1525.0
6716;180.0;6B8DD7D7;E1B28665;0.01;0.43;0.47;0.0;0.01;8.0;8.0;15.0;40.0;2469.0;46.0;1492.0;1665;1547.0
6715;180.0;F377E584;E1B28665;0.01;0.46;0.5;0.0;0.01;7.0;8.0;7.0;14.0;2587.0;46.0;1492.0;1664;1547.0
6714;180.0;6EF27CA1;E1B28665;0.01;0.38;0.41;0.0;0.01;6.0;8.0;8.0;25.0;2300.0;46.0;1492.0;1664;1547.0
6713;180.0;0C9D1326;E1B28665;0.0;0.36;0.39;0.0;0.01;5.0;8.0;16.0;10.0;2917.0;46.0;1492.0;1664;1547.0
6712;180.0;5A3F1FD8;E1B28665;0.01;0.44;0.47;0.0;0.01;4.0;8.0;15.0;39.0;2248.0;46.0;1492.0;1671;1547.0
6711;180.0;CC2C0734;E1B28665;0.01;0.43;0.47;0.0;0.01;3.0;8.0;7.0;13.0;2350.0;46.0;1492.0;1670;1547.0
6710;180.0;7CC99FE3;E1B28665;0.01;0.45;0.49;0.0;0.01;2.0;8.0;8.0;24.0;2054.0;46.0;1492.0;1671;1547.0
6709;180.0;6DD250BD;E1B28665;0.0;0.31;0.33;0.0;0.01;1.0;8.0;16.0;9.0;2670.0;57.0;1492.0;1698;1547.0
6708;180.0;EBB1D1B6;F1291CB0;0.02;0.16;0.18;0.01;0.02;6.0;6.0;15.0;38.0;1999.0;55.0;1506.0;1669;1546.0
6707;180.0;82677F0C;F1291CB0;0.03;0.24;0.26;0.01;0.03;5.0;6.0;7.0;12.0;2099.0;51.0;1506.0;1660;1546.0
6706;180.0;D4365A86;F1291CB0;0.02;0.23;0.26;0.01;0.02;4.0;6.0;8.0;23.0;1807.0;51.0;1506.0;1659;1546.0
6705;180.0;B79EA780;F1291CB0;0.02;0.19;0.21;0.01;0.02;3.0;6.0;16.0;8.0;2408.0;55.0;1506.0;1670;1546.0
6704;180.0;8015E575;F1291CB0;0.02;0.22;0.25;0.01;0.02;2.0;6.0;15.0;37.0;1743.0;51.0;1506.0;1663;1546.0
6703;180.0;FF0A071C;F1291CB0;0.02;0.19;0.21;0.01;0.02;1.0;6.0;7.0;11.0;1857.0;60.0;1506.0;1694;1546.0
6702;180.0;90AF7FEF;F1291CB0;0.02;0.16;0.17;0.01;0.02;7.0;7.0;8.0;22.0;1557.0;51.0;1506.0;1666;1546.0
6701;180.0;44BAAA07;F1291CB0;0.02;0.18;0.19;0.01;0.02;6.0;7.0;16.0;7.0;2177.0;55.0;1506.0;1678;1546.0
6700;180.0;0DF105D2;F1291CB0;0.03;0.25;0.27;0.01;0.03;5.0;7.0;15.0;36.0;1490.0;55.0;1506.0;1665;1546.0
6699;180.0;CB19F9FF;F1291CB0;0.02;0.22;0.24;0.01;0.02;4.0;7.0;7.0;10.0;1604.0;51.0;1506.0;1666;1546.0
6698;180.0;019421F8;F1291CB0;0.02;0.23;0.25;0.01;0.02;3.0;7.0;8.0;21.0;1316.0;51.0;1506.0;1668;1546.0
6697;180.0;DFE771AB;CC18C404;0.02;0.17;0.19;0.01;0.02;2.0;7.0;16.0;6.0;1932.0;46.0;1506.0;1672;1551.0
6696;180.0;A1F9A7A5;CC18C404;0.02;0.18;0.2;0.01;0.02;1.0;7.0;2.0;49.0;1324.0;55.0;1506.0;1690;1551.0
6695;180.0;E5A7669F;D249F467;0.02;0.17;0.2;0.01;0.01;2.0;2.0;15.0;35.0;1207.0;46.0;1504.0;1665;1549.0
6694;180.0;7AAB2D4E;D249F467;0.02;0.23;0.28;0.01;0.02;1.0;2.0;7.0;9.0;1307.0;51.0;1504.0;1683;1549.0
6693;180.0;4DA60812;6466E4EB;0.02;0.17;0.2;0.01;0.01;5.0;7.0;8.0;20.0;1006.0;46.0;1505.0;1659;1545.0
6692;180.0;4823CB58;6466E4EB;0.03;0.21;0.26;0.01;0.02;4.0;7.0;16.0;5.0;1614.0;46.0;1505.0;1664;1545.0
6691;180.0;9D5549D6;4AC24E4B;0.02;0.23;0.26;0.01;0.02;3.0;7.0;2.0;48.0;1008.0;51.0;1501.0;1670;1546.0
6690;180.0;02E9FB05;4AC24E4B;0.02;0.19;0.21;0.01;0.01;2.0;7.0;15.0;34.0;889.0;51.0;1501.0;1660;1546.0
6689;180.0;1297CB7F;4AC24E4B;0.02;0.26;0.3;0.01;0.02;1.0;7.0;7.0;8.0;997.0;55.0;1501.0;1688;1546.0
6688;180.0;C23FDC59;04751D20;0.02;0.2;0.22;0.01;0.02;6.0;6.0;8.0;19.0;646.0;46.0;1506.0;1673;1551.0
6687;180.0;F6DC04B7;04751D20;0.02;0.24;0.26;0.01;0.02;5.0;6.0;15.0;33.0;649.0;46.0;1506.0;1669;1551.0
6686;180.0;DB3E9AC8;04751D20;0.02;0.23;0.25;0.01;0.02;4.0;6.0;2.0;47.0;647.0;46.0;1506.0;1667;1551.0
6685;180.0;229269B6;04751D20;0.02;0.21;0.23;0.01;0.02;3.0;6.0;16.0;4.0;1122.0;46.0;1506.0;1665;1551.0
6684;180.0;9CA2BC91;2277D145;0.02;0.22;0.24;0.01;0.02;2.0;6.0;7.0;7.0;619.0;46.0;1506.0;1663;1551.0
6683;180.0;6E41F577;2277D145;0.02;0.2;0.22;0.01;0.02;1.0;6.0;8.0;18.0;329.0;51.0;1506.0;1688;1551.0
6682;180.0;E3548789;56FFE5DC;0.02;0.13;0.15;0.01;0.01;4.0;4.0;15.0;32.0;327.0;39.0;1507.0;1638;1532.0
6681;180.0;D2BA2F65;56FFE5DC;0.02;0.14;0.15;0.01;0.01;3.0;4.0;2.0;46.0;325.0;39.0;1507.0;1640;1532.0
6680;180.0;42879CB7;56FFE5DC;0.02;0.15;0.16;0.01;0.01;2.0;4.0;16.0;3.0;806.0;39.0;1507.0;1659;1532.0
6679;180.0;D46C6DCF;56FFE5DC;0.02;0.16;0.18;0.01;0.01;1.0;4.0;7.0;6.0;299.0;55.0;1507.0;1670;1532.0
6678;180.0;0A3BDFA4;2559381B;0.01;0.98;1.07;0.01;0.0;5.0;5.0;8.0;17.0;0.0;57.0;1460.0;1666;1485.0
6677;180.0;BA0A79F7;2559381B;0.01;0.97;1.06;0.01;0.0;4.0;5.0;15.0;31.0;0.0;57.0;1460.0;1631;1485.0
6676;180.0;CAFE9C33;2559381B;0.01;1.02;1.12;0.01;0.0;3.0;5.0;2.0;45.0;0.0;57.0;1460.0;1630;1485.0
6675;180.0;71E889B5;2559381B;0.01;0.83;0.9;0.01;0.0;2.0;5.0;16.0;2.0;493.0;57.0;1460.0;1637;1485.0
6674;180.0;D74F6928;2559381B;0.01;0.96;1.05;0.01;0.0;1.0;5.0;7.0;5.0;0.0;57.0;1460.0;1646;1485.0
6673;180.0;ABB4566C;2559381B;0.01;1.19;1.3;0.01;0.0;2.0;2.0;8.0;16.0;1131.0;57.0;1460.0;1622;1485.0
6672;180.0;68D3EC0C;2559381B;0.01;1.13;1.23;0.01;0.0;1.0;7.0;16.0;1.0;0.0;53.0;1460.0;1644;1485.0
6671;180.0;8327A570;2E6989E1;0.01;0.43;0.47;0.0;0.0;2.0;2.0;2.0;44.0;839.0;46.0;1487.0;1643;1527.0
6670;180.0;7ACA4D49;2D9B78CA;0.01;0.43;0.45;0.0;0.02;1.0;2.0;15.0;30.0;838.0;55.0;1487.0;1657;1527.0
6669;180.0;676FA65C;C696558F;0.02;0.2;0.22;0.0;0.02;5.0;5.0;7.0;4.0;820.0;46.0;1505.0;1648;1535.0
6668;180.0;E17F059F;C696558F;0.03;0.23;0.25;0.0;0.02;4.0;7.0;8.0;15.0;805.0;46.0;1505.0;1654;1535.0
6667;180.0;07AE6446;71A937D5;0.01;0.39;0.44;0.0;0.02;3.0;7.0;2.0;43.0;565.0;51.0;1487.0;1644;1522.0
6666;180.0;723CB526;71A937D5;0.01;0.39;0.44;0.0;0.02;2.0;7.0;15.0;29.0;555.0;46.0;1487.0;1629;1522.0
6665;180.0;F230D130;6570BD8E;0.01;0.36;0.38;0.0;0.02;1.0;7.0;7.0;3.0;545.0;46.0;1485.0;1672;1520.0
6664;180.0;2D03EECB;5671F44D;0.01;0.5;0.53;0.0;0.01;3.0;3.0;8.0;14.0;546.0;46.0;1486.0;1661;1536.0
6663;180.0;8B52ACBB;6657D710;0.01;0.4;0.48;0.0;0.0;2.0;3.0;2.0;42.0;316.0;46.0;1493.0;1660;1543.0
6662;180.0;865AAE69;6657D710;0.01;0.37;0.44;0.0;0.0;1.0;3.0;15.0;28.0;322.0;46.0;1493.0;1678;1543.0
6661;180.0;47FF5409;30171CF7;0.03;0.24;0.29;0.01;0.02;2.0;5.0;7.0;2.0;244.0;55.0;1504.0;1679;1544.0
6660;180.0;76EB37E8;48A7AB1A;0.01;0.37;0.39;0.0;0.02;1.0;5.0;8.0;13.0;235.0;46.0;1486.0;1652;1526.0
6659;180.0;208F0FA9;0D082BA3;0.01;0.24;0.27;0.01;0.02;4.0;4.0;2.0;41.0;0.0;46.0;1498.0;1672;1538.0
6658;180.0;88BBA8F1;3167C7EE;0.02;0.18;0.2;0.0;0.01;3.0;4.0;15.0;27.0;0.0;46.0;1502.0;1675;1537.0
6657;180.0;3A7E4D92;F7838086;0.01;0.44;0.47;0.0;0.0;2.0;4.0;7.0;1.0;0.0;46.0;1483.0;1685;1528.0
6656;180.0;BCC3F9B8;6C4C7BC5;0.01;0.37;0.39;0.0;0.0;1.0;4.0;8.0;12.0;0.0;55.0;1485.0;1712;1530.0
6655;180.0;A3A1E9F8;2BA96869;0.01;0.51;0.55;0.0;0.03;3.0;3.0;8.0;11.0;2852.0;51.0;1486.0;1645;1526.0
6654;180.0;E752D832;2BA96869;0.01;0.39;0.41;0.0;0.02;2.0;3.0;2.0;40.0;3765.0;46.0;1486.0;1634;1526.0
6653;180.0;08D3F70F;2BA96869;0.01;0.41;0.44;0.0;0.02;1.0;5.0;15.0;26.0;3587.0;51.0;1486.0;1658;1526.0
6651;180.0;53D4CC80;493EAF60;0.02;0.47;0.49;0.0;0.01;2.0;2.0;8.0;10.0;2482.0;46.0;1486.0;1633;1521.0
6652;180.0;8ED35BDC;493EAF60;0.02;0.4;0.42;0.0;0.01;1.0;2.0;2.0;39.0;3507.0;51.0;1486.0;1654;1521.0
6650;180.0;7070F8D5;67470249;0.01;0.37;0.42;0.0;0.02;6.0;7.0;15.0;25.0;3336.0;51.0;1486.0;1643;1526.0
6649;180.0;019421F8;67470249;0.01;0.45;0.51;0.0;0.02;5.0;7.0;8.0;9.0;2365.0;51.0;1486.0;1643;1526.0
6648;180.0;B22A4B24;67470249;0.01;0.43;0.48;0.0;0.02;4.0;7.0;2.0;38.0;3274.0;51.0;1486.0;1643;1526.0
6647;180.0;6DEC53D4;67470249;0.01;0.4;0.45;0.0;0.02;3.0;7.0;6.0;52.0;3056.0;51.0;1486.0;1642;1526.0
6646;180.0;5A889C89;249A7E68;0.01;0.34;0.37;0.0;0.02;2.0;7.0;5.0;42.0;3041.0;46.0;1484.0;1628;1519.0
6645;180.0;469C5DB3;249A7E68;0.02;0.49;0.53;0.0;0.02;1.0;7.0;15.0;24.0;3036.0;60.0;1484.0;1647;1519.0
6644;180.0;7320A0AA;4D302CE7;0.0;1.0;1.04;0.0;0.0;6.0;6.0;8.0;8.0;2066.0;64.0;1460.0;1616;1485.0
6643;180.0;AAEFF0FE;4D302CE7;0.0;0.83;0.86;0.0;0.0;5.0;6.0;2.0;37.0;2975.0;64.0;1460.0;1605;1485.0
6642;180.0;FFE5B3F8;4D302CE7;0.0;0.98;1.02;0.0;0.0;4.0;6.0;6.0;51.0;2754.0;64.0;1460.0;1609;1485.0
6641;180.0;24C9925B;4D302CE7;0.0;1.16;1.21;0.0;0.0;3.0;6.0;5.0;41.0;2750.0;64.0;1460.0;1602;1485.0
6640;180.0;A535BE7D;4D302CE7;0.0;1.05;1.1;0.0;0.0;2.0;6.0;15.0;23.0;2754.0;64.0;1460.0;1605;1485.0
6639;180.0;5715B98E;027DF228;0.0;1.17;1.25;0.0;0.0;1.0;6.0;8.0;7.0;1786.0;62.0;1463.0;1626;1489.0
6638;180.0;2488F24A;A68D5105;0.03;0.2;0.22;0.01;0.02;8.0;8.0;2.0;36.0;2704.0;46.0;1502.0;1657;1542.0
6637;180.0;1F946944;92B3EDD4;0.02;0.15;0.19;0.01;0.01;7.0;8.0;6.0;50.0;2487.0;46.0;1502.0;1650;1537.0
6636;180.0;16A4EE64;92B3EDD4;0.02;0.16;0.21;0.01;0.01;6.0;8.0;5.0;40.0;2484.0;39.0;1502.0;1643;1537.0
6635;180.0;AA31BF7F;60B76B26;0.02;0.2;0.23;0.01;0.02;5.0;8.0;15.0;22.0;2476.0;46.0;1504.0;1661;1544.0
6634;180.0;1EF351AC;60B76B26;0.02;0.2;0.23;0.01;0.02;4.0;8.0;8.0;6.0;1502.0;46.0;1504.0;1656;1544.0
6633;180.0;3592EAE8;60B76B26;0.02;0.16;0.18;0.01;0.02;3.0;8.0;2.0;35.0;2412.0;46.0;1504.0;1663;1544.0
6632;180.0;EECF03DB;60B76B26;0.02;0.2;0.24;0.01;0.02;2.0;8.0;6.0;49.0;2190.0;46.0;1504.0;1659;1544.0
6631;180.0;5B89B9AC;60B76B26;0.03;0.23;0.27;0.01;0.03;1.0;8.0;5.0;39.0;2185.0;46.0;1504.0;1671;1544.0
6630;180.0;53F2C714;0731C1FB;0.0;1.1;1.18;0.01;0.0;5.0;5.0;15.0;21.0;2170.0;62.0;1462.0;1607;1488.0
6629;180.0;276B6593;0731C1FB;0.0;0.88;0.95;0.01;0.0;4.0;5.0;8.0;5.0;1191.0;62.0;1462.0;1606;1488.0
6628;180.0;7AAF87F4;0731C1FB;0.0;1.08;1.16;0.01;0.0;3.0;5.0;2.0;34.0;2090.0;62.0;1462.0;1606;1488.0
6627;180.0;A87B65F8;27DBEE1F;0.0;1.17;1.22;0.0;0.0;2.0;5.0;6.0;48.0;1877.0;62.0;1462.0;1610;1488.0
6626;180.0;9B37EAF4;27DBEE1F;0.0;1.18;1.23;0.0;0.0;1.0;5.0;5.0;38.0;1866.0;62.0;1462.0;1619;1488.0
6625;180.0;3C7D506C;163D1351;0.02;0.21;0.23;0.0;0.02;6.0;6.0;15.0;20.0;1869.0;51.0;1503.0;1659;1548.0
6624;180.0;4FE5125F;163D1351;0.02;0.18;0.2;0.0;0.02;5.0;6.0;8.0;4.0;895.0;51.0;1503.0;1659;1548.0
6623;180.0;7AB0C19F;163D1351;0.02;0.25;0.28;0.0;0.02;4.0;6.0;2.0;33.0;1810.0;51.0;1503.0;1661;1548.0
6622;180.0;208F0FA9;163D1351;0.02;0.2;0.22;0.0;0.02;3.0;6.0;6.0;47.0;1595.0;46.0;1503.0;1666;1548.0
6621;180.0;16CF1656;76E5EEFF;0.03;0.23;0.27;0.01;0.01;2.0;6.0;5.0;37.0;1592.0;46.0;1504.0;1677;1549.0
6620;180.0;E0CE77EC;76E5EEFF;0.03;0.22;0.25;0.01;0.01;1.0;6.0;15.0;19.0;1595.0;55.0;1504.0;1680;1549.0
6619;180.0;F4C9AD35;07025389;0.02;0.26;0.29;0.01;0.01;4.0;4.0;8.0;3.0;618.0;46.0;1497.0;1656;1537.0
6618;180.0;7F8BD167;07025389;0.02;0.23;0.26;0.01;0.01;3.0;4.0;2.0;32.0;1529.0;46.0;1497.0;1643;1537.0
6617;180.0;2D88708A;07025389;0.02;0.32;0.35;0.01;0.02;2.0;4.0;6.0;46.0;1310.0;46.0;1497.0;1652;1537.0
6616;180.0;D66CE615;07025389;0.02;0.3;0.34;0.01;0.02;1.0;4.0;5.0;36.0;1295.0;55.0;1497.0;1682;1537.0
6615;180.0;CA918FA8;96956A01;0.02;0.19;0.21;0.01;0.02;7.0;7.0;15.0;18.0;1291.0;41.0;1500.0;1653;1540.0
6614;180.0;BCDEC50F;96956A01;0.02;0.21;0.24;0.01;0.02;6.0;7.0;8.0;2.0;322.0;46.0;1500.0;1660;1540.0
6613;180.0;D21ABEC0;8C409667;0.02;0.16;0.18;0.01;0.0;5.0;7.0;2.0;31.0;1221.0;46.0;1504.0;1657;1539.0
6612;180.0;EC15C362;1169CAE4;0.02;0.19;0.22;0.0;0.02;4.0;7.0;6.0;45.0;1005.0;46.0;1502.0;1664;1552.0
6611;180.0;38012C69;FA0F279E;0.01;0.21;0.23;0.0;0.02;3.0;7.0;5.0;35.0;988.0;46.0;1503.0;1662;1548.0
6610;180.0;17B05EB5;D36B37E7;0.01;0.45;0.51;0.0;0.0;2.0;7.0;15.0;17.0;983.0;51.0;1480.0;1638;1520.0
6609;180.0;C9EA76FC;D36B37E7;0.01;0.46;0.52;0.0;0.0;1.0;7.0;8.0;1.0;0.0;57.0;1480.0;1684;1520.0
6608;180.0;D66CE615;946866EE;0.02;0.2;0.24;0.01;0.02;2.0;2.0;2.0;30.0;893.0;46.0;1501.0;1658;1536.0
6607;180.0;35C6EF23;946866EE;0.03;0.23;0.28;0.01;0.02;1.0;2.0;6.0;44.0;674.0;46.0;1501.0;1651;1536.0
6606;180.0;303993DE;C1DBC95B;0.01;0.27;0.31;0.01;0.02;1.0;1.0;5.0;34.0;672.0;46.0;1491.0;1653;1531.0
6605;180.0;1023513B;4C9F89E7;0.02;0.18;0.2;0.01;0.02;8.0;8.0;15.0;16.0;669.0;46.0;1512.0;1681;1557.0
6604;180.0;9D9A1B5A;4C9F89E7;0.02;0.15;0.17;0.01;0.02;7.0;8.0;2.0;29.0;674.0;46.0;1512.0;1661;1557.0
6603;180.0;11451DC6;A38FF5CA;0.02;0.18;0.23;0.01;0.01;6.0;8.0;6.0;43.0;432.0;46.0;1507.0;1669;1547.0
6602;180.0;259A058B;D927D5F2;0.03;0.19;0.21;0.01;0.03;5.0;8.0;5.0;33.0;424.0;41.0;1507.0;1651;1552.0
6601;180.0;C6006699;D927D5F2;0.02;0.17;0.19;0.01;0.02;4.0;8.0;15.0;15.0;427.0;46.0;1507.0;1659;1552.0
6600;180.0;477082A7;D927D5F2;0.02;0.17;0.19;0.01;0.02;3.0;8.0;2.0;28.0;422.0;46.0;1507.0;1669;1552.0
6599;180.0;E7061F9A;D927D5F2;0.02;0.17;0.19;0.01;0.02;2.0;8.0;6.0;42.0;210.0;46.0;1507.0;1661;1552.0
6598;180.0;8A2FEBA6;D927D5F2;0.03;0.19;0.21;0.01;0.03;1.0;8.0;5.0;32.0;209.0;46.0;1507.0;1683;1552.0
6597;180.0;7EA81F2F;4731F567;0.02;0.15;0.18;0.0;0.02;6.0;6.0;15.0;14.0;213.0;46.0;1511.0;1673;1556.0
6596;180.0;416FA661;4731F567;0.02;0.17;0.2;0.0;0.02;5.0;6.0;2.0;27.0;214.0;46.0;1511.0;1664;1556.0
6595;180.0;987C3439;84F4F88C;0.01;0.08;0.11;0.0;0.0;4.0;6.0;6.0;41.0;0.0;46.0;1522.0;1687;1557.0
6594;180.0;83937AC0;84F4F88C;0.02;0.1;0.14;0.0;0.0;3.0;6.0;5.0;31.0;0.0;46.0;1522.0;1684;1557.0
6593;180.0;85B80C6C;CC996FCB;0.02;0.18;0.21;0.0;0.0;2.0;6.0;15.0;13.0;0.0;48.0;1510.0;1676;1550.0
6592;180.0;0D42E90F;CC996FCB;0.02;0.19;0.23;0.0;0.0;1.0;6.0;2.0;26.0;0.0;48.0;1510.0;1712;1550.0
6591;180.0;B582468E;CC996FCB;0.02;0.22;0.25;0.0;0.0;2.0;2.0;5.0;30.0;0.0;48.0;1510.0;1686;1550.0
6590;180.0;CB3E7C22;CC996FCB;0.02;0.22;0.26;0.0;0.0;2.0;3.0;15.0;12.0;0.0;48.0;1510.0;1671;1550.0
6589;180.0;DDC44A51;84F4F88C;0.01;0.07;0.1;0.0;0.0;1.0;7.0;6.0;41.0;0.0;46.0;1522.0;1682;1557.0
6588;180.0;0ADE8E5B;D6C5A3D0;0.02;0.18;0.2;0.0;0.02;2.0;2.0;3.0;50.0;0.0;46.0;1501.0;1664;1546.0
6587;180.0;067F5D92;D6C5A3D0;0.02;0.22;0.24;0.0;0.02;4.0;5.0;16.0;61.0;3336.0;46.0;1501.0;1686;1546.0
6586;180.0;A3870292;D6C5A3D0;0.03;0.23;0.26;0.0;0.02;3.0;5.0;5.0;29.0;3112.0;46.0;1501.0;1662;1546.0
6585;180.0;E61FE9EA;00FFEE90;0.01;0.31;0.34;0.01;0.02;3.0;6.0;15.0;11.0;3168.0;46.0;1489.0;1659;1534.0
6584;180.0;0DF5304F;0A8B5BDF;0.01;0.46;0.49;0.02;0.03;2.0;6.0;3.0;50.0;2640.0;46.0;1481.0;1642;1536.0
6583;180.0;5386EA7C;B44BA138;0.01;0.4;0.42;0.01;0.05;1.0;6.0;16.0;60.0;2926.0;46.0;1482.0;1672;1532.0
6582;180.0;BA924E39;281A1554;0.0;0.45;0.46;0.01;0.0;3.0;3.0;2.0;23.0;2981.0;57.0;1486.0;1704;1541.0
6581;180.0;9F971A60;281A1554;0.0;0.49;0.51;0.01;0.0;2.0;3.0;5.0;28.0;2744.0;57.0;1486.0;1694;1541.0
6580;180.0;370D0D20;281A1554;0.01;0.66;0.69;0.01;0.0;1.0;3.0;15.0;10.0;2800.0;57.0;1486.0;1701;1541.0
6579;180.0;08C99BFB;281A1554;0.01;0.64;0.66;0.01;0.0;3.0;3.0;3.0;49.0;2341.0;57.0;1486.0;1691;1541.0
6578;180.0;D965E2DC;281A1554;0.0;0.45;0.47;0.01;0.0;2.0;3.0;2.0;22.0;2724.0;57.0;1486.0;1707;1541.0
6577;180.0;245FBF96;281A1554;0.01;0.71;0.73;0.01;0.0;1.0;3.0;5.0;27.0;2474.0;57.0;1486.0;1702;1541.0
6576;180.0;5EFD018F;E1B28665;0.0;0.32;0.35;0.0;0.01;4.0;4.0;16.0;59.0;2352.0;46.0;1492.0;1679;1547.0
6575;180.0;A5FC87DC;E1B28665;0.01;0.43;0.47;0.0;0.01;3.0;4.0;15.0;9.0;2311.0;46.0;1492.0;1680;1547.0
6574;180.0;F4449107;E1B28665;0.01;0.47;0.51;0.0;0.01;1.0;4.0;2.0;21.0;2304.0;57.0;1492.0;1671;1547.0
6573;180.0;1CB45B96;E1B28665;0.0;0.3;0.32;0.0;0.01;1.0;4.0;3.0;48.0;1770.0;57.0;1492.0;1671;1547.0
6572;180.0;7D3D5777;56FFE5DC;0.02;0.14;0.15;0.01;0.01;2.0;2.0;5.0;26.0;1997.0;39.0;1507.0;1644;1532.0
6571;180.0;3E092950;56FFE5DC;0.02;0.15;0.17;0.01;0.01;1.0;2.0;16.0;58.0;2009.0;55.0;1507.0;1672;1532.0
6570;180.0;7E33B2AC;9DBCC3D3;0.02;0.25;0.27;0.0;0.02;5.0;5.0;15.0;8.0;2005.0;46.0;1502.0;1659;1542.0
6569;180.0;12FF0D02;9DBCC3D3;0.02;0.23;0.26;0.0;0.02;4.0;5.0;2.0;20.0;2013.0;46.0;1502.0;1655;1542.0
6568;180.0;A282F051;9DBCC3D3;0.03;0.25;0.28;0.0;0.03;3.0;5.0;3.0;47.0;1489.0;46.0;1502.0;1656;1542.0
6567;180.0;EED45220;92B3EDD4;0.02;0.17;0.22;0.01;0.01;2.0;5.0;5.0;25.0;1699.0;46.0;1502.0;1657;1537.0
6565;180.0;5CD9195F;56FFE5DC;0.02;0.17;0.2;0.01;0.01;2.0;4.0;15.0;7.0;1679.0;39.0;1507.0;1641;1532.0
6564;180.0;E559C3CF;56FFE5DC;0.02;0.14;0.16;0.01;0.01;1.0;4.0;2.0;19.0;1695.0;55.0;1507.0;1677;1532.0
6563;180.0;FDE90F7A;0D8E4DE0;0.01;0.16;0.17;0.01;0.0;7.0;7.0;3.0;46.0;1176.0;46.0;1509.0;1670;1554.0
6562;180.0;A535BE7D;CE732BD3;0.02;0.38;0.41;0.0;0.01;6.0;7.0;5.0;24.0;1409.0;46.0;1490.0;1671;1535.0
6561;180.0;E56BBD73;2806A3F9;0.01;0.41;0.44;0.0;0.02;5.0;7.0;16.0;56.0;1413.0;34.0;1491.0;1643;1531.0
6560;180.0;6398A34A;2806A3F9;0.01;0.34;0.36;0.0;0.02;4.0;7.0;15.0;6.0;1408.0;34.0;1491.0;1640;1531.0
6559;180.0;A1EC7859;2806A3F9;0.01;0.33;0.35;0.0;0.02;3.0;7.0;2.0;18.0;1422.0;34.0;1491.0;1635;1531.0
6558;180.0;96EC8D8F;2806A3F9;0.01;0.41;0.44;0.0;0.02;2.0;7.0;3.0;45.0;894.0;34.0;1491.0;1640;1531.0
6557;180.0;E824446D;833CB975;0.02;0.4;0.42;0.0;0.02;1.0;7.0;5.0;23.0;1122.0;46.0;1490.0;1670;1535.0
6556;180.0;1FBB84C7;F1291CB0;0.02;0.17;0.19;0.01;0.02;7.0;7.0;16.0;55.0;1132.0;55.0;1506.0;1669;1546.0
6555;180.0;C3BF08C2;F1291CB0;0.02;0.15;0.17;0.01;0.02;6.0;7.0;15.0;5.0;1132.0;55.0;1506.0;1687;1546.0
6554;180.0;7030F7CA;F1291CB0;0.02;0.23;0.26;0.01;0.02;5.0;7.0;2.0;17.0;1146.0;55.0;1506.0;1674;1546.0
6553;180.0;568ED8FA;F1291CB0;0.03;0.24;0.27;0.01;0.03;4.0;7.0;3.0;44.0;619.0;55.0;1506.0;1673;1546.0
6552;180.0;48303D66;F1291CB0;0.02;0.18;0.2;0.01;0.02;3.0;7.0;5.0;22.0;824.0;55.0;1506.0;1676;1546.0
6551;180.0;7E01D2DC;F1291CB0;0.02;0.2;0.22;0.01;0.02;2.0;7.0;16.0;54.0;811.0;55.0;1506.0;1675;1546.0
6550;180.0;96360188;F1291CB0;0.02;0.23;0.25;0.01;0.02;1.0;7.0;15.0;4.0;803.0;60.0;1506.0;1701;1546.0
6549;180.0;6AD72427;F2951EE4;0.01;0.34;0.38;0.01;0.03;7.0;7.0;2.0;16.0;809.0;46.0;1496.0;1654;1536.0
6539;180.0;D737EE0E;D90699DC;0.02;0.26;0.29;0.01;0.02;5.0;8.0;2.0;14.0;232.0;39.0;1495.0;1652;1540.0
6538;180.0;A20ADCED;D90699DC;0.02;0.25;0.27;0.0;0.02;4.0;8.0;5.0;19.0;0.0;39.0;1495.0;1675;1540.0
6537;180.0;56E2B393;D90699DC;0.02;0.35;0.39;0.01;0.02;3.0;8.0;16.0;51.0;0.0;39.0;1495.0;1676;1540.0
6535;180.0;8795C415;D90699DC;0.02;0.31;0.35;0.01;0.02;1.0;8.0;2.0;13.0;0.0;46.0;1495.0;1697;1540.0
6534;90.0;7E75BDDC;D6BA9D02;0.02;0.45;0.47;0.0;0.02;3.0;3.0;3.0;41.0;5030.0;41.0;1481.0;1641;1526.0
6533;90.0;70BDFE86;D6BA9D02;0.02;0.5;0.53;0.0;0.02;2.0;3.0;5.0;18.0;5046.0;41.0;1481.0;1632;1526.0
6532;90.0;EA64541F;D6BA9D02;0.01;0.39;0.41;0.0;0.02;2.0;4.0;16.0;50.0;4928.0;41.0;1481.0;1632;1526.0
6531;90.0;4DA3DE1B;D6BA9D02;0.01;0.4;0.42;0.0;0.02;1.0;4.0;6.0;40.0;4816.0;41.0;1481.0;1639;1526.0
6530;90.0;C86D5470;DAF26177;0.01;0.49;0.54;0.0;0.02;4.0;4.0;2.0;12.0;3473.0;34.0;1480.0;1627;1525.0
6529;90.0;73AE7074;DAF26177;0.0;0.39;0.42;0.0;0.01;3.0;4.0;3.0;40.0;4636.0;34.0;1480.0;1623;1525.0
6527;90.0;E18B71B9;DAF26177;0.0;0.44;0.48;0.0;0.01;1.0;4.0;16.0;49.0;4619.0;34.0;1480.0;1647;1525.0
6523;90.0;054ECC33;60EFAC81;0.01;0.38;0.41;0.02;0.05;4.0;7.0;5.0;16.0;4432.0;34.0;1480.0;1656;1540.0
6522;90.0;99F31DCF;60EFAC81;0.01;0.43;0.46;0.02;0.05;3.0;7.0;16.0;48.0;4308.0;34.0;1480.0;1647;1540.0
6521;90.0;51C0444D;60EFAC81;0.01;0.3;0.32;0.01;0.04;2.0;7.0;6.0;38.0;4184.0;34.0;1480.0;1647;1540.0
6520;90.0;1847DE86;60EFAC81;0.01;0.36;0.39;0.02;0.05;1.0;7.0;2.0;10.0;2846.0;46.0;1480.0;1667;1540.0
6519;90.0;2D6BF652;E9D2B793;0.0;0.45;0.5;0.01;0.1;4.0;4.0;3.0;38.0;4005.0;34.0;1480.0;1645;1530.0
6518;90.0;3A3671C8;E9D2B793;0.0;0.44;0.49;0.01;0.1;3.0;4.0;5.0;15.0;4106.0;34.0;1480.0;1639;1530.0
6517;90.0;EED45220;E9D2B793;0.0;0.37;0.41;0.01;0.08;2.0;4.0;16.0;47.0;3986.0;18.0;1480.0;1624;1530.0
6516;90.0;7DF8AFC0;E9D2B793;0.0;0.33;0.37;0.01;0.07;1.0;4.0;6.0;37.0;3870.0;18.0;1480.0;1644;1530.0
6515;90.0;F7EFA5FA;59D14704;0.02;0.57;0.62;0.0;0.01;4.0;4.0;2.0;9.0;2531.0;34.0;1487.0;1643;1537.0
6514;90.0;FEAECDC7;59D14704;0.02;0.57;0.62;0.0;0.01;3.0;4.0;3.0;37.0;3694.0;34.0;1487.0;1641;1537.0
6513;90.0;60501FAE;59D14704;0.02;0.64;0.69;0.0;0.01;2.0;4.0;5.0;14.0;3811.0;34.0;1487.0;1643;1537.0
6512;90.0;D70E18F1;59D14704;0.01;0.44;0.48;0.0;0.01;1.0;4.0;16.0;46.0;3686.0;44.0;1487.0;1655;1537.0
6511;90.0;3C1D0B7C;BFEB6EA0;0.02;0.35;0.4;0.0;0.02;7.0;7.0;6.0;36.0;3575.0;34.0;1483.0;1642;1538.0
6510;90.0;8005EF7F;BFEB6EA0;0.02;0.45;0.51;0.0;0.02;6.0;7.0;2.0;8.0;2232.0;34.0;1483.0;1644;1538.0
6509;90.0;92B7836E;BFEB6EA0;0.02;0.37;0.42;0.0;0.02;5.0;7.0;3.0;36.0;3398.0;34.0;1483.0;1645;1538.0
6508;90.0;C7FA436D;BFEB6EA0;0.03;0.5;0.57;0.0;0.03;4.0;7.0;5.0;13.0;3516.0;34.0;1483.0;1644;1538.0
6507;90.0;B6E7E946;BFEB6EA0;0.02;0.36;0.4;0.0;0.02;3.0;7.0;16.0;45.0;3392.0;34.0;1483.0;1644;1538.0
6506;90.0;21BC0A95;BFEB6EA0;0.02;0.42;0.47;0.0;0.02;2.0;7.0;6.0;35.0;3280.0;34.0;1483.0;1643;1538.0
6505;90.0;1DBC41AA;BFEB6EA0;0.02;0.36;0.41;0.0;0.02;1.0;7.0;2.0;7.0;1932.0;34.0;1483.0;1665;1538.0
6504;90.0;C3B2CD92;7BF6FBDF;0.02;0.53;0.56;0.0;0.01;3.0;3.0;3.0;35.0;3095.0;34.0;1482.0;1646;1537.0
6503;90.0;FB673F78;7BF6FBDF;0.02;0.51;0.54;0.0;0.01;2.0;3.0;5.0;12.0;3214.0;34.0;1482.0;1646;1537.0
6502;90.0;DB3E9AC8;7BF6FBDF;0.02;0.5;0.53;0.0;0.01;1.0;3.0;16.0;44.0;3101.0;34.0;1482.0;1660;1537.0
6501;90.0;4208219F;0C12C54A;0.0;0.56;0.6;0.02;0.06;6.0;6.0;6.0;34.0;2995.0;46.0;1472.0;1642;1517.0
6500;90.0;F7DC2994;0C12C54A;0.0;0.51;0.55;0.02;0.06;5.0;6.0;2.0;6.0;1637.0;46.0;1472.0;1638;1517.0
6499;90.0;125B8465;0C12C54A;0.0;0.37;0.4;0.01;0.04;4.0;6.0;3.0;34.0;2803.0;46.0;1472.0;1637;1517.0
6498;90.0;9D369DD4;0C12C54A;0.0;0.39;0.42;0.02;0.04;3.0;6.0;5.0;11.0;2914.0;46.0;1472.0;1644;1517.0
6497;90.0;BAB99B0E;0C12C54A;0.0;0.48;0.51;0.02;0.05;2.0;6.0;16.0;43.0;2796.0;51.0;1472.0;1642;1517.0
6496;90.0;1053CFF7;D6C5A3D0;0.02;0.15;0.17;0.0;0.01;1.0;6.0;6.0;33.0;2673.0;57.0;1501.0;1694;1546.0
6495;90.0;A89466AE;CC996FCB;0.02;0.19;0.22;0.0;0.0;6.0;6.0;2.0;5.0;1288.0;34.0;1510.0;1663;1555.0
6494;90.0;249E1ECF;4AC24E4B;0.03;0.28;0.32;0.01;0.02;5.0;6.0;16.0;42.0;2566.0;34.0;1501.0;1649;1541.0
6493;90.0;0A39B964;4AC24E4B;0.02;0.2;0.22;0.01;0.01;4.0;6.0;5.0;10.0;2560.0;41.0;1501.0;1656;1541.0
6492;90.0;C58F150C;6466E4EB;0.02;0.16;0.19;0.01;0.01;3.0;6.0;3.0;33.0;2332.0;34.0;1505.0;1654;1550.0
6491;90.0;B10C6132;6466E4EB;0.03;0.22;0.26;0.01;0.02;2.0;6.0;6.0;32.0;2331.0;34.0;1505.0;1648;1550.0
6490;90.0;2F6591F0;6466E4EB;0.02;0.17;0.21;0.01;0.01;1.0;6.0;2.0;4.0;995.0;34.0;1505.0;1669;1550.0
6489;90.0;135B1456;96E8463B;0.01;0.22;0.24;0.01;0.02;6.0;6.0;16.0;41.0;2271.0;41.0;1503.0;1657;1543.0
6488;90.0;DC0ABA96;96E8463B;0.01;0.24;0.26;0.01;0.03;5.0;6.0;5.0;9.0;2272.0;41.0;1503.0;1670;1543.0
6487;90.0;5DD8591E;7F441B8F;0.02;0.54;0.56;0.0;0.01;4.0;6.0;3.0;32.0;2047.0;34.0;1479.0;1632;1524.0
6486;90.0;4188AA16;67470249;0.01;0.45;0.51;0.0;0.02;3.0;6.0;6.0;31.0;2045.0;34.0;1486.0;1634;1531.0
6485;90.0;5CA00342;67470249;0.01;0.35;0.4;0.0;0.02;2.0;6.0;2.0;3.0;710.0;34.0;1486.0;1639;1531.0
6484;90.0;59D1EF61;67470249;0.01;0.36;0.41;0.0;0.02;1.0;6.0;16.0;40.0;1992.0;34.0;1486.0;1648;1531.0
6483;90.0;BD5FE0C5;4C9F89E7;0.02;0.13;0.14;0.01;0.02;6.0;6.0;5.0;8.0;1998.0;34.0;1512.0;1672;1557.0
6482;90.0;00B580B3;4C9F89E7;0.02;0.13;0.14;0.01;0.02;5.0;6.0;3.0;31.0;1772.0;34.0;1512.0;1664;1557.0
6481;90.0;58D1EECA;4C9F89E7;0.02;0.15;0.17;0.01;0.02;4.0;6.0;6.0;30.0;1770.0;34.0;1512.0;1663;1557.0
6480;90.0;6313F27B;71A937D5;0.02;0.49;0.55;0.0;0.02;3.0;6.0;2.0;2.0;435.0;34.0;1487.0;1663;1542.0
6479;90.0;DC0135E0;71A937D5;0.01;0.4;0.44;0.0;0.02;2.0;6.0;16.0;39.0;1708.0;34.0;1487.0;1652;1542.0
6478;90.0;2D52CF7A;D9882B65;0.01;0.4;0.44;0.0;0.02;1.0;6.0;5.0;7.0;1702.0;34.0;1490.0;1663;1540.0
6477;90.0;89FAFAD6;17D537B5;0.02;0.14;0.16;0.01;0.02;3.0;3.0;3.0;30.0;1470.0;34.0;1509.0;1675;1554.0
6476;90.0;8522E344;D927D5F2;0.02;0.12;0.14;0.01;0.02;2.0;3.0;6.0;29.0;1342.0;34.0;1507.0;1673;1551.0
6475;90.0;C7A9C8D8;D927D5F2;0.02;0.16;0.18;0.01;0.02;1.0;3.0;2.0;1.0;0.0;37.0;1507.0;1692;1551.0
6474;90.0;4C15E98D;7D015357;0.02;0.18;0.2;0.01;0.01;6.0;6.0;16.0;38.0;1282.0;46.0;1506.0;1669;1551.0
6473;90.0;386FB9D8;7D015357;0.02;0.17;0.2;0.01;0.01;5.0;6.0;5.0;6.0;1286.0;46.0;1506.0;1668;1551.0
6472;90.0;6A1A2F74;7D015357;0.02;0.17;0.19;0.01;0.01;4.0;6.0;3.0;29.0;1053.0;46.0;1506.0;1666;1551.0
6471;90.0;FF637873;7D015357;0.02;0.19;0.21;0.01;0.01;3.0;6.0;6.0;28.0;1044.0;46.0;1506.0;1665;1551.0
6470;90.0;7F434390;7D015357;0.03;0.21;0.23;0.02;0.01;2.0;6.0;16.0;37.0;1041.0;46.0;1506.0;1659;1551.0
6469;90.0;FACAD456;92B3EDD4;0.02;0.15;0.2;0.01;0.01;1.0;3.0;5.0;5.0;993.0;39.0;1502.0;1663;1547.0
6468;90.0;C716470C;D927D5F2;0.03;0.19;0.22;0.01;0.03;4.0;7.0;3.0;28.0;764.0;32.0;1507.0;1657;1551.0
6467;90.0;C0102A8B;C1BE9DD8;0.02;0.17;0.2;0.01;0.02;3.0;7.0;6.0;27.0;755.0;34.0;1507.0;1657;1551.0
6466;90.0;8C086F31;C1BE9DD8;0.02;0.19;0.21;0.01;0.02;2.0;7.0;16.0;36.0;743.0;41.0;1507.0;1673;1551.0
6465;90.0;62E7EF40;E813A81E;0.02;0.17;0.19;0.01;0.01;1.0;7.0;5.0;4.0;748.0;34.0;1507.0;1677;1552.0
6464;90.0;0A0A5667;00FFEE90;0.01;0.31;0.34;0.01;0.02;6.0;6.0;3.0;27.0;508.0;18.0;1489.0;1630;1534.0
6463;90.0;E54EA2AA;00FFEE90;0.01;0.3;0.33;0.01;0.02;5.0;6.0;6.0;26.0;504.0;18.0;1489.0;1634;1534.0
6462;90.0;11D7943A;B44BA138;0.01;0.3;0.31;0.01;0.04;4.0;6.0;16.0;35.0;502.0;34.0;1482.0;1664;1542.0
6461;90.0;4A3C9BA6;B44BA138;0.01;0.3;0.32;0.01;0.04;3.0;6.0;5.0;3.0;503.0;34.0;1482.0;1686;1542.0
6460;90.0;623B59E0;B44BA138;0.01;0.31;0.33;0.01;0.04;2.0;6.0;3.0;26.0;259.0;34.0;1482.0;1654;1542.0
6459;90.0;2CB5D464;B44BA138;0.01;0.41;0.44;0.01;0.05;1.0;6.0;6.0;25.0;255.0;34.0;1482.0;1669;1542.0
6458;90.0;9E3125CF;656E5837;0.02;0.41;0.46;0.0;0.02;6.0;6.0;16.0;34.0;250.0;23.0;1486.0;1626;1531.0
6457;90.0;644416A6;656E5837;0.02;0.45;0.5;0.0;0.02;5.0;6.0;5.0;2.0;240.0;18.0;1486.0;1639;1531.0
6456;90.0;FE490B55;656E5837;0.01;0.37;0.41;0.0;0.02;4.0;6.0;3.0;25.0;0.0;18.0;1486.0;1665;1531.0
6455;90.0;BF919951;43608E5D;0.01;0.64;0.67;0.0;0.08;3.0;6.0;6.0;24.0;0.0;23.0;1485.0;1670;1535.0
6454;90.0;625405E0;43608E5D;0.01;0.58;0.6;0.0;0.07;2.0;6.0;16.0;33.0;0.0;18.0;1485.0;1652;1535.0
6453;90.0;A97CCDCB;12A9E163;0.01;0.39;0.41;0.0;0.02;1.0;6.0;5.0;1.0;0.0;18.0;1476.0;1665;1521.0
6452;180.0;51292D14;D6BA9D02;0.02;0.52;0.54;0.0;0.02;6.0;6.0;3.0;24.0;3815.0;46.0;1481.0;1647;1526.0
6451;180.0;B088BED2;D6BA9D02;0.01;0.36;0.37;0.0;0.02;5.0;6.0;7.0;49.0;5059.0;46.0;1481.0;1647;1526.0
6450;180.0;A1EC7859;D6BA9D02;0.02;0.42;0.44;0.0;0.02;4.0;7.0;6.0;23.0;3840.0;46.0;1481.0;1638;1526.0
6449;180.0;A1C847C4;44661CD0;0.02;0.23;0.27;0.01;0.02;3.0;7.0;15.0;59.0;3529.0;46.0;1506.0;1667;1546.0
6448;180.0;A5FE3E56;44661CD0;0.02;0.2;0.24;0.01;0.02;2.0;7.0;3.0;23.0;3576.0;46.0;1506.0;1655;1546.0
6447;180.0;289D79AE;44661CD0;0.02;0.21;0.24;0.01;0.02;1.0;7.0;7.0;48.0;4819.0;46.0;1506.0;1681;1546.0
6446;180.0;F262BDBE;DAF26177;0.0;0.45;0.49;0.0;0.01;6.0;6.0;6.0;22.0;3605.0;46.0;1480.0;1635;1525.0
6445;180.0;FB2B3016;DAF26177;0.0;0.4;0.43;0.0;0.01;5.0;6.0;15.0;58.0;3298.0;51.0;1480.0;1650;1525.0
6444;180.0;F6142E8F;DAF26177;0.01;0.47;0.51;0.0;0.02;4.0;6.0;16.0;32.0;3285.0;46.0;1480.0;1634;1525.0
6443;180.0;BBAC792E;DAF26177;0.0;0.39;0.43;0.0;0.01;3.0;6.0;3.0;22.0;3276.0;46.0;1480.0;1642;1525.0
6442;180.0;A5FE3E56;DAF26177;0.01;0.49;0.54;0.0;0.02;2.0;6.0;7.0;47.0;4505.0;46.0;1480.0;1637;1525.0
6441;180.0;EA19F29A;DAF26177;0.0;0.41;0.45;0.0;0.01;1.0;6.0;6.0;21.0;3299.0;46.0;1480.0;1656;1525.0
6440;180.0;249E1ECF;1EF55151;0.0;0.47;0.57;0.0;0.1;7.0;7.0;15.0;57.0;2993.0;34.0;1480.0;1637;1520.0
6439;180.0;8F788C72;E9D2B793;0.0;0.31;0.34;0.01;0.07;6.0;7.0;16.0;31.0;2985.0;25.0;1480.0;1625;1525.0
6438;180.0;D9231796;E9D2B793;0.0;0.33;0.36;0.01;0.07;5.0;7.0;3.0;21.0;2977.0;25.0;1480.0;1625;1525.0
6437;180.0;5166DD0A;9970B431;0.0;0.31;0.38;0.01;0.07;4.0;7.0;7.0;46.0;4216.0;34.0;1480.0;1632;1525.0
6436;180.0;D6E3D2F9;9970B431;0.0;0.43;0.52;0.01;0.09;3.0;7.0;6.0;20.0;3001.0;34.0;1480.0;1628;1525.0
6435;180.0;FEAECDC7;9970B431;0.0;0.41;0.5;0.01;0.09;2.0;7.0;15.0;56.0;2698.0;25.0;1480.0;1626;1525.0
6434;180.0;C8571A5C;D09405C7;0.01;0.44;0.46;0.01;0.05;1.0;7.0;16.0;30.0;2690.0;55.0;1473.0;1651;1523.0
6433;180.0;F77614BD;19008928;0.01;0.4;0.45;0.0;0.02;3.0;3.0;3.0;20.0;2684.0;46.0;1474.0;1638;1530.0
6432;180.0;5B7CE750;19008928;0.01;0.48;0.53;0.0;0.02;2.0;3.0;7.0;45.0;3914.0;46.0;1474.0;1645;1530.0
6431;180.0;9DF9770C;19008928;0.01;0.46;0.51;0.0;0.02;1.0;3.0;6.0;19.0;2697.0;51.0;1474.0;1661;1530.0
6430;180.0;D2F3E0D4;19008928;0.01;0.48;0.53;0.0;0.02;4.0;7.0;15.0;55.0;2385.0;46.0;1474.0;1635;1530.0
6429;180.0;89DFE16B;19008928;0.01;0.45;0.5;0.0;0.02;3.0;7.0;16.0;29.0;2380.0;46.0;1474.0;1638;1530.0
6428;180.0;EBBFCDB5;19008928;0.01;0.46;0.51;0.0;0.02;2.0;7.0;3.0;19.0;2373.0;46.0;1474.0;1635;1530.0
6427;180.0;5A7A1D86;19008928;0.01;0.38;0.42;0.0;0.02;1.0;7.0;7.0;44.0;3605.0;46.0;1474.0;1653;1530.0
6426;180.0;B497F300;CC996FCB;0.02;0.17;0.2;0.0;0.0;8.0;8.0;6.0;18.0;2381.0;44.0;1510.0;1667;1550.0
6425;180.0;FFB17E66;CC996FCB;0.02;0.18;0.21;0.0;0.0;7.0;8.0;15.0;54.0;2080.0;44.0;1510.0;1648;1550.0
6424;180.0;755447B4;CC996FCB;0.02;0.2;0.23;0.0;0.0;6.0;8.0;16.0;28.0;2075.0;44.0;1510.0;1659;1550.0
6423;180.0;5A5BD493;CC996FCB;0.02;0.18;0.21;0.0;0.0;5.0;8.0;3.0;18.0;2071.0;48.0;1510.0;1657;1550.0
6422;180.0;93343E84;CC996FCB;0.02;0.15;0.18;0.0;0.0;4.0;8.0;7.0;43.0;3314.0;48.0;1510.0;1667;1550.0
6421;180.0;8005EF7F;CC996FCB;0.02;0.2;0.24;0.0;0.0;3.0;8.0;6.0;17.0;2105.0;48.0;1510.0;1671;1550.0
6420;180.0;7AAF87F4;CC996FCB;0.02;0.21;0.24;0.0;0.0;2.0;8.0;15.0;53.0;1802.0;48.0;1510.0;1662;1550.0
6419;180.0;24660EE2;CC996FCB;0.02;0.2;0.23;0.0;0.0;1.0;8.0;16.0;27.0;1799.0;48.0;1510.0;1668;1550.0
6418;180.0;2BADB7A3;87C78AB7;0.01;0.44;0.51;0.0;0.0;5.0;5.0;3.0;17.0;1799.0;32.0;1480.0;1620;1525.0
6417;180.0;F6AF7916;87C78AB7;0.01;0.54;0.63;0.0;0.0;4.0;5.0;7.0;42.0;3044.0;46.0;1480.0;1644;1525.0
6416;180.0;79297038;87C78AB7;0.01;0.54;0.63;0.0;0.0;3.0;5.0;6.0;16.0;1839.0;46.0;1480.0;1643;1525.0
6415;180.0;59BC00D4;87C78AB7;0.0;0.41;0.48;0.0;0.0;2.0;5.0;15.0;52.0;1544.0;46.0;1480.0;1634;1525.0
6414;180.0;4176A58E;DD4524C7;0.02;0.46;0.48;0.01;0.0;1.0;5.0;16.0;26.0;1544.0;51.0;1480.0;1652;1515.0
6413;180.0;53237157;87C78AB7;0.01;0.48;0.56;0.0;0.0;5.0;5.0;3.0;16.0;1541.0;46.0;1480.0;1640;1525.0
6412;180.0;66E05792;87C78AB7;0.0;0.39;0.45;0.0;0.0;4.0;5.0;7.0;41.0;2787.0;46.0;1480.0;1629;1525.0
6411;180.0;D7A7C866;87C78AB7;0.01;0.5;0.59;0.0;0.0;3.0;5.0;6.0;15.0;1574.0;46.0;1480.0;1632;1525.0
6410;180.0;8924CFC0;87C78AB7;0.0;0.38;0.45;0.0;0.0;2.0;5.0;15.0;51.0;1275.0;46.0;1480.0;1637;1525.0
6409;180.0;B7389B6D;B1EBA22B;0.01;0.56;0.59;0.0;0.02;1.0;5.0;16.0;25.0;1266.0;46.0;1480.0;1659;1525.0
6408;180.0;7F9ADE4C;8C69B089;0.01;0.42;0.45;0.0;0.0;5.0;5.0;3.0;15.0;1179.0;46.0;1483.0;1656;1528.0
6407;180.0;AC0873A5;8C69B089;0.01;0.44;0.47;0.0;0.0;4.0;5.0;7.0;40.0;2420.0;46.0;1483.0;1651;1528.0
6406;180.0;0B3F5105;8C69B089;0.01;0.49;0.52;0.0;0.0;3.0;5.0;6.0;14.0;1204.0;46.0;1483.0;1646;1528.0
6405;180.0;99CFDF6D;8C69B089;0.01;0.41;0.44;0.0;0.0;2.0;5.0;15.0;50.0;899.0;46.0;1483.0;1647;1528.0
6404;180.0;716BA6C7;8C69B089;0.01;0.45;0.48;0.0;0.0;1.0;5.0;16.0;24.0;896.0;46.0;1483.0;1653;1528.0
6403;180.0;64489FE7;703CB22C;0.02;0.45;0.47;0.0;0.02;5.0;5.0;3.0;14.0;878.0;46.0;1486.0;1662;1536.0
6402;180.0;5C62B52E;703CB22C;0.02;0.53;0.55;0.0;0.02;4.0;5.0;7.0;39.0;2124.0;46.0;1486.0;1641;1536.0
6401;180.0;8127D5ED;E85F4719;0.01;0.61;0.65;0.0;0.02;3.0;5.0;6.0;13.0;894.0;46.0;1487.0;1651;1532.0
6400;180.0;DFE771AB;F54A26DB;0.02;0.43;0.46;0.0;0.0;2.0;5.0;15.0;49.0;592.0;46.0;1488.0;1668;1533.0
6399;180.0;BA6AF63C;7F51370F;0.0;0.66;0.7;0.01;0.0;1.0;5.0;16.0;23.0;579.0;55.0;1485.0;1669;1530.0
6398;180.0;9FA1D95E;CC996FCB;0.02;0.22;0.26;0.0;0.0;8.0;8.0;3.0;13.0;556.0;48.0;1510.0;1657;1550.0
6397;180.0;A5BE8516;CC996FCB;0.02;0.2;0.24;0.0;0.0;7.0;8.0;7.0;38.0;1795.0;48.0;1510.0;1664;1550.0
6396;180.0;DA634114;CC996FCB;0.02;0.18;0.21;0.0;0.0;6.0;8.0;6.0;12.0;586.0;48.0;1510.0;1656;1550.0
6395;180.0;B872AE3B;CC996FCB;0.02;0.17;0.2;0.0;0.0;5.0;8.0;15.0;48.0;281.0;48.0;1510.0;1671;1550.0
6394;180.0;70BDFE86;CC996FCB;0.02;0.22;0.25;0.0;0.0;4.0;8.0;16.0;22.0;283.0;48.0;1510.0;1662;1550.0
6393;180.0;EEFC6836;CC996FCB;0.02;0.17;0.2;0.0;0.0;3.0;8.0;3.0;12.0;277.0;48.0;1510.0;1666;1550.0
6392;180.0;CEE4EBA4;CC996FCB;0.02;0.17;0.2;0.0;0.0;2.0;8.0;7.0;37.0;1517.0;48.0;1510.0;1670;1550.0
6391;180.0;64C94AED;CC996FCB;0.02;0.19;0.22;0.0;0.0;1.0;8.0;6.0;11.0;302.0;48.0;1510.0;1680;1550.0
6390;180.0;47259E56;7ECA8FD2;0.01;0.44;0.47;0.0;0.02;5.0;5.0;15.0;47.0;0.0;46.0;1486.0;1679;1532.0
6389;180.0;F3896AE3;76884E9D;0.0;0.66;0.7;0.01;0.06;4.0;5.0;16.0;21.0;0.0;46.0;1474.0;1629;1499.0
6388;180.0;1EF5866F;76884E9D;0.0;0.75;0.79;0.01;0.07;3.0;5.0;3.0;11.0;0.0;46.0;1474.0;1632;1499.0
6387;180.0;617A8A80;87C78AB7;0.0;0.37;0.43;0.0;0.0;2.0;5.0;7.0;36.0;1227.0;32.0;1480.0;1629;1525.0
6386;180.0;51A68E1D;332091CC;0.01;0.5;0.55;0.01;0.0;1.0;4.0;6.0;10.0;0.0;46.0;1486.0;1660;1516.0
6385;180.0;8530919E;332091CC;0.01;0.48;0.53;0.01;0.0;4.0;8.0;7.0;35.0;839.0;46.0;1486.0;1623;1516.0
6384;180.0;6CC41E7E;332091CC;0.01;0.44;0.49;0.01;0.0;3.0;8.0;16.0;20.0;577.0;46.0;1486.0;1616;1516.0
6383;180.0;C3BF08C2;2A8BED63;0.02;0.4;0.42;0.0;0.0;2.0;8.0;3.0;10.0;575.0;46.0;1488.0;1644;1528.0
6382;180.0;604A6262;2A8BED63;0.02;0.57;0.59;0.0;0.0;1.0;8.0;15.0;46.0;586.0;46.0;1488.0;1659;1528.0
6381;180.0;5AD5DD69;46F56B8C;0.01;0.43;0.46;0.01;0.03;7.0;7.0;6.0;9.0;290.0;39.0;1480.0;1633;1525.0
6380;180.0;361F76D0;46F56B8C;0.0;0.36;0.39;0.01;0.03;6.0;7.0;7.0;34.0;539.0;39.0;1480.0;1631;1525.0
6379;180.0;DEEAA288;46F56B8C;0.0;0.3;0.33;0.01;0.02;5.0;7.0;16.0;19.0;297.0;39.0;1480.0;1630;1525.0
6378;180.0;D53CD199;46F56B8C;0.0;0.37;0.39;0.01;0.03;4.0;7.0;3.0;9.0;296.0;39.0;1480.0;1632;1525.0
6377;180.0;9B82B7C5;46F56B8C;0.0;0.37;0.4;0.01;0.03;3.0;7.0;15.0;45.0;305.0;39.0;1480.0;1630;1525.0
6376;180.0;6E115711;46F56B8C;0.01;0.38;0.41;0.01;0.03;2.0;7.0;6.0;7.0;0.0;46.0;1480.0;1651;1525.0
6375;180.0;86201520;46F56B8C;0.01;0.4;0.44;0.01;0.03;1.0;7.0;7.0;33.0;244.0;46.0;1480.0;1653;1525.0
6374;180.0;B572E1ED;833CB975;0.03;0.46;0.49;0.0;0.03;4.0;4.0;16.0;18.0;0.0;46.0;1490.0;1675;1535.0
6373;180.0;F6A3DF75;9C5F9BFA;0.01;0.31;0.34;0.0;0.01;3.0;4.0;3.0;8.0;0.0;46.0;1490.0;1666;1535.0
6372;180.0;5312F5D4;9C5F9BFA;0.01;0.4;0.44;0.0;0.02;2.0;4.0;15.0;44.0;0.0;46.0;1490.0;1659;1535.0
6371;180.0;D02C2875;7E7D0B4D;0.01;0.55;0.57;0.01;0.0;1.0;4.0;7.0;32.0;0.0;55.0;1480.0;1699;1525.0
6370;180.0;2C0B4BF8;B4CD6E45;0.0;0.7;0.73;0.0;0.02;3.0;3.0;16.0;17.0;1011.0;46.0;1475.0;1625;1510.0
6369;180.0;3E28CC9A;B4CD6E45;0.0;0.76;0.79;0.0;0.02;2.0;3.0;7.0;31.0;354.0;46.0;1475.0;1622;1510.0
6368;180.0;318B4ADA;B4CD6E45;0.0;0.56;0.59;0.0;0.02;1.0;3.0;6.0;6.0;1618.0;55.0;1475.0;1635;1510.0
6367;180.0;8DEBBA60;DD4524C7;0.02;0.45;0.47;0.01;0.0;5.0;6.0;3.0;7.0;2002.0;46.0;1480.0;1629;1515.0
6366;180.0;F1C0C47F;DD4524C7;0.02;0.39;0.41;0.01;0.0;4.0;6.0;15.0;43.0;325.0;46.0;1480.0;1630;1515.0
6365;180.0;C6E8AABC;DD4524C7;0.02;0.47;0.49;0.01;0.0;3.0;6.0;16.0;16.0;673.0;46.0;1480.0;1627;1515.0
6364;180.0;C414A895;DD4524C7;0.03;0.6;0.63;0.01;0.0;2.0;6.0;7.0;30.0;0.0;46.0;1480.0;1655;1515.0
6363;180.0;503CA217;DD4524C7;0.02;0.52;0.54;0.01;0.0;1.0;6.0;6.0;5.0;1257.0;51.0;1480.0;1641;1515.0
6362;180.0;5B2AFCD5;9C0993CD;0.03;0.54;0.59;0.0;0.02;4.0;4.0;3.0;6.0;1676.0;46.0;1480.0;1650;1515.0
6361;180.0;4A990DA9;9C0993CD;0.02;0.39;0.42;0.0;0.01;3.0;4.0;15.0;42.0;0.0;46.0;1480.0;1656;1515.0
6360;180.0;7D9C453A;9C0993CD;0.02;0.43;0.46;0.0;0.01;2.0;4.0;16.0;15.0;358.0;46.0;1480.0;1632;1515.0
6359;180.0;6734F92C;B5D5B9CA;0.01;0.49;0.55;0.0;0.02;1.0;4.0;8.0;55.0;8254.0;51.0;1480.0;1648;1520.0
6358;180.0;37B19592;B5D5B9CA;0.01;0.46;0.51;0.0;0.02;4.0;8.0;6.0;4.0;947.0;41.0;1480.0;1621;1520.0
6357;180.0;0907D5CC;3BA0D398;0.0;0.4;0.43;0.0;0.03;3.0;8.0;3.0;5.0;1350.0;46.0;1488.0;1652;1528.0
6356;180.0;D9CAE8B9;3BA0D398;0.0;0.51;0.55;0.0;0.04;2.0;8.0;7.0;29.0;319.0;46.0;1488.0;1646;1528.0
6355;180.0;77EE712F;59D14704;0.02;0.55;0.59;0.0;0.01;1.0;8.0;16.0;14.0;0.0;46.0;1487.0;1675;1527.0
6354;180.0;584E58EC;E1B28665;0.0;0.3;0.32;0.0;0.01;4.0;4.0;8.0;54.0;7900.0;46.0;1492.0;1682;1547.0
6353;180.0;5B2423DB;E1B28665;0.01;0.36;0.39;0.0;0.01;3.0;4.0;6.0;3.0;619.0;46.0;1492.0;1689;1547.0
6352;180.0;4309766D;E1B28665;0.01;0.39;0.42;0.0;0.01;2.0;4.0;3.0;4.0;1028.0;46.0;1492.0;1679;1547.0
6351;180.0;F8F9C67B;E1B28665;0.01;0.4;0.43;0.0;0.01;1.0;4.0;7.0;28.0;0.0;57.0;1492.0;1710;1547.0
6350;180.0;8204BD57;656E5837;0.02;0.49;0.54;0.0;0.03;8.0;8.0;15.0;41.0;2323.0;46.0;1486.0;1653;1531.0
6349;180.0;256FC629;D6C5A3D0;0.02;0.16;0.18;0.0;0.01;7.0;8.0;8.0;53.0;7592.0;46.0;1501.0;1659;1546.0
6348;180.0;131E5501;D6C5A3D0;0.02;0.18;0.2;0.0;0.02;6.0;8.0;6.0;2.0;294.0;46.0;1501.0;1663;1546.0
6347;180.0;66D7A29B;5871DF5A;0.01;0.36;0.4;0.01;0.04;5.0;8.0;3.0;3.0;712.0;46.0;1486.0;1663;1536.0
6346;180.0;70BDFE86;7AFEE53C;0.01;0.38;0.42;0.0;0.0;4.0;8.0;15.0;40.0;2082.0;39.0;1488.0;1632;1528.0
6345;180.0;7EBFF678;7AFEE53C;0.01;0.39;0.43;0.0;0.0;3.0;8.0;16.0;13.0;1965.0;39.0;1488.0;1631;1528.0
6344;180.0;8BAF8F7A;5671F44D;0.01;0.51;0.54;0.0;0.01;2.0;8.0;8.0;52.0;7284.0;46.0;1486.0;1653;1536.0
6343;180.0;3C58BCBC;5671F44D;0.02;0.65;0.68;0.0;0.01;1.0;8.0;6.0;1.0;0.0;46.0;1486.0;1701;1536.0
6342;180.0;C15817D4;D3763E64;0.01;1.14;1.25;0.01;0.0;6.0;6.0;3.0;2.0;392.0;57.0;1460.0;1615;1485.0
6341;180.0;C5F5E57B;2559381B;0.01;0.93;1.01;0.01;0.0;5.0;6.0;15.0;39.0;1754.0;57.0;1460.0;1625;1485.0
6340;180.0;4FE5125F;2559381B;0.01;0.83;0.91;0.01;0.0;4.0;6.0;16.0;12.0;1634.0;57.0;1460.0;1607;1485.0
6339;180.0;8CB9F800;2559381B;0.01;0.86;0.94;0.01;0.0;3.0;6.0;8.0;51.0;6930.0;62.0;1460.0;1622;1485.0
6338;180.0;318B7A63;2559381B;0.01;0.89;0.97;0.01;0.0;2.0;6.0;7.0;27.0;5592.0;62.0;1460.0;1617;1485.0
6337;180.0;813BBD79;2559381B;0.01;1.11;1.21;0.01;0.0;1.0;6.0;3.0;1.0;0.0;69.0;1460.0;1661;1485.0
6336;180.0;BEB93EF3;4AC24E4B;0.02;0.19;0.22;0.01;0.01;7.0;7.0;15.0;38.0;1372.0;51.0;1501.0;1674;1546.0
6335;180.0;64A111F8;4AC24E4B;0.02;0.25;0.28;0.01;0.02;6.0;7.0;16.0;11.0;1256.0;51.0;1501.0;1656;1546.0
6334;180.0;8AB451FF;4AC24E4B;0.02;0.2;0.23;0.01;0.01;5.0;7.0;8.0;50.0;6589.0;51.0;1501.0;1669;1546.0
6333;180.0;3E51A384;6466E4EB;0.02;0.19;0.23;0.01;0.01;4.0;7.0;7.0;26.0;5249.0;46.0;1505.0;1663;1545.0
6332;180.0;6AE63486;6466E4EB;0.02;0.17;0.21;0.01;0.01;3.0;7.0;15.0;37.0;1151.0;46.0;1505.0;1651;1545.0
6331;180.0;74C488E4;45B5F507;0.02;0.35;0.37;0.0;0.02;2.0;7.0;16.0;10.0;1026.0;46.0;1481.0;1640;1526.0
6330;180.0;621B7988;45B5F507;0.02;0.48;0.51;0.01;0.02;1.0;7.0;8.0;49.0;6329.0;46.0;1481.0;1658;1526.0
6329;180.0;F77614BD;F1291CB0;0.02;0.16;0.18;0.01;0.02;2.0;2.0;7.0;25.0;4961.0;55.0;1506.0;1669;1546.0
6328;180.0;07537E66;F1291CB0;0.02;0.19;0.2;0.01;0.02;1.0;2.0;15.0;36.0;865.0;60.0;1506.0;1689;1546.0
6327;180.0;110275BD;F1291CB0;0.02;0.18;0.2;0.01;0.02;6.0;8.0;16.0;9.0;749.0;55.0;1506.0;1656;1546.0
6326;180.0;259A058B;F1291CB0;0.03;0.24;0.26;0.01;0.03;5.0;8.0;8.0;48.0;6086.0;55.0;1506.0;1668;1546.0
6325;180.0;5B7CE750;F1291CB0;0.02;0.19;0.22;0.01;0.02;4.0;8.0;7.0;24.0;4751.0;51.0;1506.0;1663;1546.0
6324;180.0;D5D4B453;F1291CB0;0.02;0.19;0.21;0.01;0.02;3.0;8.0;15.0;35.0;637.0;55.0;1506.0;1671;1546.0
6323;180.0;F95B6DCF;F1291CB0;0.02;0.21;0.23;0.01;0.02;2.0;8.0;16.0;8.0;520.0;55.0;1506.0;1667;1546.0
6322;180.0;CC97DC3D;F1291CB0;0.02;0.16;0.18;0.01;0.02;1.0;8.0;8.0;47.0;5841.0;60.0;1506.0;1712;1546.0
6321;180.0;FD3ECA68;2277D145;0.02;0.2;0.22;0.01;0.02;3.0;3.0;7.0;23.0;4498.0;46.0;1506.0;1674;1551.0
6320;180.0;998D176C;2277D145;0.02;0.2;0.22;0.01;0.02;2.0;3.0;15.0;34.0;400.0;46.0;1506.0;1677;1551.0
6319;180.0;5F45D206;2277D145;0.03;0.27;0.29;0.01;0.03;1.0;3.0;16.0;7.0;272.0;51.0;1506.0;1687;1551.0
6318;180.0;3D902BFD;FB1EC492;0.02;0.29;0.31;0.0;0.0;7.0;7.0;8.0;46.0;5554.0;46.0;1496.0;1664;1541.0
6317;180.0;1850A729;22C5A4BE;0.02;0.18;0.22;0.01;0.0;6.0;7.0;5.0;52.0;4432.0;46.0;1511.0;1665;1552.0
6316;180.0;C15E35E6;22C5A4BE;0.02;0.13;0.15;0.01;0.0;5.0;7.0;7.0;22.0;4155.0;46.0;1511.0;1664;1552.0
6315;180.0;0CF7DF7C;D927D5F2;0.02;0.17;0.19;0.01;0.02;4.0;7.0;16.0;6.0;0.0;46.0;1507.0;1694;1552.0
6314;180.0;D91C7E46;D927D5F2;0.02;0.13;0.15;0.01;0.02;3.0;7.0;15.0;33.0;0.0;46.0;1507.0;1688;1552.0
6313;180.0;64318785;B4E0CC84;0.02;0.18;0.21;0.01;0.02;2.0;7.0;8.0;45.0;5124.0;46.0;1507.0;1678;1547.0
6312;180.0;40E406B1;E813A81E;0.02;0.14;0.15;0.01;0.01;1.0;7.0;5.0;51.0;3902.0;46.0;1507.0;1684;1552.0
6311;180.0;20E7FC2A;D6090DB2;0.01;1.21;1.28;0.01;0.0;2.0;2.0;7.0;21.0;3621.0;64.0;1460.0;1615;1485.0
6310;180.0;2EC9CD43;D6090DB2;0.01;1.09;1.16;0.01;0.0;8.0;9.0;16.0;5.0;1244.0;64.0;1460.0;1621;1485.0
6309;180.0;E80A8649;D6090DB2;0.01;0.88;0.93;0.01;0.0;7.0;9.0;15.0;32.0;2219.0;64.0;1460.0;1583;1485.0
6308;180.0;697D8113;D6090DB2;0.01;1.25;1.32;0.01;0.0;6.0;9.0;8.0;44.0;4710.0;64.0;1460.0;1597;1485.0
6307;180.0;7F434390;D6090DB2;0.01;1.24;1.31;0.01;0.0;5.0;9.0;5.0;50.0;3586.0;64.0;1460.0;1598;1485.0
6306;180.0;69BE1433;D6090DB2;0.01;0.87;0.92;0.01;0.0;4.0;9.0;7.0;20.0;3309.0;64.0;1460.0;1603;1485.0
6305;180.0;F3CB4C7A;D6090DB2;0.01;1.06;1.13;0.01;0.0;3.0;9.0;16.0;4.0;927.0;64.0;1460.0;1606;1485.0
6304;180.0;6CC5E01C;D6090DB2;0.01;1.22;1.3;0.01;0.0;2.0;9.0;15.0;31.0;1921.0;64.0;1460.0;1598;1485.0
6303;180.0;0AA7F280;D6090DB2;0.01;1.08;1.15;0.01;0.0;1.0;9.0;8.0;43.0;4421.0;69.0;1460.0;1611;1485.0
6302;180.0;9C2BC461;CC18C404;0.02;0.16;0.18;0.01;0.02;7.0;7.0;5.0;49.0;3293.0;51.0;1506.0;1672;1551.0
6301;180.0;B54DA41F;CC18C404;0.02;0.18;0.2;0.01;0.02;6.0;7.0;7.0;19.0;3018.0;46.0;1506.0;1673;1551.0
6300;180.0;9D6D8CD8;CC18C404;0.02;0.19;0.21;0.01;0.02;5.0;7.0;16.0;3.0;643.0;51.0;1506.0;1673;1551.0
6299;180.0;A8E3427B;04751D20;0.02;0.2;0.22;0.01;0.02;4.0;7.0;15.0;30.0;1628.0;46.0;1506.0;1677;1551.0
6298;180.0;578DB5BF;04751D20;0.02;0.21;0.23;0.01;0.02;3.0;7.0;8.0;42.0;4120.0;46.0;1506.0;1680;1551.0
6297;180.0;FA33F289;04751D20;0.02;0.23;0.25;0.01;0.02;2.0;7.0;5.0;48.0;2931.0;46.0;1506.0;1672;1551.0
6296;180.0;16A4EE64;04751D20;0.02;0.2;0.22;0.01;0.02;1.0;7.0;7.0;18.0;2656.0;55.0;1506.0;1695;1551.0
6295;180.0;CF229BEF;44661CD0;0.02;0.22;0.26;0.01;0.02;6.0;6.0;16.0;2.0;277.0;46.0;1506.0;1693;1546.0
6294;180.0;37070AA4;44661CD0;0.02;0.2;0.24;0.01;0.02;5.0;6.0;15.0;29.0;1270.0;46.0;1506.0;1669;1546.0
6293;180.0;C26DFB6C;44661CD0;0.02;0.2;0.23;0.01;0.02;4.0;6.0;8.0;41.0;3753.0;46.0;1506.0;1667;1546.0
6292;180.0;BC980FCC;35C7C29B;0.01;0.24;0.26;0.01;0.0;3.0;6.0;5.0;47.0;2638.0;69.0;1501.0;1716;1551.0
6291;180.0;D0E450AF;35C7C29B;0.01;0.25;0.26;0.01;0.0;2.0;6.0;7.0;17.0;2371.0;69.0;1501.0;1696;1551.0
6290;180.0;A260F11E;423E5208;0.02;0.22;0.23;0.01;0.01;1.0;6.0;16.0;1.0;0.0;46.0;1501.0;1708;1546.0
6289;180.0;AA408E5A;5A195F30;0.01;0.47;0.49;0.0;0.03;5.0;5.0;15.0;28.0;983.0;46.0;1487.0;1635;1527.0
6288;180.0;36C42F5C;5A195F30;0.0;0.38;0.4;0.0;0.03;4.0;5.0;8.0;40.0;3465.0;46.0;1487.0;1640;1527.0
6287;180.0;89B3AAFA;5A195F30;0.01;0.48;0.5;0.0;0.03;3.0;5.0;5.0;46.0;2327.0;46.0;1487.0;1605;1527.0
6286;180.0;CB19F9FF;5A195F30;0.01;0.48;0.51;0.0;0.03;2.0;5.0;7.0;16.0;2057.0;46.0;1487.0;1646;1527.0
6285;180.0;F8CE0FBD;EB045A99;0.02;0.35;0.38;0.0;0.02;1.0;5.0;15.0;27.0;725.0;46.0;1489.0;1671;1534.0
6284;180.0;823EF203;6C4C7BC5;0.02;0.42;0.45;0.0;0.0;7.0;7.0;8.0;39.0;3220.0;46.0;1485.0;1642;1530.0
6283;180.0;F09D3FD8;6C4C7BC5;0.01;0.34;0.37;0.0;0.0;6.0;7.0;5.0;45.0;2096.0;46.0;1485.0;1646;1530.0
6282;180.0;47D913BA;6C4C7BC5;0.02;0.45;0.48;0.0;0.0;5.0;7.0;7.0;15.0;1827.0;46.0;1485.0;1645;1530.0
6281;180.0;A1D32B3B;6570BD8E;0.01;0.42;0.44;0.0;0.02;4.0;7.0;15.0;26.0;508.0;46.0;1485.0;1629;1520.0
6280;180.0;ADA3533A;67470249;0.01;0.46;0.52;0.0;0.02;3.0;7.0;8.0;38.0;3007.0;51.0;1486.0;1642;1526.0
6279;180.0;36A64F35;67470249;0.01;0.45;0.51;0.0;0.02;2.0;7.0;5.0;44.0;1884.0;51.0;1486.0;1641;1526.0
6278;180.0;C5882330;67470249;0.01;0.4;0.46;0.0;0.02;1.0;7.0;7.0;14.0;1612.0;51.0;1486.0;1661;1526.0
6277;180.0;100EAC85;7A5E496D;0.02;0.2;0.23;0.01;0.02;6.0;6.0;15.0;25.0;291.0;46.0;1504.0;1661;1539.0
6276;180.0;E2B94132;7A5E496D;0.02;0.16;0.18;0.01;0.02;5.0;6.0;8.0;37.0;2785.0;46.0;1504.0;1660;1539.0
6275;180.0;4753E93B;71A937D5;0.01;0.35;0.39;0.0;0.02;4.0;6.0;5.0;43.0;1666.0;46.0;1487.0;1641;1522.0
6274;180.0;5BEF634B;71A937D5;0.02;0.49;0.55;0.0;0.02;3.0;6.0;2.0;55.0;2320.0;46.0;1487.0;1654;1522.0
6273;180.0;66D7A29B;71A937D5;0.02;0.5;0.56;0.0;0.02;2.0;6.0;7.0;13.0;1320.0;46.0;1487.0;1642;1522.0
6272;180.0;6DEC53D4;71A937D5;0.02;0.42;0.47;0.0;0.02;1.0;6.0;15.0;24.0;0.0;55.0;1487.0;1671;1522.0
6271;180.0;6E0A857B;4D302CE7;0.0;1.14;1.19;0.0;0.0;3.0;3.0;8.0;36.0;2488.0;64.0;1460.0;1618;1485.0
6270;180.0;86738B14;4D302CE7;0.0;0.74;0.78;0.0;0.0;2.0;3.0;2.0;54.0;2076.0;64.0;1460.0;1608;1485.0
6269;180.0;3A3671C8;4D302CE7;0.0;1.07;1.12;0.0;0.0;1.0;3.0;5.0;42.0;1275.0;69.0;1460.0;1629;1485.0
6268;180.0;C4303C3C;09E82EB1;0.02;0.18;0.2;0.01;0.02;3.0;3.0;7.0;12.0;953.0;46.0;1506.0;1679;1546.0
6267;180.0;C34A93E3;DEF25D02;0.02;0.22;0.24;0.0;0.02;2.0;3.0;8.0;35.0;2116.0;46.0;1505.0;1672;1545.0
6266;180.0;8496D8B3;A410176C;0.02;0.18;0.23;0.01;0.01;6.0;8.0;2.0;53.0;1694.0;57.0;1502.0;1690;1547.0
6265;180.0;F2E2ACAD;A410176C;0.02;0.15;0.19;0.01;0.01;5.0;8.0;5.0;41.0;925.0;57.0;1502.0;1669;1547.0
6264;180.0;93ADA710;A410176C;0.02;0.21;0.27;0.01;0.01;4.0;8.0;15.0;23.0;2069.0;57.0;1502.0;1675;1547.0
6263;180.0;0C9D1326;A410176C;0.02;0.17;0.22;0.01;0.01;3.0;8.0;7.0;11.0;594.0;57.0;1502.0;1690;1547.0
6262;180.0;79206B91;A410176C;0.02;0.2;0.26;0.01;0.01;2.0;8.0;8.0;34.0;1819.0;57.0;1502.0;1678;1547.0
6261;180.0;1DEA06C4;60B76B26;0.02;0.22;0.26;0.01;0.02;1.0;8.0;2.0;52.0;1409.0;46.0;1504.0;1675;1544.0
6260;180.0;1D3BA43D;56FFE5DC;0.02;0.17;0.19;0.01;0.01;4.0;4.0;5.0;40.0;639.0;39.0;1507.0;1643;1532.0
6259;180.0;46790A79;56FFE5DC;0.02;0.17;0.19;0.01;0.01;3.0;4.0;15.0;22.0;1782.0;39.0;1507.0;1642;1532.0
6258;180.0;5FA0450B;56FFE5DC;0.02;0.17;0.19;0.01;0.01;2.0;4.0;7.0;10.0;312.0;39.0;1507.0;1641;1532.0
6257;180.0;C579E3D9;56FFE5DC;0.02;0.15;0.17;0.01;0.01;1.0;4.0;8.0;33.0;1537.0;55.0;1507.0;1681;1532.0
6256;180.0;681C13C8;0EADFE3F;0.0;1.03;1.07;0.0;0.0;5.0;5.0;2.0;51.0;1119.0;64.0;1463.0;1619;1489.0
6255;180.0;8ED1A208;027DF228;0.0;1.17;1.25;0.0;0.0;4.0;5.0;5.0;39.0;346.0;62.0;1463.0;1620;1489.0
6254;180.0;BEC4EFB6;0731C1FB;0.0;0.82;0.88;0.01;0.0;3.0;5.0;15.0;21.0;1477.0;62.0;1462.0;1609;1488.0
6253;180.0;CF184F92;27DBEE1F;0.0;1.17;1.22;0.0;0.0;2.0;5.0;7.0;9.0;0.0;62.0;1462.0;1634;1488.0
6252;180.0;EA19F29A;27DBEE1F;0.0;0.84;0.87;0.0;0.0;1.0;5.0;8.0;32.0;1174.0;62.0;1462.0;1620;1488.0
6251;180.0;B6F9667F;07025389;0.01;0.22;0.25;0.01;0.01;5.0;5.0;2.0;50.0;768.0;46.0;1497.0;1659;1537.0
6250;180.0;8BAF8F7A;07025389;0.02;0.27;0.3;0.01;0.01;4.0;5.0;5.0;38.0;0.0;46.0;1497.0;1666;1537.0
6249;180.0;AA31BF7F;07025389;0.02;0.31;0.34;0.01;0.02;3.0;5.0;15.0;20.0;1137.0;46.0;1497.0;1656;1537.0
6248;180.0;C9D17A55;07025389;0.02;0.3;0.34;0.01;0.02;1.0;5.0;8.0;31.0;887.0;46.0;1497.0;1656;1537.0
6246;180.0;15397C27;163D1351;0.02;0.21;0.23;0.0;0.02;7.0;7.0;2.0;49.0;395.0;51.0;1503.0;1664;1548.0
6245;180.0;35A9EC92;163D1351;0.02;0.2;0.22;0.0;0.02;6.0;7.0;15.0;19.0;813.0;51.0;1503.0;1666;1548.0
6244;180.0;E61FE9EA;163D1351;0.02;0.19;0.21;0.0;0.02;5.0;7.0;7.0;7.0;868.0;51.0;1503.0;1664;1548.0
6243;180.0;EDF5A583;163D1351;0.02;0.2;0.22;0.0;0.02;4.0;7.0;8.0;30.0;563.0;51.0;1503.0;1659;1548.0
6242;180.0;F6DC04B7;163D1351;0.02;0.24;0.26;0.0;0.02;3.0;7.0;5.0;37.0;533.0;51.0;1503.0;1678;1548.0
6240;180.0;47F499CF;163D1351;0.02;0.23;0.25;0.0;0.02;1.0;7.0;2.0;48.0;0.0;55.0;1503.0;1689;1548.0
6241;180.0;7DF8AFC0;163D1351;0.02;0.19;0.21;0.0;0.02;2.0;7.0;15.0;18.0;535.0;51.0;1503.0;1672;1548.0
6239;180.0;051A6EF0;92E96E75;0.01;0.38;0.4;0.01;0.0;5.0;5.0;7.0;6.0;540.0;46.0;1483.0;1631;1523.0
6238;180.0;D4D84B41;92E96E75;0.01;0.39;0.41;0.01;0.0;4.0;5.0;8.0;29.0;236.0;46.0;1483.0;1625;1523.0
6237;180.0;00BFE8BE;A201F563;0.02;0.19;0.24;0.01;0.0;3.0;5.0;5.0;36.0;250.0;46.0;1504.0;1657;1544.0
6236;180.0;7E77F09F;A201F563;0.02;0.23;0.29;0.01;0.0;2.0;5.0;15.0;17.0;249.0;46.0;1504.0;1656;1544.0
6235;180.0;90E32A99;A201F563;0.02;0.2;0.25;0.01;0.0;1.0;5.0;7.0;5.0;304.0;46.0;1504.0;1676;1544.0
6234;180.0;7B3F40AA;1169CAE4;0.02;0.17;0.2;0.0;0.02;4.0;4.0;8.0;28.0;0.0;46.0;1502.0;1682;1552.0
6233;180.0;BC148103;1169CAE4;0.02;0.22;0.26;0.0;0.03;3.0;4.0;5.0;35.0;0.0;46.0;1502.0;1678;1552.0
6232;180.0;19A689FA;1169CAE4;0.02;0.24;0.28;0.0;0.03;2.0;4.0;15.0;16.0;0.0;46.0;1502.0;1691;1552.0
6231;180.0;860DF6F5;B657DB06;0.02;0.22;0.25;0.01;0.02;1.0;4.0;7.0;4.0;0.0;51.0;1500.0;1709;1540.0
6230;90.0;6B23D9DB;60EFAC81;0.01;0.36;0.4;0.02;0.05;1.0;2.0;5.0;34.0;590.0;46.0;1480.0;1648;1540.0
6229;90.0;D1BBE8A0;60EFAC81;0.01;0.34;0.37;0.02;0.04;1.0;2.0;8.0;27.0;593.0;41.0;1480.0;1652;1540.0
6228;90.0;5C8F6E10;BFEB6EA0;0.02;0.45;0.51;0.0;0.02;6.0;6.0;15.0;15.0;608.0;34.0;1483.0;1641;1538.0
6227;90.0;9A49C0FF;BFEB6EA0;0.02;0.4;0.45;0.0;0.02;5.0;6.0;2.0;47.0;6447.0;34.0;1483.0;1642;1538.0
6226;90.0;2EC9CD43;BFEB6EA0;0.02;0.46;0.51;0.0;0.02;4.0;6.0;7.0;3.0;786.0;34.0;1483.0;1659;1538.0
6225;90.0;EDE21144;BFEB6EA0;0.03;0.52;0.58;0.0;0.03;3.0;6.0;5.0;33.0;297.0;34.0;1483.0;1652;1538.0
6224;90.0;71263244;BFEB6EA0;0.02;0.5;0.56;0.0;0.02;2.0;6.0;8.0;26.0;287.0;34.0;1483.0;1641;1538.0
6223;90.0;0D342150;BFEB6EA0;0.02;0.33;0.37;0.0;0.02;1.0;6.0;15.0;14.0;303.0;34.0;1483.0;1660;1538.0
6222;90.0;2D1E5280;76E5EEFF;0.02;0.19;0.21;0.01;0.01;3.0;3.0;2.0;46.0;6145.0;34.0;1504.0;1657;1549.0
6221;90.0;54CBAC7F;A201F563;0.02;0.2;0.26;0.01;0.0;2.0;3.0;7.0;2.0;491.0;34.0;1504.0;1664;1549.0
6220;90.0;F01DD559;A201F563;0.01;0.16;0.2;0.01;0.0;1.0;3.0;5.0;32.0;0.0;18.0;1504.0;1664;1549.0
6219;90.0;DDABBDDE;946866EE;0.02;0.19;0.24;0.01;0.02;3.0;3.0;8.0;25.0;0.0;34.0;1501.0;1680;1541.0
6218;90.0;A5BE8516;8C409667;0.02;0.2;0.22;0.01;0.0;2.0;3.0;15.0;13.0;0.0;34.0;1504.0;1665;1544.0
6217;90.0;57CDD703;96956A01;0.02;0.16;0.18;0.01;0.02;1.0;3.0;2.0;45.0;5846.0;46.0;1500.0;1675;1540.0
6215;90.0;70FB3F30;7BF6FBDF;0.01;0.45;0.48;0.0;0.01;6.0;6.0;5.0;31.0;1287.0;34.0;1482.0;1661;1537.0
6214;90.0;35B95486;7BF6FBDF;0.02;0.51;0.55;0.0;0.01;5.0;6.0;8.0;24.0;2531.0;34.0;1482.0;1644;1537.0
6213;90.0;EFFFFCF8;7BF6FBDF;0.01;0.41;0.44;0.0;0.01;4.0;6.0;2.0;44.0;5402.0;34.0;1482.0;1641;1537.0
6212;90.0;577A89A1;7BF6FBDF;0.02;0.54;0.58;0.0;0.01;3.0;6.0;15.0;12.0;3621.0;34.0;1482.0;1644;1537.0
6211;90.0;5E602804;7BF6FBDF;0.01;0.44;0.47;0.0;0.01;2.0;6.0;5.0;30.0;1036.0;34.0;1482.0;1635;1537.0
6210;90.0;69CC0799;7BF6FBDF;0.01;0.44;0.47;0.0;0.01;1.0;6.0;1.0;63.0;7766.0;34.0;1482.0;1669;1537.0
6209;90.0;8DEBBA60;8288B1F6;0.02;0.35;0.38;0.0;0.01;5.0;5.0;8.0;23.0;2214.0;34.0;1490.0;1650;1535.0
6208;90.0;C2760E44;7320E76A;0.02;0.45;0.47;0.0;0.02;4.0;5.0;2.0;43.0;5109.0;18.0;1481.0;1636;1536.0
6207;90.0;9BAA45D4;74291B2A;0.0;0.42;0.45;0.0;0.01;3.0;5.0;15.0;11.0;3321.0;18.0;1480.0;1618;1525.0
6206;90.0;6AF86343;DAF26177;0.01;0.48;0.52;0.0;0.02;2.0;5.0;5.0;29.0;678.0;41.0;1480.0;1634;1525.0
6205;90.0;E2F8C655;DAF26177;0.01;0.49;0.54;0.0;0.02;1.0;4.0;1.0;62.0;7410.0;34.0;1480.0;1637;1525.0
6204;90.0;223285CE;7BF6FBDF;0.02;0.47;0.5;0.0;0.01;6.0;10.0;8.0;22.0;1854.0;34.0;1482.0;1651;1537.0
6203;90.0;6B8DD7D7;7BF6FBDF;0.02;0.54;0.58;0.0;0.01;5.0;10.0;2.0;42.0;4740.0;34.0;1482.0;1652;1537.0
6202;90.0;55EE9426;7BF6FBDF;0.02;0.56;0.6;0.0;0.01;4.0;10.0;15.0;10.0;2954.0;34.0;1482.0;1640;1537.0
6201;90.0;CB59407B;7BF6FBDF;0.02;0.52;0.55;0.0;0.01;3.0;10.0;5.0;28.0;373.0;34.0;1482.0;1645;1537.0
6200;90.0;DBB74E9D;7BF6FBDF;0.02;0.49;0.52;0.0;0.01;2.0;10.0;1.0;61.0;7103.0;34.0;1482.0;1644;1537.0
6199;90.0;2BBCCAD6;7BF6FBDF;0.02;0.54;0.57;0.0;0.01;1.0;10.0;8.0;21.0;1544.0;34.0;1482.0;1656;1537.0
6198;90.0;9E883375;BFEB6EA0;0.02;0.33;0.38;0.0;0.02;1.0;1.0;2.0;41.0;4396.0;46.0;1483.0;1670;1538.0
6197;90.0;C4092307;7BF6FBDF;0.02;0.56;0.59;0.0;0.01;6.0;10.0;15.0;9.0;2587.0;34.0;1482.0;1647;1537.0
6196;90.0;6B9A4597;7BF6FBDF;0.01;0.41;0.44;0.0;0.01;5.0;10.0;5.0;27.0;0.0;34.0;1482.0;1678;1537.0
6195;90.0;CEE4EBA4;7BF6FBDF;0.01;0.44;0.47;0.0;0.01;4.0;10.0;1.0;60.0;6727.0;34.0;1482.0;1648;1537.0
6194;90.0;429B5ED9;7BF6FBDF;0.01;0.44;0.46;0.0;0.01;3.0;10.0;8.0;20.0;1159.0;34.0;1482.0;1639;1537.0
6193;90.0;9E2D2E8E;7BF6FBDF;0.01;0.41;0.43;0.0;0.01;2.0;10.0;2.0;40.0;3985.0;34.0;1482.0;1652;1537.0
6192;90.0;559F6E93;7BF6FBDF;0.01;0.39;0.41;0.0;0.01;1.0;10.0;15.0;8.0;2193.0;34.0;1482.0;1660;1537.0
6191;90.0;322F785D;59D14704;0.02;0.66;0.71;0.0;0.01;10.0;10.0;8.0;19.0;910.0;34.0;1487.0;1647;1537.0
6190;90.0;E6C66639;59D14704;0.02;0.58;0.63;0.0;0.01;9.0;10.0;1.0;59.0;6356.0;34.0;1487.0;1640;1537.0
6189;90.0;D73755A7;59D14704;0.01;0.44;0.47;0.0;0.01;8.0;10.0;2.0;39.0;3745.0;34.0;1487.0;1639;1537.0
6188;90.0;15BFC1C2;59D14704;0.02;0.65;0.7;0.0;0.01;7.0;10.0;15.0;7.0;1960.0;34.0;1487.0;1641;1537.0
6187;90.0;46A31A7A;59D14704;0.02;0.57;0.62;0.0;0.01;6.0;10.0;5.0;26.0;948.0;34.0;1487.0;1644;1537.0
6186;90.0;F7764AAE;59D14704;0.01;0.5;0.54;0.0;0.01;5.0;10.0;8.0;18.0;590.0;34.0;1487.0;1643;1537.0
6185;90.0;3966E6C9;59D14704;0.02;0.59;0.63;0.0;0.01;4.0;10.0;1.0;58.0;6026.0;34.0;1487.0;1642;1537.0
6184;90.0;AA408E5A;59D14704;0.02;0.57;0.61;0.0;0.01;3.0;10.0;2.0;38.0;3421.0;34.0;1487.0;1640;1537.0
6183;90.0;51B4ADF2;59D14704;0.02;0.62;0.67;0.0;0.01;2.0;10.0;15.0;6.0;1638.0;34.0;1487.0;1640;1537.0
6182;90.0;7D5030C8;59D14704;0.02;0.56;0.61;0.0;0.01;1.0;10.0;5.0;25.0;628.0;44.0;1487.0;1664;1537.0
6181;90.0;C0B98818;59D14704;0.01;0.42;0.45;0.0;0.01;10.0;10.0;8.0;17.0;301.0;34.0;1487.0;1638;1537.0
6180;90.0;038F16D9;59D14704;0.02;0.65;0.7;0.0;0.01;9.0;10.0;1.0;57.0;5736.0;34.0;1487.0;1650;1537.0
6179;90.0;A31A42BF;59D14704;0.01;0.49;0.52;0.0;0.01;8.0;10.0;2.0;37.0;3124.0;34.0;1487.0;1650;1537.0
6178;90.0;BA70ABB5;59D14704;0.02;0.66;0.71;0.0;0.01;7.0;10.0;15.0;5.0;1345.0;34.0;1487.0;1641;1537.0
6177;90.0;2AD95B5A;59D14704;0.02;0.52;0.57;0.0;0.01;6.0;10.0;5.0;24.0;326.0;34.0;1487.0;1640;1537.0
6176;90.0;B3B90821;59D14704;0.02;0.51;0.55;0.0;0.01;5.0;10.0;8.0;16.0;0.0;34.0;1487.0;1663;1537.0
6175;90.0;FF154134;59D14704;0.02;0.54;0.59;0.0;0.01;4.0;10.0;1.0;56.0;5428.0;34.0;1487.0;1641;1537.0
6174;90.0;73B04AA3;59D14704;0.01;0.45;0.48;0.0;0.01;3.0;10.0;2.0;36.0;2820.0;34.0;1487.0;1657;1537.0
6173;90.0;C2D5A525;59D14704;0.02;0.52;0.56;0.0;0.01;2.0;10.0;15.0;4.0;1022.0;34.0;1487.0;1648;1537.0
6172;90.0;8EE3BD45;59D14704;0.01;0.44;0.48;0.0;0.01;1.0;10.0;5.0;23.0;0.0;44.0;1487.0;1686;1537.0
6171;90.0;E35F7032;3BA0D398;0.0;0.45;0.48;0.0;0.03;7.0;7.0;1.0;55.0;5066.0;34.0;1488.0;1641;1533.0
6170;90.0;0A31E068;3BA0D398;0.0;0.39;0.42;0.0;0.03;6.0;7.0;8.0;15.0;297.0;18.0;1488.0;1635;1533.0
6169;90.0;F8B359A0;B1EBA22B;0.01;0.5;0.53;0.0;0.02;5.0;7.0;2.0;35.0;2396.0;46.0;1480.0;1642;1525.0
6168;90.0;4062F048;B1EBA22B;0.01;0.43;0.45;0.0;0.02;4.0;7.0;15.0;3.0;619.0;46.0;1480.0;1645;1525.0
6167;90.0;99F59742;46F56B8C;0.01;0.38;0.41;0.01;0.03;3.0;7.0;6.0;66.0;1901.0;34.0;1480.0;1639;1535.0
6166;90.0;048F0DE7;46F56B8C;0.0;0.32;0.34;0.01;0.03;2.0;7.0;1.0;54.0;4771.0;18.0;1480.0;1625;1535.0
6165;90.0;2281A119;46F56B8C;0.01;0.46;0.5;0.01;0.04;1.0;7.0;8.0;14.0;0.0;18.0;1480.0;1660;1535.0
6164;90.0;AE9068AF;E9D2B793;0.0;0.42;0.46;0.01;0.09;7.0;7.0;2.0;34.0;2103.0;34.0;1480.0;1637;1530.0
6163;90.0;48DB7902;E9D2B793;0.0;0.43;0.48;0.01;0.09;6.0;7.0;15.0;2.0;309.0;34.0;1480.0;1644;1530.0
6162;90.0;6B9CF6B5;E9D2B793;0.0;0.45;0.5;0.01;0.1;5.0;7.0;6.0;65.0;1589.0;34.0;1480.0;1633;1530.0
6161;90.0;C5D4BD44;E9D2B793;0.0;0.33;0.37;0.01;0.07;4.0;7.0;1.0;53.0;4466.0;18.0;1480.0;1637;1530.0
6160;90.0;7C081BBC;E9D2B793;0.0;0.33;0.36;0.01;0.07;3.0;7.0;5.0;22.0;1743.0;18.0;1480.0;1623;1530.0
6159;90.0;20DE72C7;E9D2B793;0.0;0.38;0.43;0.01;0.08;2.0;7.0;2.0;33.0;1785.0;18.0;1480.0;1630;1530.0
6158;90.0;B9C9FD76;E9D2B793;0.0;0.46;0.51;0.01;0.1;1.0;7.0;15.0;1.0;0.0;18.0;1480.0;1674;1530.0
6157;90.0;E7EFCDA7;9970B431;0.0;0.32;0.39;0.01;0.07;7.0;7.0;6.0;64.0;1279.0;34.0;1480.0;1654;1530.0
6156;90.0;7D3D5777;9970B431;0.0;0.31;0.38;0.01;0.07;6.0;7.0;8.0;13.0;1314.0;34.0;1480.0;1641;1530.0
6155;90.0;9E484D01;9970B431;0.0;0.33;0.41;0.01;0.07;5.0;7.0;5.0;21.0;1417.0;34.0;1480.0;1647;1530.0
6154;90.0;C3FAE639;9970B431;0.0;0.42;0.51;0.01;0.09;4.0;7.0;1.0;52.0;4018.0;34.0;1480.0;1646;1530.0
6153;90.0;11106903;9970B431;0.0;0.38;0.47;0.01;0.08;3.0;7.0;2.0;32.0;1412.0;34.0;1480.0;1645;1530.0
6152;90.0;FDE90F7A;9970B431;0.0;0.32;0.39;0.01;0.07;2.0;7.0;6.0;63.0;969.0;34.0;1480.0;1631;1530.0
6151;90.0;329B06F3;9970B431;0.0;0.45;0.55;0.01;0.1;1.0;7.0;8.0;12.0;943.0;34.0;1480.0;1657;1530.0
6150;90.0;4FC7B011;4AC24E4B;0.02;0.24;0.27;0.01;0.02;6.0;6.0;5.0;20.0;1053.0;34.0;1501.0;1651;1541.0
6149;90.0;ADE5CE6C;4AC24E4B;0.02;0.24;0.28;0.01;0.02;5.0;6.0;2.0;31.0;1112.0;41.0;1501.0;1656;1541.0
6148;90.0;32E9F01D;6466E4EB;0.03;0.23;0.27;0.01;0.02;4.0;6.0;1.0;51.0;3605.0;34.0;1505.0;1655;1550.0
6147;90.0;A97BF6AF;6466E4EB;0.03;0.2;0.24;0.01;0.02;3.0;6.0;6.0;62.0;607.0;34.0;1505.0;1648;1550.0
6146;90.0;99378966;F7838086;0.01;0.47;0.51;0.0;0.0;2.0;6.0;8.0;11.0;653.0;34.0;1483.0;1633;1528.0
6145;90.0;6CE0CB78;F7838086;0.01;0.41;0.44;0.0;0.0;1.0;6.0;5.0;19.0;763.0;34.0;1483.0;1650;1528.0
6144;90.0;9D9A1B5A;CC18C404;0.02;0.2;0.22;0.01;0.02;3.0;3.0;2.0;30.0;826.0;41.0;1506.0;1665;1551.0
6143;90.0;E270A38E;CC18C404;0.02;0.19;0.21;0.01;0.02;2.0;3.0;1.0;50.0;3316.0;34.0;1506.0;1655;1551.0
6142;90.0;B9E3AFB5;8BF7B4DC;0.0;0.45;0.5;0.01;0.0;1.0;3.0;6.0;61.0;325.0;34.0;1482.0;1655;1527.0
6141;90.0;0B6E0B46;17D537B5;0.02;0.16;0.18;0.01;0.02;6.0;6.0;8.0;10.0;372.0;18.0;1509.0;1657;1554.0
6140;90.0;FA323A91;D927D5F2;0.02;0.18;0.21;0.01;0.02;5.0;6.0;5.0;18.0;482.0;32.0;1507.0;1662;1551.0
6139;90.0;ADF4FE62;D927D5F2;0.02;0.18;0.21;0.01;0.02;4.0;6.0;2.0;29.0;547.0;32.0;1507.0;1660;1551.0
6138;90.0;2309109C;B4E0CC84;0.02;0.18;0.21;0.01;0.02;3.0;6.0;1.0;49.0;2997.0;34.0;1507.0;1661;1552.0
6137;90.0;569933ED;7D015357;0.02;0.18;0.2;0.01;0.01;2.0;6.0;6.0;60.0;0.0;46.0;1506.0;1675;1551.0
6136;90.0;D5722D60;7D015357;0.03;0.2;0.23;0.02;0.01;1.0;6.0;8.0;9.0;0.0;57.0;1506.0;1704;1551.0
6135;90.0;72757E05;71A937D5;0.01;0.37;0.42;0.0;0.02;2.0;2.0;5.0;17.0;0.0;34.0;1487.0;1672;1542.0
6134;90.0;06F65393;71A937D5;0.02;0.43;0.48;0.0;0.02;2.0;3.0;2.0;28.0;0.0;34.0;1487.0;1675;1542.0
6133;90.0;457B036C;71A937D5;0.01;0.37;0.42;0.0;0.02;1.0;3.0;1.0;48.0;2272.0;41.0;1487.0;1680;1542.0
6132;90.0;CAF396EE;C21BA30D;0.0;0.94;1.01;0.0;0.0;2.0;2.0;2.0;28.0;2309.0;64.0;1462.0;1633;1497.0
6131;90.0;010FCC4E;C21BA30D;0.0;1.12;1.2;0.0;0.0;2.0;3.0;8.0;8.0;2301.0;64.0;1462.0;1622;1497.0
6130;90.0;E1627892;C21BA30D;0.0;1.16;1.24;0.0;0.0;1.0;3.0;1.0;47.0;2031.0;69.0;1462.0;1637;1497.0
6129;180.0;9DD1DB54;E154DB61;0.0;0.8;0.89;0.0;0.0;8.0;8.0;6.0;58.0;1969.0;64.0;1465.0;1615;1490.0
6128;180.0;9E70B160;E154DB61;0.0;0.85;0.95;0.0;0.0;7.0;8.0;2.0;27.0;1958.0;64.0;1465.0;1607;1490.0
6127;180.0;971F8DFE;E154DB61;0.0;0.93;1.04;0.0;0.0;6.0;8.0;8.0;7.0;1950.0;64.0;1465.0;1609;1490.0
6126;180.0;47E2CC90;E154DB61;0.0;0.74;0.83;0.0;0.0;5.0;8.0;1.0;46.0;1709.0;64.0;1465.0;1609;1490.0
6125;180.0;F2DF2FD9;E154DB61;0.0;0.96;1.07;0.0;0.0;4.0;8.0;6.0;57.0;1716.0;64.0;1465.0;1604;1490.0
6124;180.0;553230C8;E154DB61;0.0;0.72;0.8;0.0;0.0;3.0;8.0;5.0;16.0;1360.0;64.0;1465.0;1607;1490.0
6123;180.0;99DD9BA7;E154DB61;0.0;0.93;1.04;0.0;0.0;2.0;8.0;2.0;26.0;1622.0;64.0;1465.0;1603;1490.0
6122;180.0;00C7181A;E154DB61;0.0;0.83;0.93;0.0;0.0;1.0;8.0;8.0;6.0;1577.0;69.0;1465.0;1637;1490.0
6121;180.0;525A5974;E154DB61;0.0;0.81;0.91;0.0;0.0;9.0;9.0;1.0;45.0;1336.0;64.0;1465.0;1616;1490.0
6120;180.0;5EDA2DDB;E154DB61;0.0;0.72;0.8;0.0;0.0;8.0;9.0;6.0;56.0;1340.0;64.0;1465.0;1626;1490.0
6119;180.0;9FF39227;E154DB61;0.0;0.74;0.82;0.0;0.0;7.0;9.0;5.0;15.0;999.0;64.0;1465.0;1631;1490.0
6118;180.0;56FFA879;E154DB61;0.0;0.85;0.95;0.0;0.0;6.0;9.0;2.0;25.0;1252.0;64.0;1465.0;1630;1490.0
6117;180.0;18B852C6;E154DB61;0.0;0.98;1.09;0.0;0.0;5.0;9.0;8.0;5.0;1236.0;64.0;1465.0;1615;1490.0
6116;180.0;0A31E068;E154DB61;0.0;0.86;0.96;0.0;0.0;4.0;9.0;1.0;44.0;990.0;64.0;1465.0;1610;1490.0
6115;180.0;0CBB218B;E154DB61;0.0;1.01;1.13;0.0;0.0;3.0;9.0;6.0;55.0;992.0;64.0;1465.0;1607;1490.0
6114;180.0;D034FA3D;E154DB61;0.0;1.08;1.2;0.0;0.0;2.0;9.0;5.0;14.0;661.0;64.0;1465.0;1615;1490.0
6113;180.0;FB5A6244;E154DB61;0.0;0.91;1.02;0.0;0.0;1.0;9.0;2.0;24.0;923.0;69.0;1465.0;1615;1490.0
6112;180.0;0883D408;E154DB61;0.0;1.04;1.16;0.0;0.0;9.0;9.0;8.0;4.0;894.0;64.0;1465.0;1611;1490.0
6111;180.0;DEE5DE5E;E154DB61;0.0;0.75;0.84;0.0;0.0;8.0;9.0;1.0;43.0;653.0;64.0;1465.0;1604;1490.0
6110;180.0;F2E2ACAD;E154DB61;0.0;0.74;0.83;0.0;0.0;7.0;9.0;6.0;54.0;659.0;64.0;1465.0;1618;1490.0
6109;180.0;4DD1A18B;E154DB61;0.0;1.06;1.18;0.0;0.0;6.0;7.0;5.0;13.0;337.0;64.0;1465.0;1610;1490.0
6108;180.0;3819B38F;E154DB61;0.0;0.82;0.91;0.0;0.0;5.0;7.0;2.0;23.0;604.0;64.0;1465.0;1605;1490.0
6107;180.0;C077D915;E154DB61;0.0;1.05;1.17;0.0;0.0;4.0;7.0;8.0;3.0;599.0;64.0;1465.0;1626;1490.0
6106;180.0;3819B38F;E154DB61;0.0;0.82;0.91;0.0;0.0;3.0;7.0;1.0;42.0;345.0;64.0;1465.0;1610;1490.0
6105;180.0;A9DC4096;E154DB61;0.0;1.06;1.19;0.0;0.0;2.0;7.0;6.0;53.0;337.0;64.0;1465.0;1620;1490.0
6104;180.0;3943549E;E154DB61;0.0;1.03;1.15;0.0;0.0;1.0;7.0;5.0;12.0;0.0;64.0;1465.0;1655;1490.0
6103;180.0;100EAC85;E154DB61;0.0;1.02;1.13;0.0;0.0;6.0;6.0;2.0;22.0;261.0;64.0;1465.0;1620;1490.0
6102;180.0;C077D915;E154DB61;0.0;1.05;1.17;0.0;0.0;5.0;6.0;8.0;2.0;258.0;64.0;1465.0;1644;1490.0
6101;180.0;80C12DFE;E154DB61;0.0;0.93;1.04;0.0;0.0;4.0;6.0;1.0;41.0;0.0;64.0;1465.0;1640;1490.0
6100;180.0;2D5171B1;0B13406F;0.02;0.66;0.7;0.0;0.0;3.0;6.0;6.0;52.0;0.0;39.0;1480.0;1672;1520.0
6099;180.0;2CEF36A9;0B13406F;0.01;0.5;0.53;0.0;0.0;2.0;6.0;2.0;21.0;0.0;39.0;1480.0;1649;1520.0
6098;180.0;6DD250BD;0B13406F;0.01;0.5;0.53;0.0;0.0;1.0;6.0;8.0;1.0;0.0;46.0;1480.0;1667;1520.0
6097;180.0;C2FBC681;0B13406F;0.02;0.61;0.65;0.0;0.0;5.0;5.0;6.0;51.0;2661.0;39.0;1480.0;1634;1520.0
6096;180.0;51292D14;0B13406F;0.02;0.72;0.77;0.0;0.0;4.0;5.0;3.0;54.0;0.0;39.0;1480.0;1645;1520.0
6095;180.0;7930A68D;0B13406F;0.01;0.49;0.52;0.0;0.0;3.0;5.0;2.0;20.0;6000.0;39.0;1480.0;1623;1520.0
6094;180.0;0DA811F7;0B13406F;0.01;0.47;0.5;0.0;0.0;2.0;8.0;5.0;11.0;3386.0;39.0;1480.0;1624;1520.0
6093;180.0;D937DE13;0B13406F;0.01;0.49;0.53;0.0;0.0;1.0;8.0;1.0;40.0;8922.0;39.0;1480.0;1641;1520.0
6092;180.0;97310662;E294A4B5;0.0;0.07;0.09;0.0;0.25;2.0;2.0;6.0;50.0;2339.0;0.0;1509.0;1630;1549.0
6091;180.0;5DD8591E;E294A4B5;0.0;0.09;0.12;0.0;0.33;1.0;2.0;2.0;19.0;5748.0;0.0;1509.0;1641;1549.0
6090;180.0;A5CAEC3F;9C0993CD;0.03;0.56;0.61;0.0;0.02;8.0;8.0;5.0;10.0;3142.0;46.0;1480.0;1640;1515.0
6089;180.0;6DA5AD61;9C0993CD;0.02;0.39;0.42;0.0;0.01;7.0;8.0;1.0;39.0;8685.0;46.0;1480.0;1650;1515.0
6088;180.0;EE91FE80;87C78AB7;0.0;0.35;0.4;0.0;0.0;6.0;8.0;3.0;53.0;8821.0;32.0;1480.0;1620;1525.0
6087;180.0;CD7D4FD7;87C78AB7;0.0;0.38;0.44;0.0;0.0;5.0;8.0;6.0;49.0;2047.0;32.0;1480.0;1620;1525.0
6086;180.0;0EE38873;87C78AB7;0.0;0.42;0.49;0.0;0.0;4.0;8.0;2.0;18.0;5447.0;46.0;1480.0;1638;1525.0
6085;180.0;FBCA2D42;4CA7CEA8;0.02;0.54;0.56;0.01;0.02;3.0;8.0;5.0;9.0;2812.0;46.0;1483.0;1646;1528.0
6084;180.0;0F4A43FA;4CA7CEA8;0.02;0.52;0.54;0.01;0.02;2.0;8.0;1.0;38.0;8345.0;46.0;1483.0;1657;1528.0
6083;180.0;7BD0B924;D139AB57;0.0;0.42;0.45;0.0;0.0;1.0;8.0;3.0;52.0;8449.0;57.0;1481.0;1668;1526.0
6082;180.0;4BCA33B9;D22BFB79;0.01;0.42;0.47;0.02;0.06;5.0;5.0;6.0;48.0;1692.0;41.0;1480.0;1654;1540.0
6081;180.0;50187045;D22BFB79;0.01;0.46;0.51;0.02;0.06;4.0;5.0;5.0;8.0;2538.0;41.0;1480.0;1657;1540.0
6080;180.0;3733095B;9CF45E8B;0.01;0.47;0.49;0.02;0.02;3.0;5.0;2.0;17.0;5023.0;51.0;1475.0;1638;1525.0
6079;180.0;808E1C7E;9CF45E8B;0.01;0.44;0.46;0.01;0.02;2.0;5.0;1.0;37.0;7996.0;51.0;1475.0;1647;1525.0
6078;180.0;E3D8F05A;9CF45E8B;0.01;0.4;0.42;0.01;0.02;1.0;5.0;3.0;51.0;8125.0;51.0;1475.0;1673;1525.0
6077;180.0;0DF5304F;46F56B8C;0.01;0.48;0.52;0.01;0.04;2.0;2.0;6.0;47.0;1355.0;39.0;1480.0;1660;1525.0
6076;180.0;87FB474F;46F56B8C;0.01;0.42;0.46;0.01;0.03;1.0;2.0;5.0;7.0;2207.0;51.0;1480.0;1676;1525.0
6075;180.0;D811E03F;46F56B8C;0.0;0.3;0.33;0.01;0.02;5.0;7.0;2.0;16.0;4607.0;39.0;1480.0;1634;1525.0
6074;180.0;AA00A957;46F56B8C;0.01;0.44;0.47;0.01;0.04;4.0;7.0;1.0;36.0;7587.0;39.0;1480.0;1633;1525.0
6073;180.0;61CD9274;00FFEE90;0.01;0.36;0.39;0.01;0.02;3.0;7.0;3.0;50.0;7713.0;46.0;1489.0;1665;1534.0
6072;180.0;3B83E939;00FFEE90;0.01;0.38;0.41;0.01;0.02;2.0;7.0;6.0;46.0;937.0;46.0;1489.0;1658;1534.0
6071;180.0;695769F8;00FFEE90;0.01;0.28;0.31;0.01;0.02;1.0;7.0;5.0;6.0;1791.0;51.0;1489.0;1677;1534.0
6070;180.0;27983090;BDB26FB7;0.02;0.25;0.27;0.01;0.02;7.0;7.0;2.0;15.0;4286.0;51.0;1500.0;1677;1540.0
6069;180.0;796644DD;BDB26FB7;0.02;0.32;0.34;0.01;0.02;6.0;7.0;1.0;35.0;7267.0;51.0;1500.0;1673;1540.0
6068;180.0;F17B8F6E;BDB26FB7;0.02;0.31;0.33;0.01;0.02;5.0;7.0;3.0;49.0;7397.0;51.0;1500.0;1670;1540.0
6067;180.0;5147C840;BDB26FB7;0.02;0.27;0.29;0.01;0.02;4.0;7.0;6.0;45.0;642.0;51.0;1500.0;1666;1540.0
6066;180.0;5A8F6215;CC996FCB;0.02;0.17;0.19;0.0;0.0;3.0;7.0;5.0;5.0;1504.0;48.0;1510.0;1665;1550.0
6065;180.0;8485B1B6;CC996FCB;0.02;0.21;0.24;0.0;0.0;2.0;7.0;2.0;14.0;4004.0;48.0;1510.0;1660;1550.0
6064;180.0;7F7807AD;CC996FCB;0.02;0.21;0.24;0.0;0.0;1.0;7.0;1.0;34.0;6988.0;48.0;1510.0;1696;1550.0
6063;180.0;511DEB41;E1B28665;0.01;0.37;0.4;0.0;0.01;6.0;6.0;3.0;48.0;7123.0;46.0;1492.0;1690;1547.0
6062;180.0;621B7988;E1B28665;0.01;0.41;0.44;0.0;0.01;5.0;6.0;6.0;44.0;368.0;46.0;1492.0;1672;1547.0
6061;180.0;E1627892;E1B28665;0.01;0.45;0.49;0.0;0.01;4.0;6.0;5.0;4.0;1224.0;46.0;1492.0;1679;1547.0
6060;180.0;CEE4EBA4;E1B28665;0.0;0.35;0.38;0.0;0.01;3.0;6.0;2.0;13.0;3713.0;46.0;1492.0;1681;1547.0
6059;180.0;01C91AE7;E1B28665;0.01;0.39;0.42;0.0;0.01;2.0;6.0;1.0;33.0;6655.0;46.0;1492.0;1669;1547.0
6058;180.0;3A6E4E39;E1B28665;0.0;0.32;0.35;0.0;0.01;1.0;6.0;3.0;47.0;6784.0;57.0;1492.0;1700;1547.0
6057;180.0;40E406B1;F1291CB0;0.02;0.15;0.17;0.01;0.02;3.0;3.0;6.0;43.0;0.0;55.0;1506.0;1700;1546.0
6056;180.0;E260CF02;F1291CB0;0.02;0.2;0.22;0.01;0.02;1.0;3.0;2.0;12.0;3341.0;60.0;1506.0;1705;1546.0
6055;180.0;45A65A88;F1291CB0;0.03;0.25;0.27;0.01;0.03;3.0;5.0;5.0;3.0;721.0;55.0;1506.0;1702;1546.0
6054;180.0;B7389B6D;F1291CB0;0.02;0.23;0.26;0.01;0.02;2.0;5.0;1.0;32.0;6261.0;55.0;1506.0;1686;1546.0
6053;180.0;92BA2F00;F1291CB0;0.02;0.17;0.19;0.01;0.02;1.0;5.0;3.0;46.0;6395.0;60.0;1506.0;1697;1546.0
6052;180.0;1F5A4B89;F1291CB0;0.02;0.19;0.21;0.01;0.02;8.0;8.0;6.0;42.0;5924.0;55.0;1506.0;1674;1546.0
6051;180.0;5D4018E9;F1291CB0;0.02;0.22;0.24;0.01;0.02;7.0;8.0;2.0;11.0;2946.0;55.0;1506.0;1676;1546.0
6050;180.0;C651488B;F1291CB0;0.02;0.24;0.26;0.01;0.02;6.0;8.0;5.0;2.0;338.0;55.0;1506.0;1680;1546.0
6049;180.0;F9CFD9EE;F1291CB0;0.02;0.24;0.26;0.01;0.02;5.0;8.0;1.0;31.0;5879.0;55.0;1506.0;1672;1546.0
6048;180.0;97D412AC;CC18C404;0.02;0.24;0.26;0.01;0.02;4.0;8.0;3.0;45.0;6012.0;51.0;1506.0;1676;1551.0
6047;180.0;1C450CFA;CC18C404;0.03;0.26;0.28;0.01;0.03;3.0;8.0;6.0;41.0;5645.0;51.0;1506.0;1674;1551.0
6046;180.0;3E415801;CC18C404;0.03;0.25;0.28;0.01;0.03;2.0;8.0;2.0;10.0;2611.0;51.0;1506.0;1672;1551.0
6045;180.0;7A02AF0B;CC18C404;0.03;0.26;0.28;0.01;0.03;1.0;8.0;5.0;1.0;0.0;60.0;1506.0;1727;1551.0
6044;180.0;BF1CEADC;56FFE5DC;0.02;0.14;0.16;0.01;0.01;5.0;5.0;1.0;30.0;5541.0;39.0;1507.0;1652;1532.0
6043;180.0;EA816F92;56FFE5DC;0.02;0.16;0.18;0.01;0.01;4.0;5.0;3.0;44.0;5668.0;39.0;1507.0;1642;1532.0
6042;180.0;32E9F01D;56FFE5DC;0.02;0.19;0.21;0.01;0.01;3.0;5.0;6.0;40.0;5300.0;44.0;1507.0;1657;1532.0
6041;180.0;107D4DF9;56FFE5DC;0.02;0.17;0.19;0.01;0.01;2.0;5.0;2.0;9.0;2320.0;39.0;1507.0;1658;1532.0
6040;180.0;F9C8F6EC;92B3EDD4;0.02;0.21;0.27;0.01;0.01;1.0;5.0;1.0;29.0;5308.0;55.0;1502.0;1689;1537.0
6039;180.0;0B04BD96;E1C94594;0.01;0.28;0.3;0.0;0.0;4.0;4.0;3.0;43.0;5440.0;46.0;1494.0;1654;1534.0
6038;180.0;A491EA4F;E1C94594;0.01;0.24;0.26;0.0;0.0;3.0;4.0;6.0;39.0;5073.0;46.0;1494.0;1667;1534.0
6037;180.0;962E2E13;E1C94594;0.02;0.31;0.34;0.0;0.0;2.0;4.0;2.0;8.0;2093.0;46.0;1494.0;1656;1534.0
6036;180.0;46790A79;E1C94594;0.02;0.31;0.33;0.0;0.0;1.0;4.0;1.0;28.0;5082.0;46.0;1494.0;1657;1534.0
6035;180.0;265E299D;5A195F30;0.0;0.36;0.38;0.0;0.02;5.0;5.0;3.0;42.0;5214.0;46.0;1487.0;1653;1527.0
6034;180.0;FFE5B3F8;67470249;0.01;0.41;0.47;0.0;0.02;4.0;4.0;6.0;38.0;4831.0;51.0;1486.0;1674;1526.0
6033;180.0;BA70ABB5;5A195F30;0.01;0.54;0.57;0.0;0.04;3.0;4.0;2.0;7.0;1845.0;46.0;1487.0;1656;1527.0
6032;180.0;06813597;5A195F30;0.01;0.44;0.46;0.0;0.03;2.0;4.0;1.0;27.0;4832.0;46.0;1487.0;1656;1527.0
6031;180.0;C4873873;5A195F30;0.01;0.48;0.5;0.0;0.03;1.0;4.0;7.0;53.0;4714.0;46.0;1487.0;1669;1527.0
6030;180.0;AE47CC49;6C4C7BC5;0.02;0.49;0.52;0.0;0.0;7.0;7.0;3.0;41.0;4903.0;46.0;1485.0;1656;1530.0
6029;180.0;578DB5BF;6C4C7BC5;0.01;0.38;0.41;0.0;0.0;6.0;7.0;6.0;37.0;4529.0;46.0;1485.0;1663;1530.0
6028;180.0;40672551;6C4C7BC5;0.01;0.37;0.4;0.0;0.0;5.0;7.0;2.0;6.0;1552.0;46.0;1485.0;1660;1530.0
6027;180.0;940AC77F;493EAF60;0.02;0.45;0.47;0.0;0.01;4.0;7.0;1.0;26.0;4528.0;46.0;1486.0;1638;1521.0
6026;180.0;0855C983;493EAF60;0.01;0.34;0.36;0.0;0.01;3.0;7.0;7.0;52.0;4409.0;46.0;1486.0;1656;1521.0
6025;180.0;B1107267;493EAF60;0.01;0.33;0.35;0.0;0.01;2.0;7.0;3.0;40.0;4552.0;46.0;1486.0;1653;1521.0
6024;180.0;511F2797;493EAF60;0.01;0.34;0.36;0.0;0.01;1.0;7.0;6.0;36.0;4187.0;46.0;1486.0;1645;1521.0
6023;180.0;F262BDBE;71A937D5;0.01;0.4;0.44;0.0;0.02;6.0;6.0;2.0;5.0;1211.0;51.0;1487.0;1663;1522.0
6022;180.0;0F4A43FA;71A937D5;0.02;0.46;0.52;0.0;0.02;5.0;6.0;1.0;25.0;4198.0;51.0;1487.0;1645;1522.0
6021;180.0;EE056E63;71A937D5;0.02;0.45;0.51;0.0;0.02;4.0;6.0;7.0;51.0;4076.0;46.0;1487.0;1645;1522.0
6020;180.0;CA243AB8;71A937D5;0.02;0.5;0.57;0.0;0.03;3.0;6.0;3.0;39.0;4280.0;46.0;1487.0;1650;1522.0
6019;180.0;681C13C8;A410176C;0.02;0.18;0.24;0.01;0.01;2.0;6.0;6.0;35.0;3916.0;57.0;1502.0;1685;1547.0
6018;180.0;265E299D;A410176C;0.02;0.15;0.19;0.01;0.01;1.0;6.0;2.0;4.0;942.0;57.0;1502.0;1704;1547.0
6017;180.0;6029FB8B;56FFE5DC;0.02;0.17;0.2;0.01;0.01;5.0;5.0;1.0;24.0;3933.0;39.0;1507.0;1662;1532.0
6016;180.0;B283C548;56FFE5DC;0.02;0.16;0.18;0.01;0.01;4.0;5.0;7.0;50.0;3816.0;39.0;1507.0;1649;1532.0
6015;180.0;E3548789;56FFE5DC;0.02;0.13;0.15;0.01;0.01;3.0;5.0;3.0;38.0;3994.0;39.0;1507.0;1658;1532.0
6014;180.0;EFFFFCF8;2374C9B3;0.02;0.15;0.18;0.01;0.02;2.0;4.0;6.0;34.0;3615.0;46.0;1502.0;1658;1542.0
6013;180.0;9B5E4D64;56FFE5DC;0.02;0.19;0.21;0.01;0.01;1.0;4.0;2.0;3.0;632.0;55.0;1507.0;1695;1532.0
6012;180.0;3E820119;A68D5105;0.03;0.21;0.23;0.01;0.02;4.0;4.0;1.0;23.0;3620.0;46.0;1502.0;1671;1542.0
6011;180.0;370253E0;C696558F;0.02;0.2;0.22;0.0;0.02;3.0;4.0;7.0;49.0;3495.0;46.0;1505.0;1668;1535.0
6010;180.0;8B5B6CFB;C696558F;0.02;0.2;0.22;0.0;0.02;2.0;4.0;3.0;37.0;3686.0;46.0;1505.0;1650;1535.0
6009;180.0;7651B2F5;C696558F;0.02;0.22;0.25;0.0;0.02;1.0;4.0;6.0;33.0;3321.0;46.0;1505.0;1678;1535.0
6008;180.0;9BDD9F6B;2E90E747;0.02;0.25;0.28;0.01;0.02;3.0;3.0;2.0;2.0;338.0;46.0;1499.0;1672;1539.0
6007;180.0;DB10B62D;2E90E747;0.01;0.21;0.24;0.01;0.02;2.0;3.0;1.0;22.0;3320.0;46.0;1499.0;1667;1539.0
6006;180.0;EBA7DA46;2E90E747;0.02;0.24;0.28;0.01;0.02;1.0;3.0;7.0;48.0;3195.0;46.0;1499.0;1679;1539.0
6005;180.0;0C851613;67470249;0.01;0.41;0.46;0.0;0.02;7.0;7.0;3.0;36.0;3349.0;46.0;1486.0;1659;1526.0
6004;180.0;E25D32DE;67470249;0.01;0.37;0.42;0.0;0.02;6.0;7.0;6.0;32.0;2978.0;46.0;1486.0;1649;1526.0
6003;180.0;845F2271;67470249;0.01;0.4;0.45;0.0;0.02;5.0;7.0;2.0;1.0;0.0;51.0;1486.0;1669;1526.0
6002;180.0;2CEB65B3;67470249;0.01;0.46;0.52;0.0;0.02;4.0;7.0;1.0;21.0;2964.0;51.0;1486.0;1649;1526.0
6001;180.0;755BEBF6;249A7E68;0.01;0.38;0.41;0.0;0.02;3.0;7.0;3.0;35.0;3096.0;46.0;1484.0;1618;1519.0
6000;180.0;1E00020A;249A7E68;0.01;0.39;0.42;0.0;0.02;2.0;7.0;6.0;31.0;2727.0;46.0;1484.0;1627;1519.0
5999;180.0;B283C548;249A7E68;0.01;0.4;0.43;0.0;0.02;1.0;7.0;7.0;47.0;2716.0;55.0;1484.0;1660;1519.0
5998;180.0;08CDB35B;027DF228;0.0;1.2;1.27;0.0;0.0;3.0;3.0;1.0;20.0;2725.0;62.0;1463.0;1622;1489.0
5997;180.0;3898CA0C;0731C1FB;0.0;0.84;0.9;0.01;0.0;2.0;3.0;3.0;34.0;2838.0;62.0;1462.0;1617;1488.0
5996;180.0;5E602804;0731C1FB;0.0;0.92;0.99;0.01;0.0;1.0;3.0;6.0;30.0;2429.0;62.0;1462.0;1628;1488.0
5995;180.0;86B85C7C;1137DC9F;0.0;0.43;0.46;0.0;0.01;2.0;2.0;7.0;46.0;2429.0;51.0;1474.0;1634;1519.0
5994;180.0;723CB526;1137DC9F;0.0;0.45;0.48;0.0;0.01;1.0;2.0;1.0;19.0;2439.0;51.0;1474.0;1660;1519.0
5993;180.0;A3B878E8;07025389;0.02;0.25;0.28;0.01;0.01;5.0;5.0;3.0;33.0;2569.0;46.0;1497.0;1660;1537.0
5992;180.0;CC8A8A8F;07025389;0.02;0.28;0.31;0.01;0.02;4.0;5.0;6.0;29.0;2189.0;46.0;1497.0;1666;1537.0
5991;180.0;8015E575;07025389;0.02;0.33;0.36;0.01;0.02;3.0;5.0;7.0;45.0;2091.0;46.0;1497.0;1666;1537.0
5990;180.0;E4B37ED3;07025389;0.02;0.35;0.39;0.01;0.02;2.0;5.0;1.0;18.0;2099.0;46.0;1497.0;1670;1537.0
5989;180.0;3682C122;07025389;0.02;0.29;0.33;0.01;0.02;2.0;5.0;3.0;32.0;2232.0;46.0;1497.0;1671;1537.0
5988;180.0;A9831E9D;07025389;0.02;0.27;0.3;0.01;0.01;1.0;5.0;6.0;28.0;1866.0;46.0;1497.0;1670;1537.0
5987;180.0;477082A7;163D1351;0.02;0.23;0.26;0.0;0.02;4.0;4.0;7.0;44.0;1859.0;51.0;1503.0;1676;1548.0
5986;180.0;3C82A3DA;163D1351;0.02;0.26;0.28;0.0;0.02;3.0;4.0;1.0;17.0;1858.0;46.0;1503.0;1676;1548.0
5985;180.0;8C413F7F;163D1351;0.02;0.24;0.26;0.0;0.02;1.0;4.0;3.0;31.0;1950.0;51.0;1503.0;1699;1548.0
5984;180.0;91D8A0FF;163D1351;0.02;0.21;0.23;0.0;0.02;4.0;7.0;15.0;58.0;1524.0;51.0;1503.0;1674;1548.0
5983;180.0;7F8418C7;163D1351;0.02;0.17;0.19;0.0;0.02;3.0;7.0;6.0;27.0;1513.0;51.0;1503.0;1666;1548.0
5982;180.0;BC175C00;163D1351;0.02;0.17;0.19;0.0;0.02;2.0;7.0;7.0;43.0;1516.0;51.0;1503.0;1670;1548.0
5981;180.0;5ADA76B1;163D1351;0.02;0.24;0.26;0.0;0.02;1.0;7.0;1.0;16.0;1523.0;55.0;1503.0;1709;1548.0
5980;180.0;0801C9FD;76E5EEFF;0.02;0.16;0.18;0.01;0.01;4.0;4.0;3.0;30.0;1568.0;51.0;1504.0;1677;1549.0
5979;180.0;792F362D;76E5EEFF;0.02;0.18;0.21;0.01;0.01;3.0;4.0;15.0;57.0;1145.0;51.0;1504.0;1666;1549.0
5978;180.0;EBB988B8;A201F563;0.02;0.21;0.26;0.01;0.0;2.0;4.0;6.0;26.0;1136.0;46.0;1504.0;1665;1544.0
5977;180.0;E78598A9;DFBF368A;0.01;0.33;0.37;0.0;0.0;1.0;4.0;7.0;42.0;1140.0;57.0;1485.0;1666;1525.0
5976;180.0;C3F9EB18;96956A01;0.02;0.2;0.22;0.01;0.02;3.0;3.0;1.0;15.0;1147.0;46.0;1500.0;1675;1540.0
5975;180.0;759060D2;96956A01;0.02;0.15;0.17;0.01;0.02;2.0;3.0;3.0;29.0;1216.0;46.0;1500.0;1670;1540.0
5974;180.0;8D56858F;C25E798C;0.02;0.19;0.22;0.01;0.0;4.0;6.0;15.0;56.0;792.0;46.0;1496.0;1660;1536.0
5973;180.0;E9043640;1169CAE4;0.02;0.21;0.24;0.0;0.03;3.0;6.0;6.0;25.0;794.0;46.0;1502.0;1665;1552.0
5972;180.0;CA1A71A8;1169CAE4;0.02;0.23;0.27;0.0;0.03;2.0;6.0;7.0;41.0;784.0;46.0;1502.0;1665;1552.0
5971;180.0;942861A0;1C2BBD80;0.02;0.46;0.48;0.01;0.0;1.0;6.0;1.0;14.0;795.0;57.0;1481.0;1665;1521.0
5970;180.0;4E8031E6;5F2CB262;0.02;0.18;0.21;0.01;0.02;4.0;4.0;3.0;28.0;921.0;46.0;1504.0;1666;1544.0
5969;180.0;BE2B3532;5F2CB262;0.02;0.18;0.21;0.01;0.02;3.0;4.0;15.0;55.0;494.0;46.0;1504.0;1656;1544.0
5968;180.0;C414A895;1F3F501C;0.03;0.19;0.22;0.01;0.01;2.0;4.0;6.0;24.0;478.0;46.0;1503.0;1660;1543.0
5967;180.0;7675CB14;1F3F501C;0.02;0.16;0.19;0.01;0.01;1.0;4.0;7.0;40.0;471.0;46.0;1503.0;1673;1543.0
5966;90.0;9F7F8ABD;96956A01;0.02;0.22;0.24;0.01;0.02;4.0;4.0;1.0;13.0;419.0;46.0;1500.0;1670;1540.0
5965;90.0;515B003C;96956A01;0.02;0.19;0.21;0.01;0.02;3.0;4.0;3.0;27.0;534.0;46.0;1500.0;1662;1540.0
5964;90.0;208CA037;96956A01;0.02;0.22;0.25;0.01;0.02;2.0;4.0;15.0;54.0;0.0;46.0;1500.0;1667;1540.0
5963;90.0;2AB5684D;1169CAE4;0.02;0.24;0.27;0.0;0.03;1.0;4.0;6.0;23.0;0.0;18.0;1502.0;1667;1542.0
5962;90.0;108E2188;6657D710;0.01;0.36;0.43;0.0;0.0;3.0;3.0;7.0;39.0;0.0;18.0;1493.0;1659;1543.0
5961;90.0;C2D9D0AA;DAF26177;0.0;0.4;0.43;0.0;0.01;2.0;3.0;1.0;12.0;0.0;34.0;1480.0;1651;1525.0
5960;90.0;048F0DE7;DAF26177;0.0;0.39;0.43;0.0;0.01;1.0;3.0;3.0;25.0;0.0;34.0;1480.0;1669;1525.0
5959;90.0;9E1B6A0B;DAF26177;0.01;0.53;0.57;0.0;0.02;6.0;6.0;15.0;53.0;9249.0;34.0;1480.0;1635;1525.0
5958;90.0;8344B0F8;9C0993CD;0.02;0.48;0.52;0.0;0.02;5.0;6.0;7.0;38.0;5886.0;51.0;1480.0;1639;1530.0
5957;90.0;5E380381;9C0993CD;0.02;0.52;0.57;0.0;0.02;4.0;6.0;6.0;22.0;5479.0;34.0;1480.0;1635;1530.0
5956;90.0;AD1C9E7B;7BF6FBDF;0.01;0.41;0.44;0.0;0.01;3.0;6.0;1.0;11.0;2779.0;34.0;1482.0;1645;1537.0
5955;90.0;CDC12253;7BF6FBDF;0.02;0.57;0.61;0.0;0.01;2.0;9.0;15.0;52.0;9006.0;34.0;1482.0;1646;1537.0
5954;90.0;9D590BE7;7BF6FBDF;0.01;0.43;0.46;0.0;0.01;1.0;9.0;7.0;37.0;5646.0;18.0;1482.0;1658;1537.0
5953;90.0;A713E63F;59D14704;0.02;0.65;0.7;0.0;0.01;10.0;10.0;3.0;24.0;6848.0;34.0;1487.0;1642;1537.0
5952;90.0;0C433220;59D14704;0.01;0.48;0.51;0.0;0.01;9.0;10.0;6.0;21.0;5170.0;34.0;1487.0;1641;1537.0
5951;90.0;0EE78882;59D14704;0.02;0.52;0.56;0.0;0.01;8.0;10.0;1.0;10.0;2473.0;34.0;1487.0;1650;1537.0
5950;90.0;0CDB75FF;59D14704;0.02;0.6;0.65;0.0;0.01;7.0;10.0;15.0;51.0;8698.0;34.0;1487.0;1655;1537.0
5949;90.0;DCB9A2AA;59D14704;0.02;0.64;0.69;0.0;0.01;6.0;10.0;7.0;36.0;5337.0;34.0;1487.0;1645;1537.0
5948;90.0;D48689C4;59D14704;0.01;0.45;0.48;0.0;0.01;5.0;10.0;3.0;23.0;6544.0;34.0;1487.0;1641;1537.0
5947;90.0;E2A73672;59D14704;0.01;0.47;0.5;0.0;0.01;4.0;10.0;6.0;20.0;4873.0;34.0;1487.0;1645;1537.0
5946;90.0;E70AED2C;59D14704;0.01;0.48;0.52;0.0;0.01;3.0;10.0;1.0;9.0;2172.0;34.0;1487.0;1655;1537.0
5945;90.0;B675C058;59D14704;0.02;0.58;0.63;0.0;0.01;2.0;10.0;15.0;50.0;8399.0;34.0;1487.0;1655;1537.0
5944;90.0;30D3950C;59D14704;0.02;0.64;0.69;0.0;0.01;1.0;10.0;7.0;35.0;5041.0;44.0;1487.0;1667;1537.0
5943;90.0;6EA5EA50;F1291CB0;0.02;0.16;0.17;0.01;0.02;6.0;6.0;3.0;22.0;6253.0;55.0;1506.0;1670;1551.0
5942;90.0;223285CE;F1291CB0;0.02;0.2;0.22;0.01;0.02;5.0;6.0;6.0;19.0;4563.0;55.0;1506.0;1680;1551.0
5941;90.0;D1B92178;F1291CB0;0.02;0.23;0.25;0.01;0.02;4.0;6.0;1.0;8.0;1869.0;55.0;1506.0;1677;1551.0
5940;90.0;F1E90A89;F1291CB0;0.02;0.23;0.25;0.01;0.02;3.0;6.0;15.0;49.0;8096.0;55.0;1506.0;1673;1551.0
5939;90.0;A5457FF3;F1291CB0;0.02;0.18;0.2;0.01;0.02;2.0;6.0;7.0;34.0;4727.0;55.0;1506.0;1679;1551.0
5938;90.0;036ECD7F;F1291CB0;0.02;0.21;0.24;0.01;0.02;1.0;6.0;3.0;21.0;5937.0;60.0;1506.0;1695;1551.0
5937;90.0;72E660D4;30171CF7;0.02;0.23;0.28;0.01;0.02;6.0;6.0;6.0;18.0;4260.0;34.0;1504.0;1660;1544.0
5936;90.0;EEBB31DA;6466E4EB;0.03;0.22;0.27;0.01;0.02;5.0;6.0;1.0;7.0;1569.0;34.0;1505.0;1653;1550.0
5935;90.0;7B7238BE;6466E4EB;0.03;0.24;0.3;0.01;0.02;4.0;6.0;15.0;48.0;7800.0;34.0;1505.0;1652;1550.0
5934;90.0;EFF85765;4AC24E4B;0.02;0.24;0.27;0.01;0.02;3.0;6.0;3.0;20.0;5701.0;34.0;1501.0;1647;1541.0
5933;90.0;E1F9F1A7;4AC24E4B;0.02;0.24;0.28;0.01;0.02;2.0;6.0;7.0;33.0;4374.0;34.0;1501.0;1652;1541.0
5932;90.0;C51A7FF0;4AC24E4B;0.02;0.18;0.2;0.01;0.01;1.0;6.0;6.0;17.0;3970.0;34.0;1501.0;1663;1541.0
5931;90.0;68E5198E;E9D2B793;0.0;0.36;0.4;0.01;0.08;3.0;3.0;1.0;6.0;1279.0;34.0;1480.0;1638;1530.0
5930;90.0;140947D1;E9D2B793;0.0;0.36;0.4;0.01;0.08;2.0;3.0;15.0;47.0;7516.0;34.0;1480.0;1633;1530.0
5929;90.0;8BC38E9F;E9D2B793;0.0;0.41;0.46;0.01;0.09;1.0;3.0;3.0;19.0;5406.0;34.0;1480.0;1650;1530.0
5928;90.0;4E5335B9;F1291CB0;0.02;0.17;0.19;0.01;0.02;6.0;6.0;7.0;32.0;4073.0;55.0;1506.0;1680;1551.0
5927;90.0;4C87AD3A;F1291CB0;0.02;0.22;0.24;0.01;0.02;5.0;6.0;6.0;16.0;3666.0;55.0;1506.0;1681;1551.0
5926;90.0;C0C684DA;F1291CB0;0.02;0.2;0.22;0.01;0.02;4.0;6.0;1.0;5.0;968.0;55.0;1506.0;1698;1551.0
5925;90.0;B1776BD8;F1291CB0;0.02;0.18;0.2;0.01;0.02;3.0;6.0;15.0;46.0;7197.0;55.0;1506.0;1680;1551.0
5924;90.0;8821ABDC;F1291CB0;0.02;0.22;0.24;0.01;0.02;2.0;6.0;3.0;18.0;5099.0;55.0;1506.0;1684;1551.0
5923;90.0;1CD3E429;F1291CB0;0.03;0.24;0.27;0.01;0.03;1.0;6.0;7.0;31.0;3763.0;64.0;1506.0;1702;1551.0
5922;90.0;8DF185BD;CC18C404;0.02;0.17;0.19;0.01;0.02;3.0;3.0;6.0;15.0;3358.0;41.0;1506.0;1666;1551.0
5921;90.0;E3AEF225;CC18C404;0.03;0.25;0.28;0.01;0.03;2.0;3.0;1.0;4.0;666.0;44.0;1506.0;1676;1551.0
5920;90.0;E177567A;CC18C404;0.02;0.19;0.2;0.01;0.02;1.0;3.0;15.0;45.0;6894.0;41.0;1506.0;1692;1551.0
5919;90.0;149F9A8C;DD961E29;0.02;0.12;0.14;0.01;0.02;7.0;7.0;3.0;17.0;4720.0;41.0;1507.0;1672;1551.0
5918;90.0;2833507C;D927D5F2;0.02;0.15;0.17;0.01;0.02;6.0;7.0;6.0;14.0;3055.0;32.0;1507.0;1660;1551.0
5917;90.0;AE257436;D927D5F2;0.02;0.17;0.2;0.01;0.02;5.0;7.0;7.0;30.0;3334.0;32.0;1507.0;1659;1551.0
5916;90.0;15EF206D;D927D5F2;0.02;0.16;0.19;0.01;0.02;4.0;7.0;1.0;3.0;278.0;32.0;1507.0;1679;1551.0
5915;90.0;6684ED42;D927D5F2;0.02;0.18;0.2;0.01;0.02;3.0;7.0;15.0;44.0;6510.0;32.0;1507.0;1653;1551.0
5914;90.0;515B003C;D927D5F2;0.02;0.16;0.18;0.01;0.02;2.0;7.0;3.0;16.0;4419.0;32.0;1507.0;1660;1551.0
5913;90.0;F9C8F6EC;D927D5F2;0.02;0.19;0.21;0.01;0.02;1.0;7.0;6.0;13.0;2745.0;32.0;1507.0;1677;1551.0
5912;90.0;49B5F098;4D27ECED;0.02;0.18;0.21;0.01;0.0;8.0;8.0;7.0;29.0;3039.0;34.0;1502.0;1653;1547.0
5911;90.0;9D750595;4D27ECED;0.03;0.24;0.28;0.01;0.0;7.0;8.0;1.0;2.0;0.0;34.0;1502.0;1681;1547.0
5910;90.0;24D363C8;D90699DC;0.02;0.26;0.29;0.01;0.02;6.0;8.0;3.0;15.0;4187.0;39.0;1495.0;1659;1545.0
5909;90.0;1DEA06C4;D90699DC;0.02;0.37;0.41;0.01;0.02;5.0;8.0;15.0;43.0;6170.0;39.0;1495.0;1657;1545.0
5908;90.0;9BAA45D4;D90699DC;0.02;0.28;0.3;0.01;0.02;4.0;8.0;6.0;12.0;2468.0;39.0;1495.0;1656;1545.0
5907;90.0;8F5C8067;D90699DC;0.02;0.3;0.33;0.01;0.02;3.0;8.0;7.0;28.0;2752.0;39.0;1495.0;1667;1545.0
5906;90.0;5D8F4A58;D90699DC;0.02;0.31;0.34;0.01;0.02;1.0;7.0;3.0;15.0;3673.0;44.0;1495.0;1681;1545.0
5905;90.0;5E93E6E2;D90699DC;0.02;0.3;0.33;0.01;0.02;1.0;8.0;1.0;1.0;0.0;39.0;1495.0;1687;1545.0
5904;90.0;2146FE7D;43B17A90;0.02;0.33;0.34;0.01;0.02;6.0;6.0;15.0;42.0;5867.0;57.0;1484.0;1653;1524.0
5903;90.0;6C223598;F7838086;0.01;0.39;0.42;0.0;0.0;5.0;6.0;6.0;11.0;2159.0;34.0;1483.0;1630;1528.0
5902;90.0;3ED07C2A;F7838086;0.01;0.42;0.45;0.0;0.0;4.0;6.0;7.0;27.0;2448.0;34.0;1483.0;1630;1528.0
5901;90.0;F4723C19;F7838086;0.01;0.34;0.37;0.0;0.0;3.0;6.0;3.0;13.0;3660.0;18.0;1483.0;1625;1528.0
5900;90.0;7E2190AD;67470249;0.01;0.37;0.42;0.0;0.02;2.0;6.0;15.0;41.0;5630.0;39.0;1486.0;1633;1531.0
5899;90.0;95FA508A;67470249;0.01;0.36;0.4;0.0;0.02;1.0;6.0;6.0;10.0;1921.0;34.0;1486.0;1653;1531.0
5898;90.0;D5D4B453;9DBCC3D3;0.02;0.2;0.22;0.0;0.02;2.0;2.0;7.0;26.0;2213.0;39.0;1502.0;1669;1552.0
5897;90.0;0952A87C;9DBCC3D3;0.02;0.18;0.2;0.0;0.02;1.0;2.0;3.0;12.0;3430.0;39.0;1502.0;1676;1552.0
5896;90.0;EA2DB092;BFEB6EA0;0.02;0.49;0.55;0.0;0.02;6.0;8.0;15.0;40.0;5375.0;34.0;1483.0;1647;1538.0
5895;90.0;51292D14;BFEB6EA0;0.02;0.49;0.56;0.0;0.02;5.0;8.0;6.0;9.0;1660.0;34.0;1483.0;1644;1538.0
5894;90.0;1027D3EA;BFEB6EA0;0.02;0.35;0.4;0.0;0.02;4.0;8.0;7.0;25.0;1944.0;34.0;1483.0;1644;1538.0
5893;90.0;7320A0AA;BFEB6EA0;0.02;0.44;0.5;0.0;0.02;3.0;8.0;3.0;11.0;3158.0;34.0;1483.0;1645;1538.0
5892;90.0;C18125DC;BFEB6EA0;0.02;0.48;0.54;0.0;0.02;2.0;8.0;15.0;39.0;5079.0;34.0;1483.0;1646;1538.0
5891;90.0;2842E462;BFEB6EA0;0.02;0.47;0.53;0.0;0.02;1.0;8.0;6.0;8.0;1352.0;34.0;1483.0;1646;1538.0
5890;90.0;E3D8F05A;71A937D5;0.01;0.39;0.44;0.0;0.02;6.0;6.0;7.0;24.0;1642.0;34.0;1487.0;1647;1542.0
5889;90.0;44468734;71A937D5;0.01;0.34;0.38;0.0;0.02;5.0;6.0;3.0;10.0;2858.0;34.0;1487.0;1644;1542.0
5888;90.0;52947D8B;71A937D5;0.02;0.5;0.56;0.0;0.02;4.0;6.0;15.0;38.0;4827.0;34.0;1487.0;1647;1542.0
5887;90.0;1675AA86;7D015357;0.02;0.19;0.21;0.01;0.01;3.0;6.0;5.0;57.0;1907.0;46.0;1506.0;1676;1551.0
5886;90.0;322FE7ED;7D015357;0.02;0.18;0.21;0.01;0.01;2.0;6.0;6.0;7.0;1055.0;46.0;1506.0;1668;1551.0
5885;90.0;B49A50D8;7D015357;0.02;0.16;0.18;0.01;0.01;1.0;6.0;7.0;23.0;1344.0;53.0;1506.0;1695;1551.0
5884;90.0;E17AA077;46F56B8C;0.0;0.37;0.4;0.01;0.03;5.0;5.0;3.0;9.0;2543.0;34.0;1480.0;1642;1535.0
5883;90.0;13578997;46F56B8C;0.0;0.3;0.33;0.01;0.02;4.0;5.0;15.0;37.0;4517.0;34.0;1480.0;1639;1535.0
5882;90.0;24C1F436;B44BA138;0.01;0.45;0.48;0.01;0.06;3.0;5.0;5.0;56.0;1594.0;34.0;1482.0;1673;1542.0
5881;90.0;E6B0C583;B44BA138;0.01;0.39;0.41;0.01;0.05;2.0;5.0;6.0;6.0;730.0;34.0;1482.0;1658;1542.0
5880;90.0;2DAF1A21;B44BA138;0.01;0.44;0.46;0.01;0.06;1.0;5.0;7.0;22.0;970.0;34.0;1482.0;1678;1542.0
5879;90.0;768EA2BC;60EFAC81;0.01;0.4;0.44;0.02;0.05;2.0;7.0;3.0;8.0;2181.0;34.0;1480.0;1653;1540.0
5878;90.0;805CEF6C;60EFAC81;0.01;0.39;0.42;0.02;0.05;1.0;7.0;15.0;36.0;4146.0;39.0;1480.0;1680;1540.0
5877;180.0;7AE181A0;46F56B8C;0.01;0.41;0.44;0.01;0.03;7.0;7.0;5.0;55.0;1169.0;39.0;1480.0;1637;1525.0
5876;180.0;5B2AFCD5;46F56B8C;0.01;0.47;0.51;0.01;0.04;6.0;7.0;6.0;5.0;321.0;39.0;1480.0;1631;1525.0
5875;180.0;672CCC47;46F56B8C;0.0;0.35;0.38;0.01;0.03;5.0;7.0;7.0;21.0;609.0;39.0;1480.0;1631;1525.0
5874;180.0;BEC9B856;46F56B8C;0.01;0.48;0.52;0.01;0.04;4.0;7.0;3.0;7.0;1820.0;39.0;1480.0;1630;1525.0
5873;180.0;BD7388C3;46F56B8C;0.01;0.39;0.43;0.01;0.03;3.0;7.0;15.0;35.0;3763.0;39.0;1480.0;1633;1525.0
5872;180.0;8327A570;46F56B8C;0.01;0.4;0.43;0.01;0.03;2.0;7.0;5.0;54.0;849.0;39.0;1480.0;1629;1525.0
5871;180.0;024B7A27;46F56B8C;0.01;0.41;0.45;0.01;0.03;1.0;7.0;6.0;4.0;0.0;51.0;1480.0;1672;1525.0
5870;180.0;681C13C8;D22BFB79;0.01;0.39;0.43;0.01;0.05;6.0;6.0;7.0;20.0;287.0;46.0;1480.0;1657;1540.0
5869;180.0;5A3F1FD8;D22BFB79;0.01;0.44;0.49;0.02;0.06;5.0;6.0;3.0;6.0;1503.0;46.0;1480.0;1652;1540.0
5868;180.0;09B31083;D22BFB79;0.01;0.29;0.32;0.01;0.04;4.0;6.0;2.0;63.0;3418.0;46.0;1480.0;1656;1540.0
5867;180.0;553F1587;E9D2B793;0.0;0.42;0.46;0.01;0.09;3.0;6.0;5.0;53.0;557.0;25.0;1480.0;1627;1525.0
5866;180.0;158683BE;E9D2B793;0.0;0.31;0.34;0.01;0.07;2.0;6.0;15.0;34.0;3357.0;25.0;1480.0;1626;1525.0
5865;180.0;18D313D9;E9D2B793;0.0;0.32;0.35;0.01;0.07;1.0;6.0;7.0;19.0;0.0;25.0;1480.0;1657;1525.0
5864;180.0;BC980FCC;D249F467;0.02;0.17;0.2;0.01;0.01;3.0;3.0;3.0;5.0;1212.0;46.0;1504.0;1665;1549.0
5863;180.0;6532435B;D249F467;0.02;0.21;0.25;0.01;0.02;2.0;3.0;2.0;62.0;3134.0;46.0;1504.0;1662;1549.0
5862;180.0;54B068A4;68BBAE0D;0.02;0.61;0.65;0.0;0.02;1.0;3.0;5.0;52.0;281.0;46.0;1484.0;1668;1534.0
5861;180.0;36A64F35;F1291CB0;0.02;0.22;0.25;0.01;0.02;5.0;5.0;6.0;3.0;698.0;55.0;1506.0;1679;1546.0
5860;180.0;8131B379;F1291CB0;0.02;0.21;0.23;0.01;0.02;4.0;5.0;15.0;33.0;3029.0;55.0;1506.0;1666;1546.0
5859;180.0;9F356D49;F1291CB0;0.02;0.23;0.26;0.01;0.02;3.0;5.0;3.0;4.0;942.0;55.0;1506.0;1682;1546.0
5858;180.0;4CFE2351;F1291CB0;0.02;0.21;0.24;0.01;0.02;2.0;5.0;2.0;61.0;2862.0;55.0;1506.0;1676;1546.0
5857;180.0;A5F8521C;F1291CB0;0.02;0.21;0.23;0.01;0.02;1.0;5.0;5.0;51.0;0.0;60.0;1506.0;1716;1546.0
5856;180.0;6E88DDBE;CC18C404;0.02;0.21;0.23;0.01;0.02;4.0;4.0;6.0;2.0;408.0;51.0;1506.0;1683;1551.0
5855;180.0;1A82C935;CC18C404;0.02;0.22;0.24;0.01;0.02;3.0;4.0;15.0;32.0;2619.0;51.0;1506.0;1670;1551.0
5854;180.0;32D6B5AC;CC18C404;0.02;0.24;0.26;0.01;0.02;4.0;6.0;3.0;3.0;531.0;51.0;1506.0;1685;1551.0
5853;180.0;4D32AAD1;04751D20;0.02;0.2;0.22;0.01;0.02;3.0;6.0;7.0;18.0;2343.0;46.0;1506.0;1695;1551.0
5852;180.0;61970B13;04751D20;0.03;0.27;0.3;0.01;0.03;2.0;6.0;2.0;60.0;2398.0;46.0;1506.0;1670;1551.0
5851;180.0;7E3E862D;04751D20;0.02;0.19;0.2;0.01;0.02;1.0;6.0;6.0;1.0;0.0;51.0;1506.0;1715;1551.0
5850;180.0;8384E5E9;B3A39D69;0.02;0.37;0.39;0.01;0.02;2.0;2.0;15.0;31.0;2325.0;51.0;1484.0;1649;1539.0
5849;180.0;ADA3533A;B3A39D69;0.02;0.48;0.51;0.01;0.03;5.0;6.0;3.0;2.0;228.0;51.0;1484.0;1667;1539.0
5848;180.0;F64455C6;B3A39D69;0.02;0.49;0.51;0.01;0.03;4.0;6.0;7.0;17.0;2034.0;51.0;1484.0;1658;1539.0
5847;180.0;9216B2A6;B3A39D69;0.02;0.49;0.51;0.01;0.03;3.0;6.0;2.0;59.0;2090.0;51.0;1484.0;1667;1539.0
5846;180.0;6BF59281;B3A39D69;0.02;0.48;0.5;0.01;0.03;2.0;6.0;5.0;50.0;2231.0;51.0;1484.0;1665;1539.0
5845;180.0;9E3125CF;B3A39D69;0.02;0.44;0.46;0.01;0.03;1.0;6.0;3.0;1.0;0.0;57.0;1484.0;1712;1539.0
5844;180.0;CB19820F;87E4B57D;0.02;0.13;0.16;0.01;0.02;7.0;7.0;15.0;30.0;1977.0;46.0;1512.0;1655;1557.0
5843;180.0;89AE2004;CC996FCB;0.02;0.21;0.24;0.0;0.0;6.0;7.0;7.0;16.0;1750.0;48.0;1510.0;1659;1550.0
5842;180.0;A0962028;CC996FCB;0.02;0.15;0.17;0.0;0.0;5.0;7.0;2.0;58.0;1801.0;48.0;1510.0;1660;1550.0
5841;180.0;D78296C0;CC996FCB;0.02;0.15;0.18;0.0;0.0;4.0;7.0;5.0;49.0;1931.0;48.0;1510.0;1664;1550.0
5840;180.0;3C82A3DA;3BA0D398;0.0;0.48;0.52;0.0;0.04;3.0;7.0;15.0;29.0;1735.0;46.0;1488.0;1650;1528.0
5839;180.0;46B7A03F;3BA0D398;0.0;0.47;0.5;0.0;0.04;2.0;7.0;7.0;15.0;1508.0;46.0;1488.0;1646;1528.0
5838;180.0;269BC1A9;3BA0D398;0.0;0.38;0.41;0.0;0.03;1.0;7.0;2.0;57.0;1479.0;46.0;1488.0;1642;1528.0
5837;180.0;F2D55DFB;5671F44D;0.01;0.42;0.45;0.0;0.01;5.0;5.0;5.0;48.0;1617.0;46.0;1486.0;1661;1536.0
5836;180.0;1850A729;5671F44D;0.02;0.64;0.67;0.0;0.01;4.0;5.0;15.0;28.0;1403.0;46.0;1486.0;1647;1536.0
5835;180.0;D21F4448;5671F44D;0.01;0.52;0.55;0.0;0.01;3.0;5.0;7.0;14.0;1179.0;46.0;1486.0;1647;1536.0
5834;180.0;D0F3CACF;5671F44D;0.01;0.5;0.53;0.0;0.01;2.0;5.0;2.0;56.0;1239.0;46.0;1486.0;1658;1536.0
5833;180.0;5D9EA31B;5671F44D;0.01;0.5;0.53;0.0;0.01;1.0;5.0;5.0;47.0;1377.0;51.0;1486.0;1667;1536.0
5832;180.0;12A942B0;2806A3F9;0.01;0.41;0.43;0.0;0.02;4.0;4.0;15.0;27.0;1170.0;34.0;1491.0;1638;1531.0
5831;180.0;FC37D87C;2806A3F9;0.01;0.39;0.41;0.0;0.02;3.0;4.0;7.0;13.0;879.0;34.0;1491.0;1635;1531.0
5830;180.0;723CB526;19008928;0.01;0.46;0.51;0.0;0.02;1.0;4.0;5.0;46.0;1127.0;51.0;1474.0;1650;1530.0
5829;180.0;6BFE114C;19008928;0.01;0.56;0.62;0.0;0.02;2.0;5.0;2.0;55.0;852.0;46.0;1474.0;1644;1530.0
5828;180.0;13DFCB2B;19008928;0.01;0.46;0.5;0.0;0.02;1.0;5.0;15.0;26.0;842.0;46.0;1474.0;1659;1530.0
5827;180.0;96F83EF8;22ADB3F3;0.0;0.71;0.74;0.01;0.06;5.0;5.0;7.0;12.0;595.0;46.0;1476.0;1624;1501.0
5826;180.0;09CB4D0B;22ADB3F3;0.0;0.82;0.85;0.01;0.07;4.0;5.0;5.0;45.0;842.0;46.0;1476.0;1615;1501.0
5825;180.0;F98EC60C;22ADB3F3;0.0;0.76;0.8;0.01;0.06;3.0;5.0;2.0;54.0;572.0;46.0;1476.0;1614;1501.0
5824;180.0;6D466D47;CF354F29;0.01;0.76;0.89;0.0;0.01;2.0;5.0;15.0;25.0;566.0;51.0;1470.0;1627;1510.0
5823;180.0;5CC4D2B9;CF354F29;0.01;0.96;1.12;0.0;0.01;1.0;5.0;8.0;50.0;0.0;57.0;1470.0;1665;1510.0
5821;180.0;840F518F;87C78AB7;0.01;0.5;0.58;0.0;0.0;9.0;10.0;5.0;44.0;530.0;32.0;1480.0;1624;1525.0
5820;180.0;C9F7364C;87C78AB7;0.0;0.42;0.49;0.0;0.0;8.0;10.0;2.0;53.0;276.0;32.0;1480.0;1624;1525.0
5819;180.0;C4D66D24;B4CD6E45;0.0;0.61;0.64;0.0;0.02;7.0;10.0;15.0;24.0;259.0;46.0;1475.0;1622;1510.0
5818;180.0;16097F23;B4CD6E45;0.0;0.62;0.65;0.0;0.02;6.0;10.0;7.0;11.0;247.0;46.0;1475.0;1620;1510.0
5817;180.0;06F65393;B4CD6E45;0.0;0.74;0.77;0.0;0.02;5.0;10.0;5.0;43.0;264.0;46.0;1475.0;1623;1510.0
5816;180.0;D73755A7;B4CD6E45;0.0;0.59;0.62;0.0;0.02;4.0;10.0;2.0;52.0;0.0;46.0;1475.0;1639;1510.0
5815;180.0;8A952DFD;B4CD6E45;0.0;0.84;0.87;0.0;0.02;3.0;10.0;15.0;23.0;0.0;46.0;1475.0;1647;1510.0
5814;180.0;0A91F134;B4CD6E45;0.0;0.71;0.74;0.0;0.02;2.0;10.0;7.0;10.0;0.0;46.0;1475.0;1639;1510.0
5813;180.0;34FB66E8;2A8BED63;0.02;0.47;0.49;0.0;0.0;1.0;10.0;5.0;42.0;0.0;55.0;1488.0;1692;1528.0
5812;180.0;795A3716;E1B28665;0.01;0.36;0.39;0.0;0.01;7.0;7.0;8.0;49.0;1124.0;46.0;1492.0;1663;1547.0
5811;180.0;077D7542;E1B28665;0.01;0.41;0.44;0.0;0.01;6.0;7.0;15.0;22.0;6371.0;46.0;1492.0;1662;1547.0
5810;180.0;46A31A7A;E1B28665;0.01;0.4;0.44;0.0;0.01;5.0;7.0;7.0;9.0;2429.0;46.0;1492.0;1674;1547.0
5809;180.0;D8D008C7;E1B28665;0.0;0.32;0.34;0.0;0.01;4.0;7.0;2.0;51.0;5916.0;46.0;1492.0;1665;1547.0
5808;180.0;396C5B79;E1B28665;0.0;0.3;0.32;0.0;0.01;3.0;7.0;5.0;41.0;6126.0;46.0;1492.0;1667;1547.0
5807;180.0;7219C2E4;E1B28665;0.01;0.39;0.43;0.0;0.01;2.0;7.0;8.0;48.0;840.0;46.0;1492.0;1673;1547.0
5806;180.0;73C9F9BF;E1B28665;0.0;0.32;0.35;0.0;0.01;1.0;7.0;15.0;21.0;6098.0;57.0;1492.0;1682;1547.0
5805;180.0;012735D5;E1B28665;0.01;0.39;0.43;0.0;0.01;7.0;7.0;7.0;8.0;2157.0;46.0;1492.0;1674;1547.0
5804;180.0;942861A0;E1B28665;0.01;0.41;0.44;0.0;0.01;6.0;7.0;2.0;50.0;5644.0;46.0;1492.0;1674;1547.0
5803;180.0;268BBAE5;E1B28665;0.01;0.42;0.45;0.0;0.01;5.0;7.0;5.0;40.0;5857.0;46.0;1492.0;1675;1547.0
5802;180.0;701704EB;E1B28665;0.0;0.33;0.36;0.0;0.01;4.0;7.0;8.0;47.0;579.0;46.0;1492.0;1677;1547.0
5801;180.0;7ACA4D49;E1B28665;0.01;0.38;0.42;0.0;0.01;3.0;7.0;15.0;20.0;5832.0;46.0;1492.0;1675;1547.0
5800;180.0;79206B91;E1B28665;0.01;0.43;0.47;0.0;0.01;2.0;7.0;7.0;7.0;1878.0;46.0;1492.0;1674;1547.0
5799;180.0;683AE954;E1B28665;0.01;0.38;0.42;0.0;0.01;1.0;7.0;2.0;49.0;5367.0;57.0;1492.0;1698;1547.0
5798;180.0;7EF6C07A;E1B28665;0.0;0.35;0.38;0.0;0.01;7.0;7.0;5.0;39.0;5579.0;46.0;1492.0;1670;1547.0
5797;180.0;D6272B2D;E1B28665;0.01;0.4;0.44;0.0;0.01;6.0;7.0;8.0;46.0;304.0;46.0;1492.0;1668;1547.0
5795;180.0;23F81D7E;E1B28665;0.01;0.46;0.5;0.0;0.01;4.0;7.0;7.0;6.0;1618.0;46.0;1492.0;1656;1547.0
5796;180.0;57AB904A;E1B28665;0.0;0.3;0.32;0.0;0.01;5.0;7.0;15.0;19.0;5564.0;46.0;1492.0;1669;1547.0
5794;180.0;7FBEE53A;E1B28665;0.01;0.43;0.47;0.0;0.01;3.0;7.0;2.0;48.0;5104.0;46.0;1492.0;1667;1547.0
5793;180.0;2E12F21A;E1B28665;0.01;0.44;0.48;0.0;0.01;2.0;7.0;5.0;38.0;5295.0;46.0;1492.0;1674;1547.0
5792;180.0;8ABA3340;E1B28665;0.01;0.39;0.42;0.0;0.01;1.0;7.0;8.0;45.0;0.0;57.0;1492.0;1702;1547.0
5791;180.0;E7961580;281A1554;0.01;0.71;0.74;0.01;0.0;3.0;3.0;15.0;18.0;5234.0;57.0;1486.0;1710;1541.0
5790;180.0;B305DB8F;281A1554;0.01;0.7;0.73;0.01;0.0;2.0;3.0;7.0;5.0;1226.0;57.0;1486.0;1704;1541.0
5789;180.0;E5FE0DBC;281A1554;0.0;0.53;0.55;0.01;0.0;1.0;3.0;2.0;47.0;4705.0;57.0;1486.0;1700;1541.0
5788;180.0;46FD08A8;48815118;0.0;0.44;0.47;0.01;0.0;2.0;2.0;15.0;17.0;4971.0;62.0;1486.0;1692;1541.0
5787;180.0;61F7D5AC;48815118;0.01;0.68;0.72;0.01;0.0;1.0;2.0;5.0;37.0;4827.0;69.0;1486.0;1689;1541.0
5786;180.0;C35B272D;6466E4EB;0.03;0.19;0.23;0.01;0.02;5.0;5.0;7.0;4.0;948.0;46.0;1505.0;1661;1545.0
5785;180.0;877CF394;6466E4EB;0.03;0.23;0.27;0.01;0.02;4.0;5.0;2.0;46.0;4421.0;46.0;1505.0;1653;1545.0
5784;180.0;FE201F45;2BA96869;0.01;0.51;0.54;0.0;0.03;3.0;5.0;15.0;16.0;4703.0;46.0;1486.0;1635;1526.0
5783;180.0;1CB91819;2BA96869;0.01;0.48;0.52;0.0;0.02;2.0;5.0;5.0;36.0;4548.0;46.0;1486.0;1639;1526.0
5782;180.0;2A72D3F9;6C4C7BC5;0.02;0.4;0.43;0.0;0.0;1.0;5.0;7.0;3.0;690.0;46.0;1485.0;1671;1530.0
5781;180.0;0BE05B27;04751D20;0.02;0.24;0.26;0.01;0.02;1.0;1.0;8.0;44.0;4223.0;55.0;1506.0;1698;1551.0
5780;180.0;04C80F56;6C4C7BC5;0.01;0.38;0.41;0.0;0.0;2.0;2.0;2.0;45.0;4077.0;46.0;1485.0;1652;1530.0
5779;180.0;BB1D2930;67470249;0.01;0.46;0.52;0.0;0.02;1.0;7.0;15.0;15.0;4357.0;55.0;1486.0;1678;1526.0
5778;180.0;015D559E;2277D145;0.02;0.25;0.27;0.01;0.02;3.0;3.0;5.0;35.0;4222.0;46.0;1506.0;1681;1551.0
5777;180.0;CA9A4DC8;2277D145;0.02;0.23;0.25;0.01;0.02;2.0;3.0;7.0;2.0;357.0;46.0;1506.0;1684;1551.0
5776;180.0;F3AA56AF;2277D145;0.02;0.22;0.25;0.01;0.02;1.0;3.0;8.0;43.0;3849.0;55.0;1506.0;1701;1551.0
5775;180.0;270524A9;56FFE5DC;0.02;0.16;0.18;0.01;0.01;4.0;4.0;2.0;44.0;3718.0;39.0;1507.0;1640;1532.0
5774;180.0;3947A473;56FFE5DC;0.02;0.2;0.22;0.01;0.01;3.0;4.0;5.0;34.0;3923.0;39.0;1507.0;1644;1532.0
5773;180.0;8BB56BA7;56FFE5DC;0.02;0.13;0.15;0.01;0.01;2.0;4.0;15.0;14.0;3946.0;39.0;1507.0;1642;1532.0
5772;180.0;E77F1BDA;56FFE5DC;0.02;0.19;0.21;0.01;0.01;1.0;4.0;7.0;1.0;0.0;55.0;1507.0;1710;1532.0
5771;180.0;C94C03CC;F1291CB0;0.02;0.18;0.2;0.01;0.02;7.0;7.0;2.0;43.0;3481.0;55.0;1506.0;1670;1546.0
5770;180.0;6AE279B4;F1291CB0;0.03;0.24;0.27;0.01;0.03;6.0;7.0;5.0;33.0;3672.0;55.0;1506.0;1669;1546.0
5769;180.0;83BEA736;F1291CB0;0.02;0.19;0.21;0.01;0.02;5.0;7.0;8.0;42.0;3411.0;55.0;1506.0;1673;1546.0
5768;180.0;11844863;CC18C404;0.02;0.25;0.27;0.01;0.02;4.0;7.0;15.0;13.0;3647.0;51.0;1506.0;1673;1551.0
5767;180.0;3599EAA5;CC18C404;0.02;0.21;0.23;0.01;0.02;3.0;7.0;2.0;42.0;3246.0;51.0;1506.0;1673;1551.0
5766;180.0;61B66CDE;CC18C404;0.02;0.16;0.18;0.01;0.02;2.0;7.0;5.0;32.0;3450.0;51.0;1506.0;1669;1551.0
5765;180.0;78766D06;CC18C404;0.02;0.25;0.27;0.01;0.02;1.0;7.0;8.0;41.0;3190.0;55.0;1506.0;1693;1551.0
5764;180.0;99319533;D927D5F2;0.02;0.13;0.15;0.01;0.02;3.0;3.0;15.0;12.0;3422.0;46.0;1507.0;1675;1552.0
5763;180.0;B85DA4E8;D927D5F2;0.02;0.17;0.19;0.01;0.02;2.0;3.0;2.0;41.0;3019.0;46.0;1507.0;1676;1552.0
5762;180.0;D5402C0B;D927D5F2;0.02;0.14;0.16;0.01;0.02;1.0;3.0;5.0;31.0;3227.0;46.0;1507.0;1686;1552.0
5761;180.0;604A6262;D927D5F2;0.02;0.17;0.19;0.01;0.02;6.0;9.0;8.0;40.0;2933.0;46.0;1507.0;1663;1552.0
5760;180.0;5AE991AB;D927D5F2;0.03;0.19;0.22;0.01;0.03;5.0;9.0;15.0;11.0;3170.0;46.0;1507.0;1664;1552.0
5759;180.0;BB634E2A;D927D5F2;0.03;0.19;0.21;0.01;0.03;4.0;9.0;5.0;30.0;3030.0;46.0;1507.0;1660;1552.0
5758;180.0;6029FB8B;D927D5F2;0.02;0.16;0.19;0.01;0.02;3.0;9.0;2.0;40.0;2714.0;46.0;1507.0;1665;1552.0
5757;180.0;5F7D5120;D927D5F2;0.02;0.14;0.15;0.01;0.02;2.0;9.0;8.0;39.0;2710.0;46.0;1507.0;1663;1552.0
5756;180.0;499A7B6B;D927D5F2;0.02;0.13;0.15;0.01;0.02;1.0;9.0;15.0;10.0;2941.0;46.0;1507.0;1683;1552.0
5755;180.0;261AB809;76E5EEFF;0.02;0.18;0.21;0.01;0.01;6.0;6.0;5.0;29.0;2803.0;46.0;1504.0;1663;1549.0
5754;180.0;5A6C2C84;76E5EEFF;0.02;0.18;0.2;0.01;0.01;5.0;6.0;2.0;39.0;2485.0;51.0;1504.0;1658;1549.0
5753;180.0;FF58DFD4;163D1351;0.02;0.2;0.22;0.0;0.02;4.0;6.0;8.0;38.0;2481.0;51.0;1503.0;1659;1548.0
5752;180.0;D8883B2D;163D1351;0.02;0.25;0.27;0.0;0.02;3.0;6.0;15.0;9.0;2714.0;48.0;1503.0;1658;1548.0
5751;180.0;FE490B55;A201F563;0.01;0.17;0.22;0.01;0.0;2.0;6.0;5.0;28.0;2572.0;46.0;1504.0;1652;1544.0
5750;180.0;986B305A;A201F563;0.02;0.19;0.24;0.01;0.0;1.0;6.0;2.0;38.0;2232.0;46.0;1504.0;1669;1544.0
5749;180.0;67709FBF;392BEDA4;0.02;0.22;0.24;0.01;0.02;3.0;3.0;4.0;54.0;2312.0;46.0;1504.0;1662;1544.0
5748;180.0;4E1F58CC;DFBF368A;0.01;0.31;0.35;0.0;0.0;2.0;3.0;8.0;37.0;2122.0;57.0;1485.0;1651;1525.0
5747;180.0;C6006699;DFBF368A;0.01;0.42;0.47;0.0;0.0;1.0;3.0;15.0;8.0;2348.0;57.0;1485.0;1653;1525.0
5746;180.0;44B0D268;E2EF030B;0.01;0.16;0.19;0.01;0.02;6.0;6.0;5.0;27.0;2209.0;46.0;1502.0;1665;1547.0
5745;180.0;EA5B82F7;E2EF030B;0.02;0.21;0.24;0.01;0.03;5.0;6.0;2.0;37.0;1883.0;46.0;1502.0;1660;1547.0
5744;180.0;B6AD3B5F;E2EF030B;0.02;0.21;0.25;0.01;0.03;4.0;6.0;4.0;53.0;1965.0;46.0;1502.0;1665;1547.0
5743;180.0;4CBDDC4B;96956A01;0.02;0.16;0.18;0.01;0.02;3.0;6.0;8.0;36.0;1822.0;46.0;1500.0;1662;1540.0
5742;180.0;0EC30B33;96956A01;0.02;0.18;0.2;0.01;0.02;2.0;6.0;15.0;7.0;2055.0;46.0;1500.0;1647;1540.0
5741;180.0;DF89FC59;96956A01;0.02;0.19;0.21;0.01;0.02;1.0;6.0;5.0;26.0;1901.0;46.0;1500.0;1666;1540.0
5740;180.0;7D3BB352;7732F1AA;0.01;0.15;0.18;0.0;0.02;3.0;3.0;2.0;36.0;1585.0;46.0;1500.0;1655;1540.0
5739;180.0;FBF9BBDD;946866EE;0.02;0.18;0.22;0.01;0.02;2.0;3.0;4.0;52.0;1667.0;46.0;1501.0;1658;1536.0
5738;180.0;F78DC514;7D501556;0.01;0.18;0.21;0.01;0.02;1.0;3.0;8.0;35.0;1533.0;46.0;1503.0;1676;1543.0
5737;180.0;93C49FDF;60B76B26;0.02;0.17;0.19;0.01;0.02;7.0;7.0;15.0;6.0;1763.0;46.0;1504.0;1665;1544.0
5736;180.0;11844863;60B76B26;0.02;0.22;0.26;0.01;0.02;6.0;7.0;5.0;25.0;1609.0;46.0;1504.0;1661;1544.0
5735;180.0;70E77EC1;60B76B26;0.02;0.15;0.17;0.01;0.02;5.0;7.0;2.0;35.0;1291.0;51.0;1504.0;1662;1544.0
5734;180.0;FF76A665;60B76B26;0.02;0.17;0.2;0.01;0.02;4.0;7.0;4.0;51.0;1371.0;51.0;1504.0;1660;1544.0
5733;180.0;50801AB0;92B3EDD4;0.03;0.21;0.28;0.01;0.01;3.0;7.0;8.0;34.0;1212.0;46.0;1502.0;1659;1537.0
5732;180.0;FD1CCCEA;92B3EDD4;0.02;0.19;0.24;0.01;0.01;2.0;7.0;15.0;5.0;1438.0;44.0;1502.0;1663;1537.0
5731;180.0;2146FE7D;35C7C29B;0.01;0.22;0.24;0.01;0.0;1.0;7.0;5.0;24.0;1283.0;69.0;1501.0;1706;1551.0
5730;180.0;012735D5;2D9B78CA;0.01;0.44;0.46;0.0;0.02;4.0;4.0;2.0;34.0;926.0;46.0;1487.0;1645;1527.0
5729;180.0;808B423D;A410176C;0.02;0.14;0.18;0.01;0.01;3.0;4.0;4.0;50.0;1006.0;57.0;1502.0;1679;1547.0
5728;180.0;C9DDE9EF;A410176C;0.02;0.18;0.24;0.01;0.01;2.0;4.0;8.0;33.0;854.0;57.0;1502.0;1678;1547.0
5727;180.0;81661C22;A410176C;0.02;0.16;0.21;0.01;0.01;1.0;4.0;5.0;23.0;1006.0;57.0;1502.0;1696;1547.0
5726;180.0;E824446D;A410176C;0.02;0.19;0.24;0.01;0.01;4.0;8.0;15.0;4.0;1034.0;57.0;1502.0;1670;1547.0
5723;180.0;6316D7E9;A410176C;0.02;0.2;0.26;0.01;0.01;1.0;8.0;8.0;32.0;555.0;57.0;1502.0;1698;1547.0
5722;180.0;BEB8F2E0;4AC24E4B;0.02;0.18;0.2;0.01;0.01;7.0;7.0;5.0;22.0;705.0;51.0;1501.0;1670;1546.0
5721;180.0;6277249A;4AC24E4B;0.02;0.21;0.23;0.01;0.01;6.0;7.0;15.0;3.0;727.0;51.0;1501.0;1675;1546.0
5720;180.0;D00BB21E;4AC24E4B;0.02;0.27;0.31;0.01;0.02;5.0;7.0;2.0;32.0;325.0;51.0;1501.0;1669;1546.0
5719;180.0;8708479C;D6BA9D02;0.01;0.35;0.37;0.0;0.02;4.0;7.0;4.0;48.0;381.0;46.0;1481.0;1647;1526.0
5718;180.0;003FF6D5;D6BA9D02;0.02;0.45;0.47;0.0;0.02;3.0;7.0;8.0;31.0;237.0;46.0;1481.0;1645;1526.0
5717;180.0;75FF8B39;D6BA9D02;0.01;0.39;0.41;0.0;0.02;2.0;7.0;5.0;21.0;381.0;46.0;1481.0;1645;1526.0
5716;180.0;0A162A2B;D6BA9D02;0.02;0.51;0.54;0.0;0.02;1.0;7.0;15.0;2.0;409.0;46.0;1481.0;1667;1526.0
5715;180.0;21C0188C;1FCFE9BD;0.03;0.27;0.29;0.01;0.03;5.0;5.0;2.0;31.0;0.0;46.0;1500.0;1673;1540.0
5714;180.0;AA2D8A79;1FCFE9BD;0.02;0.2;0.22;0.01;0.02;4.0;5.0;8.0;30.0;0.0;46.0;1500.0;1669;1540.0
5713;180.0;E1F9F1A7;04751D20;0.02;0.23;0.25;0.01;0.02;3.0;5.0;4.0;47.0;0.0;46.0;1506.0;1676;1551.0
5712;180.0;21AF3907;04751D20;0.02;0.23;0.25;0.01;0.02;2.0;5.0;5.0;20.0;0.0;46.0;1506.0;1685;1551.0
5711;180.0;B32AD5A3;04751D20;0.02;0.17;0.19;0.01;0.02;1.0;5.0;15.0;1.0;0.0;55.0;1506.0;1718;1551.0
5710;180.0;7A1AC404;04751D20;0.02;0.19;0.21;0.01;0.02;1.0;1.0;1.0;62.0;1629.0;51.0;1506.0;1678;1551.0
5697;180.0;A3C61F61;4D302CE7;0.0;1.07;1.12;0.0;0.0;1.0;3.0;4.0;44.0;1204.0;69.0;1460.0;1623;1485.0
5696;180.0;850859B9;CC996FCB;0.02;0.2;0.23;0.0;0.0;3.0;3.0;8.0;27.0;1192.0;48.0;1510.0;1667;1550.0
5695;180.0;62E7EF40;CC996FCB;0.02;0.18;0.21;0.0;0.0;2.0;3.0;2.0;28.0;405.0;48.0;1510.0;1671;1550.0
5694;180.0;3EE3726C;CC996FCB;0.02;0.21;0.25;0.0;0.0;1.0;3.0;5.0;16.0;1108.0;48.0;1510.0;1689;1550.0
5693;180.0;5BA23E21;CC996FCB;0.03;0.23;0.27;0.0;0.0;5.0;8.0;1.0;58.0;576.0;48.0;1510.0;1672;1550.0
5692;180.0;3CEC1290;CC996FCB;0.02;0.21;0.25;0.0;0.0;4.0;8.0;4.0;43.0;876.0;48.0;1510.0;1657;1550.0
5691;180.0;0C433220;CC996FCB;0.02;0.17;0.2;0.0;0.0;3.0;8.0;8.0;26.0;871.0;48.0;1510.0;1658;1550.0
5689;180.0;3BCD27BA;4731F567;0.03;0.19;0.23;0.0;0.03;2.0;8.0;2.0;27.0;0.0;46.0;1511.0;1689;1556.0
5690;180.0;C56AED84;4731F567;0.03;0.19;0.23;0.0;0.03;1.0;8.0;5.0;15.0;838.0;46.0;1511.0;1668;1556.0
5688;180.0;2A642CB2;833CB975;0.02;0.31;0.32;0.0;0.02;5.0;5.0;1.0;57.0;241.0;46.0;1490.0;1652;1535.0
5687;180.0;6A8459EA;9C5F9BFA;0.01;0.37;0.41;0.0;0.02;4.0;5.0;4.0;42.0;534.0;46.0;1490.0;1648;1535.0
5686;180.0;DC4ED87D;9C5F9BFA;0.01;0.28;0.31;0.0;0.01;3.0;5.0;8.0;25.0;528.0;46.0;1490.0;1638;1535.0
5685;180.0;DF484954;9C5F9BFA;0.01;0.37;0.41;0.0;0.02;2.0;5.0;5.0;14.0;525.0;46.0;1490.0;1652;1535.0
5684;180.0;5C465424;9C5F9BFA;0.01;0.35;0.39;0.0;0.02;1.0;5.0;1.0;56.0;0.0;51.0;1490.0;1690;1535.0
5683;180.0;47E4B10E;DAF26177;0.01;0.51;0.55;0.0;0.02;8.0;8.0;4.0;41.0;274.0;46.0;1480.0;1633;1525.0
5682;180.0;F7EFA5FA;DAF26177;0.01;0.52;0.56;0.0;0.02;7.0;8.0;8.0;24.0;252.0;46.0;1480.0;1634;1525.0
5681;180.0;768EA2BC;DAF26177;0.01;0.53;0.58;0.0;0.02;6.0;8.0;5.0;13.0;237.0;46.0;1480.0;1638;1525.0
5680;180.0;1852F753;DAF26177;0.01;0.52;0.57;0.0;0.02;5.0;8.0;2.0;26.0;235.0;46.0;1480.0;1633;1525.0
5679;180.0;9F55CDDC;DAF26177;0.01;0.59;0.64;0.0;0.02;4.0;8.0;4.0;40.0;0.0;46.0;1480.0;1647;1525.0
5678;180.0;B58994FD;87C78AB7;0.01;0.51;0.59;0.0;0.0;3.0;8.0;8.0;23.0;0.0;32.0;1480.0;1640;1525.0
5677;180.0;4CFE2351;87C78AB7;0.01;0.48;0.56;0.0;0.0;2.0;8.0;5.0;12.0;0.0;32.0;1480.0;1636;1525.0
5676;180.0;7070F8D5;87C78AB7;0.0;0.42;0.49;0.0;0.0;1.0;8.0;2.0;25.0;0.0;51.0;1480.0;1679;1525.0
5675;90.0;4676D09D;7BF6FBDF;0.01;0.42;0.45;0.0;0.01;3.0;3.0;8.0;22.0;3205.0;34.0;1482.0;1662;1537.0
5674;90.0;9B1F5261;7BF6FBDF;0.02;0.51;0.55;0.0;0.01;2.0;3.0;1.0;55.0;2629.0;34.0;1482.0;1639;1537.0
5673;90.0;64C94AED;7BF6FBDF;0.02;0.48;0.51;0.0;0.01;6.0;10.0;5.0;11.0;923.0;34.0;1482.0;1645;1537.0
5672;90.0;579B9484;7BF6FBDF;0.01;0.38;0.4;0.0;0.01;5.0;10.0;4.0;39.0;933.0;34.0;1482.0;1643;1537.0
5671;90.0;D8AED783;7BF6FBDF;0.01;0.39;0.41;0.0;0.01;4.0;10.0;2.0;24.0;921.0;34.0;1482.0;1644;1537.0
5670;90.0;0E3AF1DF;7BF6FBDF;0.02;0.48;0.52;0.0;0.01;3.0;10.0;8.0;21.0;2730.0;34.0;1482.0;1644;1537.0
5669;90.0;1F8A6847;7BF6FBDF;0.02;0.53;0.56;0.0;0.01;2.0;10.0;1.0;54.0;2328.0;34.0;1482.0;1643;1537.0
5668;90.0;EBA7DA46;7BF6FBDF;0.02;0.46;0.49;0.0;0.01;1.0;10.0;5.0;10.0;612.0;34.0;1482.0;1657;1537.0
5667;90.0;5DABEEE2;F1291CB0;0.02;0.18;0.2;0.01;0.02;3.0;3.0;4.0;38.0;618.0;62.0;1506.0;1679;1551.0
5666;90.0;0F4A43FA;F1291CB0;0.02;0.22;0.24;0.01;0.02;2.0;3.0;2.0;23.0;611.0;62.0;1506.0;1677;1551.0
5665;90.0;1242E194;F1291CB0;0.03;0.24;0.27;0.01;0.03;1.0;3.0;8.0;20.0;2428.0;62.0;1506.0;1689;1551.0
5664;90.0;79DE1A1C;46F56B8C;0.0;0.31;0.33;0.01;0.02;6.0;6.0;1.0;53.0;2020.0;34.0;1480.0;1653;1535.0
5663;90.0;107D4DF9;46F56B8C;0.01;0.39;0.43;0.01;0.03;5.0;6.0;5.0;9.0;309.0;34.0;1480.0;1644;1535.0
5662;90.0;A1822F2D;46F56B8C;0.01;0.41;0.45;0.01;0.03;4.0;6.0;4.0;37.0;318.0;34.0;1480.0;1635;1535.0
5661;90.0;F99A1199;60EFAC81;0.01;0.35;0.38;0.02;0.05;3.0;6.0;2.0;22.0;315.0;34.0;1480.0;1658;1540.0
5660;90.0;A5CAEC3F;60EFAC81;0.01;0.45;0.49;0.02;0.06;2.0;6.0;8.0;19.0;2127.0;34.0;1480.0;1656;1540.0
5659;90.0;8131B379;60EFAC81;0.01;0.38;0.41;0.02;0.05;1.0;6.0;1.0;52.0;1709.0;34.0;1480.0;1665;1540.0
5658;90.0;502AC997;E294A4B5;0.0;0.06;0.08;0.0;0.22;3.0;3.0;5.0;8.0;0.0;0.0;1509.0;1657;1549.0
5657;90.0;D53CD199;E294A4B5;0.0;0.07;0.1;0.0;0.27;2.0;3.0;4.0;36.0;0.0;0.0;1509.0;1642;1549.0
5656;90.0;92EC7E02;E294A4B5;0.0;0.07;0.1;0.0;0.27;1.0;3.0;2.0;21.0;0.0;0.0;1509.0;1656;1549.0
5655;90.0;84FAAF59;C21BA30D;0.0;0.98;1.05;0.0;0.0;2.0;2.0;8.0;18.0;1710.0;64.0;1462.0;1614;1497.0
5654;90.0;DC0ABA96;C21BA30D;0.0;1.17;1.25;0.0;0.0;1.0;3.0;1.0;51.0;1300.0;69.0;1462.0;1625;1497.0
5653;180.0;165CFFF7;398F4446;0.01;0.47;0.5;0.02;0.03;6.0;6.0;5.0;7.0;2414.0;51.0;1480.0;1643;1530.0
5652;180.0;483BF5DF;833CB975;0.02;0.29;0.3;0.0;0.02;5.0;6.0;4.0;35.0;4502.0;46.0;1490.0;1655;1535.0
5651;180.0;117EB7E8;833CB975;0.02;0.41;0.43;0.0;0.02;4.0;6.0;8.0;17.0;1351.0;46.0;1490.0;1649;1535.0
5650;180.0;89EB9A79;833CB975;0.02;0.34;0.36;0.0;0.02;3.0;6.0;2.0;20.0;2555.0;46.0;1490.0;1654;1535.0
5649;180.0;07A999EE;833CB975;0.02;0.3;0.32;0.0;0.02;2.0;6.0;1.0;50.0;888.0;46.0;1490.0;1652;1535.0
5648;180.0;96360188;833CB975;0.02;0.43;0.46;0.0;0.02;1.0;6.0;5.0;6.0;1946.0;51.0;1490.0;1670;1535.0
5647;180.0;DD1DEAF1;CE732BD3;0.02;0.43;0.45;0.0;0.01;4.0;4.0;4.0;34.0;4034.0;46.0;1490.0;1658;1535.0
5646;180.0;181E57A9;2806A3F9;0.01;0.34;0.36;0.0;0.02;3.0;4.0;8.0;16.0;881.0;34.0;1491.0;1635;1531.0
5645;180.0;265E299D;2806A3F9;0.0;0.28;0.3;0.0;0.01;2.0;4.0;2.0;19.0;2027.0;39.0;1491.0;1633;1531.0
5644;180.0;953897F1;2806A3F9;0.01;0.38;0.4;0.0;0.02;1.0;4.0;1.0;49.0;307.0;51.0;1491.0;1663;1531.0
5643;180.0;70B6009D;9C0993CD;0.02;0.36;0.39;0.0;0.01;5.0;5.0;5.0;5.0;1524.0;46.0;1480.0;1647;1515.0
5642;180.0;C3F9EB18;87C78AB7;0.01;0.48;0.55;0.0;0.0;4.0;5.0;4.0;33.0;3618.0;32.0;1480.0;1627;1525.0
5641;180.0;AE1EE9E5;87C78AB7;0.0;0.39;0.45;0.0;0.0;3.0;5.0;8.0;15.0;474.0;32.0;1480.0;1628;1525.0
5640;180.0;C1EAD3B0;87C78AB7;0.01;0.45;0.52;0.0;0.0;2.0;5.0;2.0;18.0;1685.0;32.0;1480.0;1620;1525.0
5639;180.0;4B5DBEFB;5C6E672A;0.02;0.55;0.58;0.01;0.02;1.0;5.0;1.0;48.0;0.0;46.0;1483.0;1670;1518.0
5638;180.0;F7764AAE;00FFEE90;0.01;0.33;0.36;0.01;0.02;6.0;6.0;5.0;4.0;1112.0;51.0;1489.0;1654;1534.0
5637;180.0;6BB098C2;00FFEE90;0.01;0.34;0.37;0.01;0.02;5.0;6.0;4.0;32.0;3195.0;51.0;1489.0;1652;1534.0
5636;180.0;F0A09B9A;30171CF7;0.02;0.18;0.21;0.01;0.01;4.0;6.0;2.0;17.0;1329.0;55.0;1504.0;1670;1544.0
5635;180.0;620797AC;493EAF60;0.01;0.33;0.35;0.0;0.01;3.0;6.0;8.0;14.0;0.0;46.0;1486.0;1651;1521.0
5634;180.0;FF0A071C;493EAF60;0.02;0.39;0.41;0.0;0.01;2.0;6.0;5.0;3.0;872.0;46.0;1486.0;1643;1521.0
5633;180.0;D02ADCE7;493EAF60;0.02;0.5;0.53;0.0;0.01;1.0;6.0;4.0;31.0;2952.0;51.0;1486.0;1654;1521.0
5632;180.0;D6F8C99A;493EAF60;0.02;0.41;0.43;0.0;0.01;1.0;1.0;2.0;16.0;716.0;51.0;1486.0;1646;1521.0
5631;180.0;9EA0DA6C;3BA0D398;0.0;0.37;0.4;0.0;0.03;2.0;2.0;5.0;2.0;301.0;46.0;1488.0;1657;1528.0
5630;180.0;B791F49A;3BA0D398;0.0;0.41;0.44;0.0;0.03;1.0;2.0;4.0;31.0;0.0;51.0;1488.0;1648;1528.0
5629;180.0;722C25CF;3BA0D398;0.0;0.43;0.46;0.0;0.03;3.0;3.0;8.0;12.0;0.0;46.0;1488.0;1682;1528.0
5628;180.0;87FB474F;3BA0D398;0.0;0.45;0.48;0.0;0.03;2.0;2.0;2.0;15.0;401.0;46.0;1488.0;1659;1528.0
5627;180.0;3C3A5365;3BA0D398;0.0;0.36;0.38;0.0;0.03;1.0;2.0;5.0;1.0;0.0;32.0;1488.0;1676;1528.0
5624;180.0;0C7318F9;A410176C;0.02;0.2;0.26;0.01;0.01;3.0;3.0;3.0;52.0;6509.0;57.0;1502.0;1679;1547.0
5623;180.0;67B329F2;A410176C;0.02;0.19;0.25;0.01;0.01;2.0;3.0;8.0;10.0;2632.0;57.0;1502.0;1671;1547.0
5622;180.0;0B2719F2;A410176C;0.02;0.14;0.18;0.01;0.01;1.0;3.0;2.0;13.0;2870.0;57.0;1502.0;1689;1547.0
5621;180.0;261AB809;9CF45E8B;0.01;0.37;0.39;0.01;0.02;4.0;4.0;4.0;30.0;2606.0;51.0;1475.0;1647;1525.0
5620;180.0;A713E63F;833CB975;0.03;0.43;0.46;0.0;0.03;3.0;4.0;1.0;47.0;6061.0;46.0;1490.0;1650;1535.0
5619;180.0;8821ABDC;833CB975;0.02;0.39;0.41;0.0;0.02;2.0;4.0;3.0;51.0;6198.0;46.0;1490.0;1647;1535.0
5618;180.0;1B4149DB;9C5F9BFA;0.01;0.4;0.43;0.0;0.02;1.0;4.0;8.0;9.0;2326.0;51.0;1490.0;1677;1535.0
5617;180.0;F18AA11F;46F56B8C;0.0;0.32;0.34;0.01;0.03;7.0;7.0;2.0;12.0;2590.0;39.0;1480.0;1645;1525.0
5616;180.0;A8667946;46F56B8C;0.01;0.44;0.47;0.01;0.04;6.0;7.0;4.0;29.0;2335.0;39.0;1480.0;1632;1525.0
5615;180.0;0FABE5C3;46F56B8C;0.01;0.43;0.46;0.01;0.03;5.0;7.0;1.0;46.0;5794.0;39.0;1480.0;1633;1525.0
5614;180.0;C0461741;46F56B8C;0.01;0.38;0.41;0.01;0.03;4.0;7.0;3.0;50.0;5927.0;39.0;1480.0;1629;1525.0
5613;180.0;082BD208;46F56B8C;0.0;0.33;0.36;0.01;0.03;3.0;7.0;8.0;8.0;2053.0;39.0;1480.0;1647;1525.0
5612;180.0;DC5009D3;46F56B8C;0.01;0.47;0.51;0.01;0.04;2.0;7.0;2.0;11.0;2318.0;39.0;1480.0;1634;1525.0
5611;180.0;B88655DB;7E7D0B4D;0.01;0.58;0.61;0.01;0.0;1.0;7.0;4.0;28.0;2064.0;51.0;1480.0;1658;1525.0
5610;180.0;FA33F289;46F56B8C;0.01;0.4;0.43;0.01;0.03;7.0;7.0;1.0;45.0;5522.0;39.0;1480.0;1629;1525.0
5609;180.0;D06EB18E;46F56B8C;0.01;0.4;0.43;0.01;0.03;6.0;7.0;3.0;49.0;5664.0;39.0;1480.0;1628;1525.0
5608;180.0;5A080C54;46F56B8C;0.01;0.4;0.43;0.01;0.03;5.0;7.0;8.0;7.0;1779.0;39.0;1480.0;1640;1525.0
5607;180.0;0A13D217;46F56B8C;0.01;0.48;0.52;0.01;0.04;4.0;7.0;2.0;10.0;2036.0;39.0;1480.0;1635;1525.0
5606;180.0;AC0873A5;46F56B8C;0.0;0.35;0.38;0.01;0.03;3.0;7.0;4.0;27.0;1775.0;39.0;1480.0;1623;1525.0
5605;180.0;CAC564E3;46F56B8C;0.0;0.34;0.37;0.01;0.03;2.0;7.0;1.0;44.0;5221.0;39.0;1480.0;1631;1525.0
5604;180.0;A9DC4096;46F56B8C;0.01;0.46;0.5;0.01;0.04;1.0;8.0;3.0;48.0;5346.0;51.0;1480.0;1658;1525.0
5603;180.0;BE134D00;9C5F9BFA;0.01;0.31;0.34;0.0;0.01;6.0;7.0;8.0;6.0;1471.0;46.0;1490.0;1646;1535.0
5602;180.0;34215B17;9C5F9BFA;0.01;0.35;0.38;0.0;0.02;5.0;7.0;2.0;9.0;1721.0;46.0;1490.0;1648;1535.0
5601;180.0;FBE7FADB;9C5F9BFA;0.01;0.32;0.35;0.0;0.01;4.0;7.0;4.0;26.0;1452.0;46.0;1490.0;1648;1535.0
5600;180.0;0884AA96;9C5F9BFA;0.01;0.39;0.43;0.0;0.02;3.0;7.0;1.0;43.0;4907.0;46.0;1490.0;1651;1535.0
5599;180.0;D67825CA;9C5F9BFA;0.01;0.27;0.29;0.0;0.01;2.0;7.0;3.0;47.0;5051.0;46.0;1490.0;1646;1535.0
5598;180.0;52E8C617;9C5F9BFA;0.01;0.36;0.39;0.0;0.02;1.0;7.0;8.0;5.0;1181.0;51.0;1490.0;1670;1535.0
5597;180.0;840F518F;9C5F9BFA;0.01;0.37;0.41;0.0;0.02;7.0;7.0;2.0;8.0;1431.0;46.0;1490.0;1656;1535.0
5596;180.0;B0A4A329;9C5F9BFA;0.01;0.34;0.38;0.0;0.02;6.0;7.0;4.0;25.0;1176.0;46.0;1490.0;1656;1535.0
5595;180.0;684116A3;9C5F9BFA;0.01;0.26;0.29;0.0;0.01;5.0;7.0;1.0;42.0;4627.0;46.0;1490.0;1655;1535.0
5594;180.0;FE1AA582;9C5F9BFA;0.01;0.28;0.3;0.0;0.01;4.0;7.0;3.0;46.0;4765.0;46.0;1490.0;1657;1535.0
5593;180.0;506A5928;9C5F9BFA;0.01;0.3;0.33;0.0;0.01;3.0;7.0;8.0;4.0;879.0;46.0;1490.0;1655;1535.0
5592;180.0;E260CF02;9C5F9BFA;0.01;0.34;0.37;0.0;0.02;2.0;7.0;2.0;7.0;1137.0;46.0;1490.0;1656;1535.0
5591;180.0;9DFFC174;9C5F9BFA;0.01;0.41;0.44;0.0;0.02;1.0;7.0;4.0;24.0;878.0;51.0;1490.0;1676;1535.0
5590;180.0;9F55CDDC;9C5F9BFA;0.01;0.41;0.45;0.0;0.02;7.0;7.0;1.0;41.0;4339.0;46.0;1490.0;1659;1535.0
5589;180.0;59936295;9C5F9BFA;0.01;0.26;0.29;0.0;0.01;6.0;7.0;3.0;45.0;4483.0;46.0;1490.0;1658;1535.0
5588;180.0;A8E4BC5C;9C5F9BFA;0.01;0.34;0.37;0.0;0.02;5.0;7.0;8.0;3.0;609.0;46.0;1490.0;1664;1535.0
5587;180.0;DE2FBB00;9C5F9BFA;0.01;0.38;0.42;0.0;0.02;4.0;7.0;2.0;6.0;873.0;46.0;1490.0;1659;1535.0
5586;180.0;FB2B3016;9C5F9BFA;0.01;0.28;0.3;0.0;0.01;3.0;7.0;4.0;23.0;616.0;46.0;1490.0;1653;1535.0
5585;180.0;96F83EF8;9C5F9BFA;0.01;0.33;0.36;0.0;0.02;2.0;7.0;1.0;40.0;4067.0;46.0;1490.0;1657;1535.0
5584;180.0;F98EC60C;9C5F9BFA;0.01;0.35;0.39;0.0;0.02;1.0;7.0;3.0;44.0;4203.0;51.0;1490.0;1671;1535.0
5583;180.0;1B4149DB;DD4524C7;0.02;0.58;0.61;0.01;0.0;6.0;6.0;8.0;2.0;318.0;46.0;1480.0;1641;1515.0
5582;180.0;2D2A69F5;DD4524C7;0.03;0.6;0.63;0.01;0.0;5.0;6.0;2.0;5.0;565.0;46.0;1480.0;1627;1515.0
5581;180.0;9BBC0BCC;DD4524C7;0.02;0.41;0.42;0.01;0.0;4.0;6.0;4.0;22.0;305.0;46.0;1480.0;1629;1515.0
5580;180.0;75369318;DD4524C7;0.02;0.56;0.58;0.01;0.0;3.0;6.0;1.0;39.0;3752.0;46.0;1480.0;1621;1515.0
5579;180.0;964F6446;7AFEE53C;0.01;0.28;0.3;0.0;0.0;2.0;6.0;3.0;43.0;3885.0;39.0;1488.0;1637;1528.0
5578;180.0;7D0E34E0;7AFEE53C;0.01;0.29;0.31;0.0;0.0;1.0;6.0;8.0;1.0;0.0;39.0;1488.0;1680;1528.0
5577;180.0;152BD20E;BDB26FB7;0.02;0.23;0.24;0.01;0.02;6.0;6.0;2.0;4.0;260.0;51.0;1500.0;1661;1540.0
5576;180.0;5147C840;BDB26FB7;0.02;0.27;0.29;0.01;0.02;5.0;6.0;4.0;21.0;0.0;51.0;1500.0;1656;1540.0
5575;180.0;3ED07C2A;BDB26FB7;0.02;0.28;0.3;0.01;0.02;4.0;6.0;1.0;38.0;3453.0;51.0;1500.0;1665;1540.0
5574;180.0;48277B9D;DFB6F1D3;0.01;0.32;0.34;0.0;0.0;3.0;6.0;3.0;42.0;3583.0;51.0;1485.0;1650;1525.0
5573;180.0;9D11BEE2;DFB6F1D3;0.01;0.43;0.45;0.0;0.0;2.0;6.0;2.0;3.0;0.0;51.0;1485.0;1678;1525.0
5572;180.0;300B8442;DFB6F1D3;0.01;0.33;0.35;0.0;0.0;2.0;2.0;1.0;37.0;2922.0;51.0;1485.0;1649;1525.0
5571;180.0;A9A5CD32;DFB6F1D3;0.01;0.39;0.41;0.0;0.0;1.0;8.0;3.0;41.0;3064.0;55.0;1485.0;1657;1525.0
5570;180.0;D5168BF1;DFB6F1D3;0.01;0.31;0.32;0.0;0.0;1.0;8.0;6.0;63.0;0.0;55.0;1485.0;1673;1525.0
5569;180.0;7515C588;E1B28665;0.0;0.32;0.34;0.0;0.01;6.0;6.0;4.0;19.0;2817.0;46.0;1492.0;1678;1547.0
5568;180.0;3AFF94D6;E1B28665;0.01;0.41;0.45;0.0;0.01;5.0;6.0;2.0;2.0;223.0;46.0;1492.0;1687;1547.0
5567;180.0;07FDB6C7;E1B28665;0.01;0.41;0.44;0.0;0.01;4.0;6.0;1.0;36.0;2635.0;46.0;1492.0;1672;1547.0
5566;180.0;12808BB1;E1B28665;0.0;0.32;0.34;0.0;0.01;3.0;6.0;3.0;40.0;2775.0;46.0;1492.0;1671;1547.0
5565;180.0;3819B38F;E1B28665;0.0;0.35;0.38;0.0;0.01;2.0;6.0;4.0;18.0;2583.0;46.0;1492.0;1672;1547.0
5564;180.0;14FC70ED;E1B28665;0.01;0.46;0.5;0.0;0.01;1.0;6.0;2.0;1.0;0.0;57.0;1492.0;1715;1547.0
5563;180.0;B890FA96;F1291CB0;0.02;0.16;0.18;0.01;0.02;6.0;6.0;15.0;45.0;2114.0;55.0;1506.0;1675;1546.0
5562;180.0;37D29B2F;F1291CB0;0.02;0.16;0.18;0.01;0.02;5.0;6.0;3.0;39.0;2482.0;55.0;1506.0;1668;1546.0
5561;180.0;920B414C;F1291CB0;0.02;0.2;0.22;0.01;0.02;4.0;6.0;1.0;35.0;2228.0;55.0;1506.0;1677;1546.0
5560;180.0;483BF5DF;F1291CB0;0.02;0.15;0.17;0.01;0.02;3.0;6.0;4.0;17.0;2237.0;55.0;1506.0;1676;1546.0
5559;180.0;BDFA8FA1;F1291CB0;0.02;0.21;0.24;0.01;0.02;2.0;6.0;6.0;62.0;2241.0;55.0;1506.0;1674;1546.0
5558;180.0;3495F1EB;F1291CB0;0.02;0.15;0.17;0.01;0.02;1.0;6.0;15.0;44.0;1824.0;60.0;1506.0;1688;1546.0
5557;180.0;001BF88E;F1291CB0;0.02;0.22;0.25;0.01;0.02;7.0;7.0;3.0;38.0;2191.0;55.0;1506.0;1685;1546.0
5556;180.0;B582468E;F1291CB0;0.02;0.23;0.25;0.01;0.02;6.0;7.0;1.0;34.0;1938.0;55.0;1506.0;1676;1546.0
5555;180.0;FE4E7367;F1291CB0;0.02;0.19;0.21;0.01;0.02;5.0;7.0;4.0;16.0;1939.0;55.0;1506.0;1674;1546.0
5554;180.0;304C7CA9;F1291CB0;0.02;0.16;0.18;0.01;0.02;4.0;7.0;6.0;61.0;1954.0;55.0;1506.0;1679;1546.0
5553;180.0;22C8601C;F1291CB0;0.02;0.18;0.2;0.01;0.02;3.0;7.0;15.0;43.0;1485.0;55.0;1506.0;1674;1546.0
5552;180.0;1E64F62A;CC18C404;0.02;0.24;0.27;0.01;0.02;2.0;7.0;1.0;33.0;1658.0;51.0;1506.0;1678;1551.0
5551;180.0;09B1CBE2;CC18C404;0.02;0.19;0.21;0.01;0.02;1.0;7.0;3.0;37.0;1794.0;55.0;1506.0;1674;1551.0
5550;180.0;B8602EA6;C696558F;0.02;0.17;0.19;0.0;0.02;4.0;4.0;4.0;15.0;1609.0;46.0;1505.0;1662;1535.0
5549;180.0;55B1F07B;C696558F;0.02;0.18;0.2;0.0;0.02;3.0;4.0;6.0;60.0;1620.0;46.0;1505.0;1665;1535.0
5548;180.0;054ECC33;92B3EDD4;0.02;0.18;0.24;0.01;0.01;2.0;4.0;15.0;42.0;1210.0;39.0;1502.0;1655;1537.0
5547;180.0;5F7D5120;A410176C;0.02;0.15;0.2;0.01;0.01;1.0;4.0;1.0;32.0;1342.0;57.0;1502.0;1695;1547.0
5546;180.0;B2EDDF9C;163D1351;0.02;0.25;0.27;0.0;0.02;5.0;5.0;3.0;36.0;1467.0;46.0;1503.0;1666;1548.0
5545;180.0;A6BBF00A;163D1351;0.02;0.2;0.22;0.0;0.02;4.0;5.0;4.0;14.0;1282.0;46.0;1503.0;1663;1548.0
5544;180.0;3FF5DED2;163D1351;0.02;0.26;0.28;0.0;0.02;3.0;5.0;1.0;31.0;1165.0;51.0;1503.0;1659;1548.0
5543;180.0;D48010DA;163D1351;0.02;0.25;0.28;0.0;0.02;2.0;5.0;15.0;41.0;880.0;51.0;1503.0;1663;1548.0
5542;180.0;DD1EE87F;163D1351;0.02;0.21;0.23;0.0;0.02;1.0;5.0;6.0;59.0;1173.0;55.0;1503.0;1684;1548.0
5541;180.0;8F788C72;163D1351;0.02;0.18;0.19;0.0;0.02;5.0;5.0;4.0;13.0;1049.0;51.0;1503.0;1677;1548.0
5540;180.0;268BBAE5;163D1351;0.02;0.24;0.27;0.0;0.02;4.0;5.0;3.0;35.0;1127.0;51.0;1503.0;1667;1548.0
5539;180.0;A08316EE;163D1351;0.02;0.2;0.22;0.0;0.02;3.0;5.0;1.0;30.0;873.0;51.0;1503.0;1674;1548.0
5538;180.0;213D864D;163D1351;0.02;0.2;0.22;0.0;0.02;2.0;5.0;15.0;40.0;587.0;51.0;1503.0;1678;1548.0
5537;180.0;487D709B;163D1351;0.03;0.27;0.29;0.0;0.03;1.0;5.0;6.0;58.0;884.0;55.0;1503.0;1690;1548.0
5536;180.0;EB408A9B;392BEDA4;0.02;0.27;0.29;0.01;0.03;2.0;2.0;4.0;12.0;754.0;46.0;1504.0;1654;1544.0
5535;180.0;91334926;A201F563;0.01;0.15;0.19;0.01;0.0;1.0;2.0;3.0;34.0;824.0;51.0;1504.0;1676;1544.0
5534;180.0;61CD9274;DFBF368A;0.01;0.4;0.45;0.0;0.0;6.0;8.0;1.0;29.0;574.0;53.0;1485.0;1648;1525.0
5533;180.0;5DB3B89F;07025389;0.02;0.34;0.37;0.01;0.02;5.0;8.0;15.0;39.0;287.0;41.0;1497.0;1653;1537.0
5532;180.0;D2CA9256;07025389;0.02;0.28;0.31;0.01;0.01;4.0;8.0;6.0;57.0;591.0;46.0;1497.0;1653;1537.0
5531;180.0;847B5ED9;07025389;0.02;0.34;0.37;0.01;0.02;3.0;8.0;4.0;11.0;471.0;46.0;1497.0;1655;1537.0
5530;180.0;7B3F40AA;07025389;0.02;0.26;0.28;0.01;0.01;2.0;8.0;3.0;33.0;542.0;46.0;1497.0;1651;1537.0
5529;180.0;33E85776;07025389;0.02;0.32;0.36;0.01;0.02;1.0;8.0;1.0;28.0;283.0;46.0;1497.0;1667;1537.0
5528;180.0;89F73A6D;07025389;0.02;0.24;0.27;0.01;0.01;8.0;8.0;15.0;38.0;0.0;46.0;1497.0;1673;1537.0
5527;180.0;2160F26C;07025389;0.02;0.24;0.27;0.01;0.01;7.0;8.0;4.0;10.0;238.0;46.0;1497.0;1649;1537.0
5526;180.0;55710A28;07025389;0.01;0.23;0.25;0.01;0.01;6.0;8.0;6.0;56.0;252.0;46.0;1497.0;1647;1537.0
5525;180.0;C964DF63;07025389;0.02;0.25;0.27;0.01;0.01;5.0;8.0;3.0;32.0;257.0;46.0;1497.0;1652;1537.0
5524;180.0;C5C79016;07025389;0.02;0.29;0.32;0.01;0.02;4.0;8.0;1.0;27.0;0.0;46.0;1497.0;1663;1537.0
5523;180.0;A5DD7911;07025389;0.01;0.23;0.25;0.01;0.01;3.0;8.0;4.0;9.0;0.0;46.0;1497.0;1678;1537.0
5522;180.0;7009DADE;07025389;0.02;0.32;0.35;0.01;0.02;2.0;8.0;6.0;55.0;0.0;46.0;1497.0;1674;1537.0
5521;180.0;8924CFC0;07025389;0.02;0.25;0.28;0.01;0.01;1.0;8.0;3.0;31.0;0.0;55.0;1497.0;1699;1537.0
5520;90.0;7E07B133;E2EF030B;0.02;0.19;0.22;0.01;0.03;1.0;1.0;15.0;37.0;3339.0;34.0;1502.0;1679;1557.0
5519;90.0;8DFB651D;DAF26177;0.0;0.38;0.42;0.0;0.01;4.0;4.0;6.0;54.0;6912.0;34.0;1480.0;1619;1525.0
5518;90.0;4983EA1F;DAF26177;0.01;0.54;0.59;0.0;0.02;3.0;4.0;4.0;8.0;2233.0;34.0;1480.0;1617;1525.0
5517;90.0;B52EE013;DAF26177;0.0;0.39;0.43;0.0;0.01;2.0;4.0;1.0;26.0;7192.0;34.0;1480.0;1619;1525.0
5516;90.0;97D412AC;5E203A14;0.01;0.47;0.49;0.0;0.01;1.0;4.0;3.0;30.0;7710.0;34.0;1486.0;1653;1531.0
5515;90.0;D38BC5F9;60EFAC81;0.01;0.3;0.32;0.01;0.04;5.0;5.0;15.0;36.0;3020.0;34.0;1480.0;1650;1540.0
5514;90.0;331D0C70;60EFAC81;0.01;0.31;0.34;0.01;0.04;4.0;5.0;6.0;53.0;6591.0;34.0;1480.0;1651;1540.0
5513;90.0;D1DCC3E6;A8E02CB3;0.01;0.44;0.48;0.0;0.02;3.0;5.0;4.0;7.0;1908.0;18.0;1480.0;1613;1525.0
5512;90.0;F2DF2FD9;59D14704;0.02;0.57;0.62;0.0;0.01;2.0;5.0;1.0;25.0;6902.0;34.0;1487.0;1641;1537.0
5511;90.0;46B7A03F;59D14704;0.02;0.61;0.66;0.0;0.01;1.0;5.0;3.0;29.0;7423.0;44.0;1487.0;1657;1537.0
5510;90.0;37A88ADA;43608E5D;0.01;0.61;0.63;0.0;0.07;9.0;9.0;15.0;35.0;2731.0;18.0;1485.0;1650;1535.0
5509;90.0;BE377418;B1EBA22B;0.01;0.47;0.5;0.0;0.02;8.0;9.0;6.0;52.0;6301.0;46.0;1480.0;1637;1525.0
5508;90.0;160A2FAC;B5D5B9CA;0.01;0.43;0.48;0.0;0.02;7.0;9.0;4.0;6.0;1617.0;34.0;1480.0;1645;1525.0
5507;90.0;8924CFC0;9C0993CD;0.02;0.38;0.42;0.0;0.01;6.0;9.0;1.0;24.0;6602.0;51.0;1480.0;1645;1530.0
5506;90.0;A3B878E8;9C0993CD;0.02;0.39;0.42;0.0;0.01;5.0;9.0;3.0;28.0;7120.0;51.0;1480.0;1639;1530.0
5505;90.0;F8CF7EE9;AED00924;0.02;0.36;0.4;0.0;0.02;4.0;9.0;15.0;34.0;2414.0;34.0;1480.0;1640;1525.0
5504;90.0;F8CF7EE9;AED00924;0.02;0.36;0.4;0.0;0.02;3.0;9.0;6.0;51.0;5988.0;34.0;1480.0;1639;1525.0
5503;90.0;23FCEA32;AED00924;0.02;0.46;0.51;0.0;0.02;2.0;9.0;4.0;5.0;1263.0;34.0;1480.0;1643;1525.0
5502;90.0;44FD3753;7BF6FBDF;0.01;0.36;0.39;0.0;0.01;1.0;9.0;1.0;23.0;6253.0;34.0;1482.0;1665;1537.0
5501;90.0;497059B7;F1291CB0;0.02;0.17;0.19;0.01;0.02;4.0;4.0;3.0;27.0;6772.0;55.0;1506.0;1690;1551.0
5500;90.0;19A689FA;F1291CB0;0.03;0.24;0.27;0.01;0.03;3.0;4.0;15.0;33.0;2088.0;55.0;1506.0;1691;1551.0
5499;90.0;D8D008C7;F1291CB0;0.02;0.17;0.18;0.01;0.02;2.0;4.0;6.0;50.0;5653.0;55.0;1506.0;1686;1551.0
5498;90.0;CF529D7D;F1291CB0;0.02;0.19;0.21;0.01;0.02;1.0;4.0;4.0;4.0;965.0;60.0;1506.0;1710;1551.0
5497;90.0;716BA6C7;F1291CB0;0.02;0.19;0.2;0.01;0.02;4.0;4.0;1.0;22.0;5949.0;55.0;1506.0;1676;1551.0
5496;90.0;F94E282E;F1291CB0;0.03;0.24;0.27;0.01;0.03;3.0;8.0;3.0;26.0;6469.0;55.0;1506.0;1680;1551.0
5495;90.0;133ECADB;F1291CB0;0.02;0.17;0.19;0.01;0.02;2.0;8.0;15.0;32.0;1745.0;55.0;1506.0;1683;1551.0
5494;90.0;ECF06FC0;F1291CB0;0.02;0.16;0.18;0.01;0.02;1.0;8.0;6.0;49.0;5314.0;60.0;1506.0;1690;1551.0
5493;90.0;F4504489;CC18C404;0.02;0.23;0.26;0.01;0.02;3.0;3.0;4.0;3.0;636.0;41.0;1506.0;1676;1551.0
5492;90.0;8522E344;CC18C404;0.02;0.16;0.18;0.01;0.02;2.0;3.0;1.0;21.0;5625.0;41.0;1506.0;1666;1551.0
5491;90.0;8204BD57;CC18C404;0.03;0.26;0.28;0.01;0.03;1.0;3.0;3.0;25.0;6131.0;41.0;1506.0;1676;1551.0
5490;90.0;808CFF28;D90699DC;0.02;0.27;0.29;0.01;0.02;8.0;8.0;15.0;31.0;1391.0;39.0;1495.0;1655;1545.0
5489;90.0;F6DC04B7;D90699DC;0.02;0.34;0.38;0.01;0.02;7.0;8.0;6.0;48.0;4965.0;39.0;1495.0;1654;1545.0
5488;90.0;74C488E4;D90699DC;0.02;0.25;0.27;0.0;0.02;6.0;8.0;4.0;2.0;289.0;39.0;1495.0;1672;1545.0
5487;90.0;1F946944;D90699DC;0.02;0.26;0.28;0.01;0.02;5.0;8.0;1.0;20.0;5282.0;39.0;1495.0;1655;1545.0
5486;90.0;6C98A7F0;D90699DC;0.02;0.32;0.35;0.01;0.02;4.0;8.0;3.0;24.0;5803.0;39.0;1495.0;1658;1545.0
5485;90.0;EF357B96;D90699DC;0.02;0.32;0.35;0.01;0.02;3.0;8.0;15.0;30.0;1115.0;39.0;1495.0;1655;1545.0
5484;90.0;002D1A70;D90699DC;0.02;0.28;0.3;0.01;0.02;2.0;8.0;6.0;47.0;4682.0;39.0;1495.0;1652;1545.0
5483;90.0;FD49AF2E;D90699DC;0.02;0.27;0.3;0.01;0.02;1.0;8.0;4.0;1.0;0.0;39.0;1495.0;1708;1545.0
5482;90.0;82718B31;9DBCC3D3;0.02;0.23;0.25;0.0;0.02;5.0;5.0;1.0;19.0;4990.0;39.0;1502.0;1669;1552.0
5481;90.0;B68AA3AF;9DBCC3D3;0.02;0.19;0.21;0.0;0.02;4.0;5.0;3.0;23.0;5498.0;39.0;1502.0;1677;1552.0
5480;90.0;C86D5470;C696558F;0.02;0.22;0.24;0.0;0.02;3.0;5.0;15.0;29.0;789.0;51.0;1505.0;1685;1555.0
5479;90.0;24C1F436;7D015357;0.03;0.21;0.23;0.02;0.01;2.0;5.0;6.0;46.0;4348.0;46.0;1506.0;1675;1551.0
5478;90.0;159002F9;7D015357;0.02;0.14;0.16;0.01;0.01;1.0;5.0;1.0;18.0;4665.0;53.0;1506.0;1690;1551.0
5477;90.0;F2316413;44661CD0;0.02;0.2;0.23;0.01;0.02;3.0;3.0;3.0;22.0;5165.0;32.0;1506.0;1661;1551.0
5476;90.0;82677F0C;44661CD0;0.03;0.24;0.28;0.01;0.03;2.0;3.0;15.0;28.0;476.0;32.0;1506.0;1655;1551.0
5475;90.0;18E2543B;71A937D5;0.01;0.36;0.41;0.0;0.02;1.0;3.0;6.0;45.0;4045.0;34.0;1487.0;1672;1542.0
5474;90.0;A8667946;E9D2B793;0.0;0.44;0.48;0.01;0.09;4.0;4.0;1.0;17.0;4411.0;34.0;1480.0;1649;1530.0
5473;90.0;950E3937;E9D2B793;0.0;0.43;0.48;0.01;0.09;3.0;4.0;3.0;21.0;4929.0;18.0;1480.0;1631;1530.0
5472;90.0;107D4DF9;9970B431;0.0;0.39;0.48;0.01;0.09;2.0;4.0;15.0;27.0;234.0;34.0;1480.0;1635;1530.0
5471;90.0;E7061F9A;E355BC35;0.0;0.42;0.46;0.01;0.09;1.0;4.0;6.0;44.0;3800.0;39.0;1484.0;1644;1524.0
5470;90.0;77A42771;BF0B86FD;0.0;0.4;0.44;0.0;0.03;4.0;4.0;1.0;16.0;4171.0;34.0;1485.0;1631;1525.0
5469;90.0;A6304864;BF0B86FD;0.0;0.35;0.39;0.0;0.03;3.0;4.0;3.0;20.0;4685.0;34.0;1485.0;1638;1525.0
5468;90.0;A7B40EF9;BF0B86FD;0.0;0.5;0.55;0.0;0.04;2.0;4.0;15.0;26.0;0.0;34.0;1485.0;1639;1525.0
5467;90.0;63E4F1BC;BF0B86FD;0.0;0.42;0.46;0.0;0.03;1.0;4.0;6.0;43.0;3571.0;34.0;1485.0;1648;1525.0
5466;90.0;2745E1B0;9C0993CD;0.02;0.48;0.52;0.0;0.02;5.0;5.0;1.0;15.0;3921.0;46.0;1480.0;1657;1530.0
5465;90.0;110B8910;9C0993CD;0.02;0.45;0.49;0.0;0.02;4.0;5.0;3.0;19.0;4443.0;46.0;1480.0;1644;1530.0
5464;90.0;71A8ADCC;9C0993CD;0.02;0.41;0.45;0.0;0.01;3.0;5.0;7.0;47.0;4224.0;46.0;1480.0;1648;1530.0
5463;90.0;F833B659;9C0993CD;0.02;0.47;0.51;0.0;0.02;1.0;5.0;1.0;14.0;3709.0;51.0;1480.0;1650;1530.0
5462;90.0;4BAC542C;9C0993CD;0.02;0.43;0.47;0.0;0.01;6.0;10.0;6.0;42.0;3228.0;34.0;1480.0;1633;1530.0
5461;90.0;7CD34D37;9C0993CD;0.02;0.46;0.5;0.0;0.02;5.0;10.0;3.0;18.0;4172.0;46.0;1480.0;1638;1530.0
5460;90.0;1B299AB5;9C0993CD;0.02;0.36;0.39;0.0;0.01;4.0;10.0;7.0;46.0;3993.0;46.0;1480.0;1646;1530.0
5459;90.0;C5D9664D;9C0993CD;0.02;0.41;0.45;0.0;0.01;3.0;10.0;1.0;13.0;3471.0;46.0;1480.0;1636;1530.0
5458;90.0;833FE3F2;87C78AB7;0.0;0.35;0.4;0.0;0.0;2.0;10.0;6.0;41.0;2985.0;34.0;1480.0;1622;1525.0
5457;90.0;51B5596C;59D14704;0.01;0.45;0.49;0.0;0.01;1.0;10.0;3.0;17.0;3917.0;44.0;1487.0;1654;1537.0
5456;90.0;E0C4317E;0C12C54A;0.0;0.47;0.5;0.02;0.05;6.0;6.0;7.0;45.0;3731.0;51.0;1472.0;1639;1517.0
5455;90.0;27A662A3;0C12C54A;0.0;0.42;0.45;0.02;0.05;5.0;6.0;1.0;12.0;3214.0;51.0;1472.0;1635;1517.0
5454;90.0;35AA0819;B44BA138;0.01;0.39;0.41;0.01;0.05;4.0;6.0;6.0;40.0;2726.0;34.0;1482.0;1667;1542.0
5453;90.0;E2357C0F;B44BA138;0.01;0.35;0.37;0.01;0.04;3.0;6.0;3.0;16.0;3667.0;34.0;1482.0;1660;1542.0
5452;90.0;4E8031E6;B44BA138;0.01;0.43;0.45;0.01;0.06;2.0;6.0;8.0;60.0;3750.0;34.0;1482.0;1651;1542.0
5451;90.0;4CACC858;00FFEE90;0.01;0.38;0.41;0.01;0.02;1.0;6.0;7.0;44.0;3431.0;18.0;1489.0;1641;1534.0
5450;90.0;98E0AE1E;6657D710;0.01;0.32;0.37;0.0;0.0;5.0;5.0;1.0;11.0;2915.0;34.0;1493.0;1643;1543.0
5449;90.0;0DC5A27C;6657D710;0.01;0.34;0.4;0.0;0.0;4.0;5.0;6.0;39.0;2433.0;34.0;1493.0;1639;1543.0
5448;90.0;B2EDDF9C;D6C5A3D0;0.02;0.21;0.23;0.0;0.02;3.0;5.0;3.0;15.0;3373.0;46.0;1501.0;1658;1546.0
5447;90.0;A7B54008;D6C5A3D0;0.02;0.17;0.19;0.0;0.01;2.0;5.0;8.0;59.0;3464.0;34.0;1501.0;1645;1546.0
5446;90.0;C18B3C98;0A8B5BDF;0.01;0.34;0.36;0.01;0.02;1.0;5.0;7.0;43.0;3146.0;41.0;1481.0;1670;1536.0
5445;90.0;7C6F1AEC;F1291CB0;0.02;0.17;0.18;0.01;0.02;4.0;4.0;1.0;10.0;2625.0;55.0;1506.0;1678;1551.0
5444;90.0;72757E05;F1291CB0;0.02;0.18;0.2;0.01;0.02;3.0;4.0;6.0;38.0;2142.0;55.0;1506.0;1678;1551.0
5443;90.0;048D0685;F1291CB0;0.02;0.19;0.21;0.01;0.02;2.0;4.0;3.0;14.0;3076.0;55.0;1506.0;1685;1551.0
5442;90.0;CB1628CC;F1291CB0;0.02;0.21;0.23;0.01;0.02;1.0;4.0;8.0;58.0;3160.0;60.0;1506.0;1693;1551.0
5441;90.0;E87C99BE;84F4F88C;0.01;0.08;0.1;0.0;0.0;7.0;7.0;7.0;42.0;2849.0;34.0;1522.0;1673;1557.0
5440;90.0;92B29C29;84F4F88C;0.02;0.09;0.13;0.0;0.0;6.0;7.0;1.0;9.0;2333.0;18.0;1522.0;1664;1557.0
5439;90.0;0CBB218B;4AC24E4B;0.02;0.26;0.3;0.01;0.02;5.0;7.0;6.0;37.0;1850.0;41.0;1501.0;1655;1541.0
5438;90.0;BC7CA69F;6466E4EB;0.02;0.17;0.21;0.01;0.01;4.0;7.0;3.0;13.0;2794.0;34.0;1505.0;1656;1550.0
5437;90.0;D7A0B333;6466E4EB;0.02;0.19;0.22;0.01;0.01;3.0;7.0;8.0;57.0;2879.0;34.0;1505.0;1655;1550.0
5436;90.0;3A75D464;0D082BA3;0.01;0.3;0.33;0.01;0.02;2.0;7.0;7.0;41.0;2561.0;34.0;1498.0;1650;1538.0
5435;90.0;242793B6;0D082BA3;0.01;0.29;0.32;0.01;0.02;1.0;7.0;1.0;8.0;2043.0;34.0;1498.0;1664;1538.0
5434;90.0;0729F9F9;76E5EEFF;0.02;0.19;0.21;0.01;0.01;2.0;2.0;6.0;36.0;1513.0;34.0;1504.0;1650;1549.0
5433;90.0;457B036C;76E5EEFF;0.02;0.19;0.21;0.01;0.01;1.0;2.0;3.0;12.0;2453.0;34.0;1504.0;1645;1549.0
5432;90.0;F40CFA65;76E5EEFF;0.03;0.22;0.25;0.01;0.01;1.0;3.0;8.0;56.0;2533.0;34.0;1504.0;1665;1549.0
5431;90.0;7FC9F264;96956A01;0.02;0.15;0.17;0.01;0.02;7.0;7.0;1.0;7.0;1745.0;46.0;1500.0;1665;1540.0
5430;90.0;5F903C0B;96956A01;0.02;0.15;0.17;0.01;0.02;6.0;7.0;7.0;40.0;2148.0;46.0;1500.0;1657;1540.0
5429;90.0;AC59C35F;8C409667;0.02;0.19;0.21;0.01;0.0;5.0;7.0;6.0;35.0;1204.0;34.0;1504.0;1642;1544.0
5428;90.0;296B3E48;1169CAE4;0.02;0.22;0.25;0.0;0.03;4.0;7.0;3.0;11.0;2142.0;46.0;1502.0;1657;1542.0
5427;90.0;54F4FD04;1169CAE4;0.02;0.25;0.28;0.0;0.03;3.0;7.0;8.0;55.0;2224.0;46.0;1502.0;1656;1542.0
5426;90.0;0C93DEEE;1169CAE4;0.02;0.17;0.2;0.0;0.02;2.0;7.0;1.0;6.0;1439.0;46.0;1502.0;1656;1542.0
5425;90.0;9567B84E;D36B37E7;0.01;0.31;0.36;0.0;0.0;1.0;7.0;7.0;39.0;1842.0;53.0;1480.0;1665;1525.0
5424;90.0;83CE69E1;D927D5F2;0.02;0.18;0.21;0.01;0.02;9.0;9.0;6.0;34.0;895.0;32.0;1507.0;1666;1551.0
5423;90.0;DF372E40;D927D5F2;0.02;0.14;0.16;0.01;0.02;8.0;9.0;3.0;10.0;1837.0;32.0;1507.0;1662;1551.0
5422;90.0;1DFDDDA6;D927D5F2;0.02;0.15;0.17;0.01;0.02;7.0;9.0;8.0;54.0;1920.0;32.0;1507.0;1661;1551.0
5421;90.0;6564B51C;D927D5F2;0.02;0.17;0.2;0.01;0.02;6.0;9.0;1.0;5.0;1136.0;32.0;1507.0;1662;1551.0
5420;90.0;ADABE103;D927D5F2;0.03;0.19;0.22;0.01;0.03;5.0;9.0;7.0;38.0;1540.0;32.0;1507.0;1664;1551.0
5419;90.0;C716470C;D927D5F2;0.03;0.19;0.22;0.01;0.03;4.0;9.0;6.0;33.0;600.0;32.0;1507.0;1666;1551.0
5418;90.0;273492F8;D927D5F2;0.02;0.15;0.17;0.01;0.02;3.0;9.0;3.0;9.0;1540.0;32.0;1507.0;1664;1551.0
5417;90.0;F45B4335;D927D5F2;0.02;0.16;0.18;0.01;0.02;2.0;9.0;8.0;53.0;1618.0;32.0;1507.0;1662;1551.0
5416;90.0;714F7912;D927D5F2;0.02;0.15;0.17;0.01;0.02;1.0;9.0;1.0;4.0;844.0;37.0;1507.0;1688;1551.0
5415;90.0;2D88427F;D6BA9D02;0.01;0.4;0.42;0.0;0.02;7.0;7.0;7.0;37.0;1226.0;34.0;1481.0;1631;1526.0
5414;90.0;D0F3CACF;493EAF60;0.01;0.37;0.39;0.0;0.01;6.0;7.0;6.0;32.0;284.0;34.0;1486.0;1637;1531.0
5413;90.0;47F58424;67470249;0.01;0.42;0.48;0.0;0.02;5.0;7.0;3.0;8.0;1229.0;34.0;1486.0;1639;1531.0
5412;90.0;1CB91819;67470249;0.01;0.46;0.52;0.0;0.02;4.0;7.0;8.0;52.0;1317.0;34.0;1486.0;1630;1531.0
5411;90.0;9364342B;67470249;0.01;0.35;0.4;0.0;0.02;3.0;7.0;1.0;3.0;542.0;34.0;1486.0;1659;1531.0
5410;90.0;9201DF15;249A7E68;0.01;0.36;0.39;0.0;0.02;2.0;7.0;7.0;36.0;938.0;41.0;1484.0;1626;1519.0
5409;90.0;85B0EF65;249A7E68;0.02;0.41;0.44;0.0;0.02;1.0;7.0;6.0;31.0;0.0;46.0;1484.0;1659;1519.0
5408;90.0;94DCCC8B;44661CD0;0.02;0.18;0.21;0.01;0.02;6.0;6.0;3.0;7.0;862.0;32.0;1506.0;1662;1551.0
5407;90.0;FEDE7212;44661CD0;0.02;0.19;0.22;0.01;0.02;5.0;6.0;1.0;2.0;227.0;32.0;1506.0;1670;1551.0
5406;90.0;3FEE2033;44661CD0;0.02;0.21;0.24;0.01;0.02;4.0;6.0;8.0;51.0;892.0;32.0;1506.0;1654;1551.0
5405;90.0;F8AE346A;44661CD0;0.02;0.19;0.22;0.01;0.02;3.0;6.0;7.0;35.0;574.0;32.0;1506.0;1658;1551.0
5404;90.0;5BA49929;44661CD0;0.02;0.21;0.24;0.01;0.02;2.0;6.0;3.0;6.0;637.0;32.0;1506.0;1656;1551.0
5403;90.0;72D6E790;44661CD0;0.02;0.16;0.19;0.01;0.02;1.0;6.0;1.0;1.0;0.0;32.0;1506.0;1696;1551.0
5402;90.0;A50CB92C;C1BE9DD8;0.02;0.18;0.21;0.01;0.02;6.0;6.0;2.0;62.0;590.0;34.0;1507.0;1668;1551.0
5401;90.0;0D388B79;7D015357;0.02;0.16;0.18;0.01;0.01;5.0;6.0;8.0;50.0;596.0;46.0;1506.0;1671;1551.0
5400;90.0;C5D49B18;7D015357;0.02;0.16;0.18;0.01;0.01;4.0;6.0;7.0;34.0;279.0;46.0;1506.0;1670;1551.0
5399;90.0;CEB45035;7D015357;0.02;0.17;0.2;0.01;0.01;3.0;6.0;6.0;30.0;1084.0;46.0;1506.0;1669;1551.0
5398;90.0;7CFF8299;7D015357;0.02;0.15;0.17;0.01;0.01;2.0;6.0;3.0;5.0;286.0;46.0;1506.0;1666;1551.0
5397;90.0;0A8B0913;92B3EDD4;0.02;0.19;0.24;0.01;0.01;1.0;6.0;2.0;61.0;293.0;39.0;1502.0;1667;1547.0
5396;90.0;2161033D;4C9F89E7;0.03;0.19;0.22;0.01;0.03;8.0;8.0;8.0;49.0;313.0;34.0;1512.0;1676;1557.0
5395;90.0;76B83055;17D537B5;0.02;0.17;0.2;0.01;0.02;7.0;8.0;7.0;33.0;0.0;34.0;1509.0;1685;1554.0
5394;90.0;48303D66;71A937D5;0.01;0.38;0.42;0.0;0.02;6.0;8.0;6.0;29.0;803.0;34.0;1487.0;1648;1542.0
5393;90.0;CF2E2794;71A937D5;0.02;0.42;0.47;0.0;0.02;5.0;8.0;3.0;4.0;0.0;34.0;1487.0;1673;1542.0
5392;90.0;0A93664D;71A937D5;0.02;0.43;0.49;0.0;0.02;4.0;8.0;2.0;60.0;0.0;34.0;1487.0;1663;1542.0
5391;90.0;58C41BA9;71A937D5;0.02;0.45;0.51;0.0;0.02;3.0;8.0;8.0;48.0;0.0;34.0;1487.0;1675;1542.0
5390;90.0;2833507C;71A937D5;0.02;0.41;0.46;0.0;0.02;1.0;8.0;6.0;28.0;309.0;41.0;1487.0;1667;1542.0
5388;90.0;373864A9;71A937D5;0.02;0.52;0.58;0.0;0.03;4.0;6.0;3.0;3.0;561.0;34.0;1487.0;1660;1542.0
5387;90.0;60BEA8B9;71A937D5;0.02;0.5;0.56;0.0;0.02;3.0;6.0;7.0;31.0;576.0;34.0;1487.0;1645;1542.0
5386;90.0;B2F12527;71A937D5;0.01;0.38;0.43;0.0;0.02;2.0;6.0;8.0;47.0;302.0;34.0;1487.0;1644;1542.0
5385;90.0;477082A7;71A937D5;0.02;0.44;0.5;0.0;0.02;1.0;6.0;6.0;27.0;0.0;34.0;1487.0;1683;1542.0
5384;90.0;AF930A45;D927D5F2;0.02;0.16;0.18;0.01;0.02;7.0;7.0;2.0;59.0;243.0;32.0;1507.0;1663;1551.0
5383;90.0;0DF5304F;8F93E3D1;0.01;0.49;0.58;0.0;0.0;6.0;7.0;3.0;2.0;248.0;34.0;1487.0;1647;1532.0
5382;90.0;2CFBFB71;BFEB6EA0;0.02;0.36;0.4;0.0;0.02;5.0;7.0;7.0;30.0;280.0;34.0;1483.0;1643;1538.0
5381;90.0;A258C1D5;BFEB6EA0;0.02;0.33;0.37;0.0;0.02;4.0;7.0;8.0;46.0;0.0;34.0;1483.0;1660;1538.0
5380;90.0;CA7C7A1B;BFEB6EA0;0.02;0.39;0.43;0.0;0.02;3.0;7.0;2.0;58.0;0.0;34.0;1483.0;1657;1538.0
5379;90.0;9F650377;BFEB6EA0;0.02;0.33;0.37;0.0;0.02;2.0;7.0;3.0;1.0;0.0;34.0;1483.0;1664;1538.0
5378;90.0;5FCD2F9D;BFEB6EA0;0.02;0.47;0.53;0.0;0.02;1.0;7.0;7.0;29.0;0.0;34.0;1483.0;1684;1538.0
5377;180.0;59B15FD6;19008928;0.01;0.4;0.44;0.0;0.02;3.0;3.0;6.0;26.0;7970.0;46.0;1474.0;1649;1530.0
5376;180.0;3BC6941E;19008928;0.01;0.49;0.54;0.0;0.02;2.0;3.0;8.0;45.0;941.0;46.0;1474.0;1644;1530.0
5375;180.0;697D8113;F852E2F5;0.01;0.56;0.6;0.02;0.08;1.0;3.0;15.0;25.0;1928.0;60.0;1470.0;1663;1515.0
5374;180.0;F09D3FD8;CC18C404;0.02;0.18;0.19;0.01;0.02;5.0;5.0;2.0;57.0;2228.0;51.0;1506.0;1685;1551.0
5373;180.0;EDBA003C;CC18C404;0.02;0.19;0.21;0.01;0.02;4.0;5.0;7.0;28.0;1627.0;51.0;1506.0;1678;1551.0
5372;180.0;A2582ED7;CC18C404;0.02;0.17;0.19;0.01;0.02;3.0;5.0;6.0;25.0;7673.0;51.0;1506.0;1677;1551.0
5371;180.0;CA75B483;F1291CB0;0.02;0.18;0.2;0.01;0.02;2.0;5.0;8.0;44.0;645.0;55.0;1506.0;1680;1546.0
5370;180.0;9D369DD4;F1291CB0;0.02;0.17;0.18;0.01;0.02;1.0;5.0;15.0;24.0;1640.0;60.0;1506.0;1708;1546.0
5369;180.0;C6074085;D249F467;0.02;0.24;0.29;0.01;0.02;4.0;4.0;2.0;56.0;1936.0;46.0;1504.0;1660;1549.0
5368;180.0;B4C6DBEF;6466E4EB;0.02;0.15;0.18;0.01;0.01;3.0;4.0;7.0;27.0;1338.0;46.0;1505.0;1663;1545.0
5367;180.0;E0E297AE;6466E4EB;0.03;0.23;0.28;0.01;0.02;2.0;4.0;6.0;24.0;7378.0;46.0;1505.0;1670;1545.0
5366;180.0;D55731A9;D6C5A3D0;0.02;0.15;0.16;0.0;0.01;1.0;4.0;8.0;43.0;342.0;55.0;1501.0;1685;1546.0
5365;180.0;EF357B96;56FFE5DC;0.02;0.17;0.19;0.01;0.01;3.0;3.0;15.0;23.0;1341.0;39.0;1507.0;1654;1532.0
5364;180.0;AE2ED6F9;56FFE5DC;0.02;0.17;0.19;0.01;0.01;2.0;3.0;2.0;55.0;1632.0;39.0;1507.0;1648;1532.0
5363;180.0;89FAFAD6;56FFE5DC;0.02;0.15;0.17;0.01;0.01;1.0;3.0;7.0;26.0;1024.0;60.0;1507.0;1677;1532.0
5362;180.0;1C9B3A33;281A1554;0.0;0.44;0.46;0.01;0.0;3.0;3.0;6.0;23.0;7059.0;57.0;1486.0;1704;1541.0
5361;180.0;D3CFB614;281A1554;0.01;0.61;0.63;0.01;0.0;2.0;3.0;8.0;42.0;0.0;57.0;1486.0;1724;1541.0
5360;180.0;1FC55A44;281A1554;0.0;0.54;0.56;0.01;0.0;1.0;3.0;15.0;22.0;977.0;57.0;1486.0;1708;1541.0
5359;180.0;92EDDD33;281A1554;0.01;0.71;0.73;0.01;0.0;3.0;3.0;2.0;54.0;1259.0;57.0;1486.0;1705;1541.0
5358;180.0;0E7B69F6;281A1554;0.01;0.68;0.71;0.01;0.0;2.0;3.0;7.0;25.0;659.0;57.0;1486.0;1697;1541.0
5357;180.0;C4A9624F;281A1554;0.0;0.55;0.57;0.01;0.0;1.0;3.0;6.0;22.0;6647.0;57.0;1486.0;1696;1541.0
5356;180.0;E2061CD3;E1B28665;0.0;0.33;0.36;0.0;0.01;4.0;4.0;2.0;53.0;1015.0;46.0;1492.0;1667;1547.0
5355;180.0;34F7B690;E1B28665;0.01;0.46;0.5;0.0;0.01;3.0;4.0;15.0;21.0;594.0;46.0;1492.0;1669;1547.0
5354;180.0;821C6160;E1B28665;0.01;0.44;0.47;0.0;0.01;2.0;4.0;8.0;41.0;305.0;46.0;1492.0;1674;1547.0
5353;180.0;6029FB8B;E1B28665;0.01;0.39;0.42;0.0;0.01;1.0;4.0;7.0;24.0;303.0;57.0;1492.0;1680;1547.0
5352;180.0;7930A68D;2277D145;0.02;0.18;0.19;0.01;0.02;3.0;3.0;6.0;21.0;6340.0;46.0;1506.0;1667;1551.0
5351;180.0;3EF8C63D;04751D20;0.02;0.18;0.2;0.01;0.02;2.0;3.0;2.0;52.0;721.0;46.0;1506.0;1658;1551.0
5350;180.0;74CB7160;04751D20;0.02;0.26;0.28;0.01;0.02;1.0;3.0;15.0;20.0;312.0;51.0;1506.0;1685;1551.0
5349;180.0;7234BEFB;25F853C3;0.0;0.87;0.92;0.0;0.0;5.0;5.0;8.0;40.0;0.0;46.0;1463.0;1629;1503.0
5348;180.0;B8D14FE6;B4CD6E45;0.0;0.84;0.87;0.0;0.02;4.0;5.0;7.0;23.0;0.0;46.0;1475.0;1657;1510.0
5347;180.0;E54EA2AA;B4CD6E45;0.0;0.62;0.64;0.0;0.02;3.0;5.0;6.0;20.0;6046.0;46.0;1475.0;1630;1510.0
5346;180.0;92B9B814;87C78AB7;0.01;0.43;0.5;0.0;0.0;2.0;5.0;2.0;51.0;411.0;46.0;1480.0;1645;1525.0
5345;180.0;A491EA4F;84F339B7;0.01;0.24;0.26;0.0;0.02;1.0;5.0;15.0;19.0;0.0;46.0;1496.0;1682;1541.0
5344;180.0;74A647BA;6C955C02;0.02;0.44;0.48;0.0;0.0;2.0;2.0;2.0;50.0;0.0;51.0;1483.0;1681;1528.0
5343;180.0;F14D27FA;35C7C29B;0.02;0.3;0.32;0.01;0.0;1.0;6.0;6.0;19.0;5487.0;69.0;1501.0;1712;1551.0
5342;180.0;7F9ADE4C;656E5837;0.01;0.35;0.39;0.0;0.02;2.0;2.0;7.0;22.0;3024.0;46.0;1486.0;1651;1531.0
5341;180.0;9DAB9D31;656E5837;0.01;0.31;0.34;0.0;0.02;1.0;2.0;8.0;39.0;4283.0;46.0;1486.0;1660;1531.0
5340;180.0;24F2A2E0;5871DF5A;0.01;0.31;0.34;0.01;0.03;4.0;6.0;15.0;18.0;5203.0;46.0;1486.0;1650;1536.0
5339;180.0;67A28CED;4AC24E4B;0.02;0.24;0.27;0.01;0.02;3.0;6.0;6.0;18.0;5195.0;51.0;1501.0;1669;1546.0
5338;180.0;31B80180;4AC24E4B;0.02;0.21;0.24;0.01;0.01;2.0;6.0;7.0;21.0;2725.0;51.0;1501.0;1665;1546.0
5337;180.0;48B4ED39;93142261;0.02;0.24;0.27;0.01;0.02;1.0;6.0;8.0;38.0;4028.0;55.0;1501.0;1674;1536.0
5336;180.0;6F1DC2B1;6E5EEB11;0.02;0.23;0.26;0.0;0.02;8.0;8.0;2.0;49.0;5355.0;46.0;1503.0;1659;1543.0
5335;180.0;7F434390;6E5EEB11;0.02;0.27;0.3;0.0;0.03;7.0;8.0;15.0;17.0;4897.0;46.0;1503.0;1662;1543.0
5334;180.0;3CB6F496;6E5EEB11;0.02;0.23;0.25;0.0;0.02;6.0;8.0;6.0;17.0;4896.0;46.0;1503.0;1658;1543.0
5333;180.0;61204EAE;6E5EEB11;0.02;0.25;0.28;0.0;0.02;5.0;8.0;7.0;20.0;2434.0;46.0;1503.0;1664;1543.0
5332;180.0;9EC0303C;6E5EEB11;0.02;0.22;0.24;0.0;0.02;4.0;8.0;8.0;37.0;3735.0;46.0;1503.0;1669;1543.0
5331;180.0;D73755A7;6E5EEB11;0.01;0.18;0.2;0.0;0.02;3.0;8.0;2.0;48.0;5063.0;46.0;1503.0;1667;1543.0
5330;180.0;5C62B52E;6E5EEB11;0.01;0.21;0.23;0.0;0.02;2.0;8.0;15.0;16.0;4594.0;46.0;1503.0;1666;1543.0
5329;180.0;D879F897;6E5EEB11;0.01;0.18;0.2;0.0;0.02;1.0;8.0;6.0;16.0;4596.0;46.0;1503.0;1670;1543.0
5328;180.0;9FB472F4;6E5EEB11;0.01;0.17;0.19;0.0;0.02;7.0;7.0;7.0;19.0;2135.0;46.0;1503.0;1660;1543.0
5327;180.0;8EF4A17E;6E5EEB11;0.02;0.24;0.27;0.0;0.02;6.0;7.0;8.0;36.0;3440.0;46.0;1503.0;1653;1543.0
5326;180.0;63F95C6F;6E5EEB11;0.02;0.22;0.24;0.0;0.02;5.0;7.0;2.0;47.0;4773.0;46.0;1503.0;1658;1543.0
5325;180.0;F895EFC2;6E5EEB11;0.02;0.23;0.26;0.0;0.02;4.0;7.0;15.0;15.0;4308.0;46.0;1503.0;1676;1543.0
5324;180.0;149F9A8C;6E5EEB11;0.01;0.17;0.19;0.0;0.02;3.0;7.0;6.0;15.0;4305.0;46.0;1503.0;1663;1543.0
5323;180.0;A697B0D0;6E5EEB11;0.02;0.22;0.25;0.0;0.02;2.0;7.0;7.0;18.0;1839.0;46.0;1503.0;1663;1543.0
5322;180.0;AAEFF0FE;6E5EEB11;0.01;0.19;0.21;0.0;0.02;1.0;7.0;8.0;35.0;3100.0;51.0;1503.0;1678;1543.0
5321;180.0;1C450CFA;6E5EEB11;0.02;0.27;0.3;0.0;0.03;6.0;7.0;2.0;46.0;4420.0;46.0;1503.0;1652;1543.0
5320;180.0;91E503BC;6E5EEB11;0.02;0.23;0.25;0.0;0.02;5.0;7.0;15.0;14.0;3964.0;46.0;1503.0;1655;1543.0
5319;180.0;49445617;6E5EEB11;0.02;0.26;0.29;0.0;0.03;4.0;7.0;6.0;14.0;3949.0;46.0;1503.0;1657;1543.0
5318;180.0;519692ED;6E5EEB11;0.02;0.27;0.29;0.0;0.03;3.0;7.0;7.0;17.0;1485.0;46.0;1503.0;1659;1543.0
5317;180.0;699193BE;6E5EEB11;0.02;0.22;0.25;0.0;0.02;2.0;7.0;8.0;34.0;2775.0;46.0;1503.0;1664;1543.0
5316;180.0;4C2D34A2;6E5EEB11;0.02;0.22;0.24;0.0;0.02;1.0;7.0;2.0;45.0;4093.0;46.0;1503.0;1673;1543.0
5315;180.0;8F4C96CD;6E5EEB11;0.02;0.23;0.26;0.0;0.02;5.0;6.0;15.0;13.0;3624.0;46.0;1503.0;1656;1543.0
5314;180.0;7320A0AA;6E5EEB11;0.02;0.23;0.25;0.0;0.02;4.0;6.0;6.0;13.0;3620.0;46.0;1503.0;1658;1543.0
5313;180.0;18BFB725;6E5EEB11;0.01;0.18;0.19;0.0;0.02;3.0;6.0;7.0;16.0;1164.0;46.0;1503.0;1660;1543.0
5312;180.0;A1EC7859;6E5EEB11;0.02;0.21;0.23;0.0;0.02;2.0;6.0;8.0;33.0;2471.0;46.0;1503.0;1657;1543.0
5311;180.0;F6D9B4CF;6E5EEB11;0.01;0.2;0.22;0.0;0.02;1.0;6.0;2.0;44.0;3806.0;46.0;1503.0;1669;1543.0
5310;180.0;060B90FA;6E5EEB11;0.02;0.24;0.26;0.0;0.02;7.0;7.0;15.0;12.0;3346.0;46.0;1503.0;1659;1543.0
5309;180.0;FCA0B03B;6E5EEB11;0.02;0.21;0.23;0.0;0.02;6.0;7.0;6.0;12.0;3348.0;46.0;1503.0;1657;1543.0
5308;180.0;A7A9E5A2;6E5EEB11;0.01;0.17;0.19;0.0;0.02;5.0;7.0;7.0;15.0;871.0;46.0;1503.0;1664;1543.0
5307;180.0;2A642CB2;6E5EEB11;0.01;0.18;0.2;0.0;0.02;4.0;7.0;8.0;32.0;2177.0;46.0;1503.0;1663;1543.0
5306;180.0;C34A93E3;6E5EEB11;0.02;0.23;0.25;0.0;0.02;3.0;7.0;2.0;43.0;3511.0;46.0;1503.0;1670;1543.0
5305;180.0;E1627892;6E5EEB11;0.02;0.26;0.29;0.0;0.02;2.0;7.0;15.0;11.0;3051.0;46.0;1503.0;1663;1543.0
5304;180.0;2679302B;6E5EEB11;0.01;0.19;0.21;0.0;0.02;1.0;7.0;6.0;11.0;3059.0;46.0;1503.0;1673;1543.0
5303;180.0;77EF0B06;DD961E29;0.02;0.15;0.17;0.01;0.02;6.0;6.0;7.0;14.0;600.0;46.0;1507.0;1677;1552.0
5302;180.0;7F8418C7;5A195F30;0.0;0.34;0.36;0.0;0.02;5.0;6.0;8.0;31.0;1905.0;46.0;1487.0;1643;1527.0
5301;180.0;4517DFEF;71A937D5;0.01;0.35;0.4;0.0;0.02;4.0;6.0;2.0;42.0;3240.0;51.0;1487.0;1645;1522.0
5300;180.0;84CBBFF0;60B76B26;0.02;0.18;0.2;0.01;0.02;3.0;6.0;15.0;10.0;2775.0;46.0;1504.0;1668;1544.0
5299;180.0;51A6CC88;60B76B26;0.02;0.16;0.19;0.01;0.02;2.0;6.0;6.0;10.0;2771.0;46.0;1504.0;1668;1544.0
5298;180.0;C1EAD3B0;60B76B26;0.02;0.19;0.22;0.01;0.02;1.0;6.0;7.0;13.0;312.0;46.0;1504.0;1678;1544.0
5297;180.0;54568BCB;027DF228;0.0;0.88;0.93;0.0;0.0;5.0;5.0;8.0;30.0;1604.0;62.0;1463.0;1615;1489.0
5296;180.0;4DA60812;0731C1FB;0.0;0.83;0.89;0.01;0.0;4.0;5.0;2.0;41.0;2928.0;62.0;1462.0;1608;1488.0
5295;180.0;007137DD;0731C1FB;0.0;0.87;0.94;0.01;0.0;3.0;5.0;15.0;9.0;2464.0;62.0;1462.0;1607;1488.0
5294;180.0;E1BAAC95;0731C1FB;0.0;1.13;1.21;0.01;0.0;2.0;5.0;6.0;9.0;2466.0;62.0;1462.0;1609;1488.0
5293;180.0;BAD0D0DA;0731C1FB;0.0;1.15;1.24;0.01;0.0;1.0;5.0;7.0;12.0;0.0;62.0;1462.0;1645;1488.0
5292;180.0;30DE8239;332091CC;0.01;0.62;0.68;0.01;0.0;4.0;4.0;8.0;29.0;1303.0;46.0;1486.0;1631;1516.0
5291;180.0;69E650A6;332091CC;0.01;0.5;0.55;0.01;0.0;3.0;4.0;2.0;40.0;2638.0;46.0;1486.0;1622;1516.0
5290;180.0;B9C9FD76;87C78AB7;0.01;0.54;0.62;0.0;0.0;2.0;4.0;15.0;8.0;2178.0;32.0;1480.0;1626;1525.0
5289;180.0;5353A584;87C78AB7;0.01;0.48;0.56;0.0;0.0;1.0;4.0;6.0;8.0;2178.0;46.0;1480.0;1655;1525.0
5288;180.0;66E05792;F852E2F5;0.01;0.39;0.41;0.01;0.05;3.0;3.0;8.0;28.0;1075.0;55.0;1470.0;1632;1515.0
5287;180.0;143A7304;F852E2F5;0.01;0.5;0.54;0.02;0.07;2.0;3.0;2.0;39.0;2409.0;55.0;1470.0;1625;1515.0
5286;180.0;FE68356C;F852E2F5;0.01;0.48;0.52;0.02;0.07;1.0;3.0;15.0;7.0;1950.0;60.0;1470.0;1654;1515.0
5285;180.0;121D379A;F852E2F5;0.01;0.47;0.5;0.02;0.07;5.0;5.0;6.0;7.0;1878.0;55.0;1470.0;1628;1515.0
5284;180.0;B2706B49;F852E2F5;0.01;0.52;0.56;0.02;0.07;4.0;5.0;8.0;27.0;779.0;55.0;1470.0;1633;1515.0
5283;180.0;3D05250D;F852E2F5;0.0;0.35;0.38;0.01;0.05;3.0;5.0;2.0;38.0;1988.0;55.0;1470.0;1634;1515.0
5282;180.0;E5E52BD6;F852E2F5;0.01;0.42;0.45;0.01;0.06;4.0;5.0;15.0;6.0;1530.0;55.0;1470.0;1639;1515.0
5281;180.0;4EE71621;F852E2F5;0.01;0.45;0.48;0.02;0.06;3.0;5.0;6.0;6.0;1455.0;55.0;1470.0;1640;1515.0
5280;180.0;58BE424B;F852E2F5;0.01;0.42;0.45;0.01;0.06;1.0;5.0;2.0;37.0;1740.0;60.0;1470.0;1652;1515.0
5279;180.0;7F9ADE4C;F852E2F5;0.01;0.4;0.42;0.01;0.06;6.0;6.0;8.0;26.0;288.0;55.0;1470.0;1642;1515.0
5278;180.0;0BC3D539;F852E2F5;0.01;0.37;0.4;0.01;0.05;5.0;6.0;7.0;11.0;1557.0;55.0;1470.0;1638;1515.0
5277;180.0;3E3D4C72;F852E2F5;0.01;0.53;0.57;0.02;0.07;4.0;6.0;15.0;5.0;1159.0;55.0;1470.0;1641;1515.0
5276;180.0;86738B14;F852E2F5;0.0;0.36;0.38;0.01;0.05;3.0;6.0;6.0;5.0;1165.0;55.0;1470.0;1644;1515.0
5275;180.0;EA2DB092;F852E2F5;0.01;0.53;0.56;0.02;0.07;2.0;6.0;2.0;36.0;1452.0;55.0;1470.0;1637;1515.0
5274;180.0;E01D250A;F852E2F5;0.01;0.45;0.48;0.02;0.06;1.0;6.0;8.0;25.0;0.0;60.0;1470.0;1673;1515.0
5273;180.0;A0ADAFD5;EB045A99;0.03;0.44;0.48;0.0;0.03;4.0;4.0;7.0;10.0;1191.0;46.0;1489.0;1655;1534.0
5272;180.0;2488B2B3;5A195F30;0.0;0.38;0.4;0.0;0.03;3.0;4.0;15.0;4.0;797.0;46.0;1487.0;1641;1527.0
5271;180.0;270CF224;5A195F30;0.01;0.46;0.48;0.0;0.03;2.0;4.0;6.0;4.0;796.0;46.0;1487.0;1636;1527.0
5270;180.0;24C9925B;5A195F30;0.01;0.54;0.57;0.0;0.04;1.0;4.0;2.0;35.0;1083.0;46.0;1487.0;1651;1527.0
5269;180.0;46B7A03F;4C9F89E7;0.02;0.18;0.2;0.01;0.02;5.0;5.0;7.0;9.0;958.0;46.0;1512.0;1672;1557.0
5268;180.0;3E0F5060;71A937D5;0.02;0.4;0.45;0.0;0.02;4.0;5.0;15.0;3.0;560.0;51.0;1487.0;1659;1522.0
5267;180.0;1D0AB9E9;A410176C;0.02;0.17;0.21;0.01;0.01;3.0;5.0;6.0;3.0;524.0;57.0;1502.0;1682;1547.0
5266;180.0;82F07C9A;A410176C;0.02;0.14;0.18;0.01;0.01;2.0;5.0;7.0;8.0;727.0;57.0;1502.0;1677;1547.0
5265;180.0;B9945255;A410176C;0.02;0.19;0.25;0.01;0.01;1.0;5.0;2.0;34.0;731.0;57.0;1502.0;1664;1547.0
5264;180.0;D9F7EABB;6570BD8E;0.01;0.43;0.45;0.0;0.02;6.0;6.0;15.0;2.0;269.0;46.0;1485.0;1630;1520.0
5263;180.0;3E0F5060;67470249;0.01;0.38;0.43;0.0;0.02;5.0;6.0;6.0;2.0;277.0;51.0;1486.0;1671;1526.0
5262;180.0;0A17BAE1;67470249;0.01;0.41;0.47;0.0;0.02;4.0;6.0;7.0;7.0;488.0;51.0;1486.0;1653;1526.0
5261;180.0;645115F2;67470249;0.01;0.37;0.42;0.0;0.02;3.0;6.0;2.0;33.0;494.0;51.0;1486.0;1640;1526.0
5260;180.0;51A3E8FF;493EAF60;0.01;0.36;0.38;0.0;0.01;2.0;6.0;15.0;1.0;0.0;46.0;1486.0;1666;1521.0
5259;180.0;F6CAA544;ED43FC57;0.01;0.37;0.4;0.01;0.02;1.0;6.0;6.0;1.0;0.0;55.0;1486.0;1715;1531.0
5258;180.0;2679302B;249A7E68;0.01;0.38;0.4;0.0;0.02;2.0;3.0;7.0;6.0;0.0;48.0;1484.0;1646;1519.0
5256;180.0;B39B85CC;249A7E68;0.02;0.53;0.56;0.0;0.03;1.0;7.0;14.0;46.0;2296.0;55.0;1484.0;1671;1519.0
5255;180.0;0B4DCC42;DEF25D02;0.02;0.21;0.23;0.0;0.02;3.0;3.0;7.0;5.0;1282.0;46.0;1505.0;1668;1545.0
5254;180.0;054ECC33;C696558F;0.02;0.21;0.24;0.0;0.02;2.0;5.0;3.0;60.0;2687.0;46.0;1505.0;1659;1535.0
5253;180.0;B22A4B24;92B3EDD4;0.02;0.19;0.25;0.01;0.01;1.0;5.0;2.0;31.0;0.0;60.0;1502.0;1690;1537.0
5252;180.0;99F59742;CC18C404;0.02;0.2;0.22;0.01;0.02;4.0;4.0;1.0;67.0;2449.0;51.0;1506.0;1677;1551.0
5251;180.0;50853BE9;CC18C404;0.02;0.18;0.2;0.01;0.02;3.0;4.0;8.0;24.0;653.0;51.0;1506.0;1681;1551.0
5250;180.0;60DE7B3B;1FCFE9BD;0.02;0.17;0.19;0.01;0.02;2.0;4.0;7.0;4.0;979.0;46.0;1500.0;1658;1540.0
5249;180.0;63F6FCA0;217DAC59;0.03;0.53;0.56;0.0;0.03;1.0;4.0;3.0;59.0;2375.0;55.0;1483.0;1657;1523.0
5248;180.0;3A75D464;4AC24E4B;0.02;0.26;0.3;0.01;0.02;3.0;7.0;14.0;45.0;2135.0;51.0;1501.0;1663;1546.0
5247;180.0;23E9C473;016FEFC0;0.02;0.24;0.28;0.01;0.03;2.0;7.0;1.0;66.0;2115.0;46.0;1502.0;1656;1542.0
5246;180.0;353EA0EE;4731F567;0.02;0.14;0.17;0.0;0.02;1.0;7.0;8.0;23.0;325.0;46.0;1511.0;1682;1556.0
5245;180.0;1D6F6DC4;F1291CB0;0.02;0.24;0.26;0.01;0.02;2.0;2.0;7.0;3.0;633.0;55.0;1506.0;1691;1546.0
5244;180.0;B8659FE3;F1291CB0;0.03;0.24;0.27;0.01;0.03;1.0;2.0;3.0;58.0;2017.0;60.0;1506.0;1695;1546.0
5243;180.0;91B56327;F1291CB0;0.02;0.21;0.24;0.01;0.02;5.0;7.0;14.0;44.0;1787.0;55.0;1506.0;1679;1546.0
5242;180.0;4517DFEF;F1291CB0;0.02;0.17;0.18;0.01;0.02;4.0;7.0;1.0;65.0;1782.0;55.0;1506.0;1673;1546.0
5241;180.0;3831C04E;F1291CB0;0.03;0.24;0.27;0.01;0.03;3.0;7.0;8.0;22.0;0.0;55.0;1506.0;1679;1546.0
5240;180.0;81661C22;F1291CB0;0.02;0.18;0.2;0.01;0.02;2.0;7.0;7.0;2.0;315.0;55.0;1506.0;1682;1546.0
5239;180.0;331D0C70;F1291CB0;0.02;0.17;0.19;0.01;0.02;1.0;7.0;3.0;57.0;1715.0;60.0;1506.0;1691;1546.0
5238;180.0;AA31BF7F;502F0F5B;0.01;0.48;0.51;0.02;0.06;4.0;4.0;2.0;30.0;1711.0;51.0;1470.0;1635;1515.0
5237;180.0;23A7D3E4;502F0F5B;0.01;0.47;0.5;0.02;0.06;3.0;4.0;14.0;43.0;1431.0;51.0;1470.0;1628;1515.0
5236;180.0;9B250BCD;502F0F5B;0.01;0.48;0.51;0.02;0.06;2.0;4.0;1.0;64.0;1423.0;51.0;1470.0;1629;1515.0
5235;180.0;238859F6;00FFEE90;0.01;0.39;0.42;0.01;0.02;1.0;4.0;7.0;1.0;0.0;51.0;1489.0;1717;1534.0
5234;180.0;97F90FC7;D22BFB79;0.01;0.3;0.34;0.01;0.04;8.0;8.0;3.0;56.0;1406.0;46.0;1480.0;1654;1540.0
5233;180.0;469C5DB3;D22BFB79;0.01;0.43;0.48;0.02;0.06;7.0;8.0;2.0;29.0;1375.0;46.0;1480.0;1658;1540.0
5232;180.0;CA6AA883;833CB975;0.02;0.31;0.32;0.0;0.02;6.0;8.0;14.0;42.0;1097.0;46.0;1490.0;1651;1535.0
5231;180.0;AA00A957;833CB975;0.02;0.4;0.42;0.0;0.02;5.0;8.0;1.0;63.0;1085.0;46.0;1490.0;1650;1535.0
5230;180.0;35AA0819;833CB975;0.02;0.38;0.4;0.0;0.02;4.0;8.0;8.0;21.0;1073.0;46.0;1490.0;1655;1535.0
5229;180.0;7BD0B924;833CB975;0.02;0.32;0.34;0.0;0.02;3.0;8.0;3.0;55.0;1077.0;46.0;1490.0;1654;1535.0
5228;180.0;EDF5A583;833CB975;0.02;0.32;0.34;0.0;0.02;2.0;8.0;2.0;28.0;1074.0;46.0;1490.0;1651;1535.0
5227;180.0;35A9EC92;5871DF5A;0.01;0.28;0.31;0.01;0.03;1.0;8.0;14.0;41.0;792.0;51.0;1486.0;1675;1536.0
5226;180.0;D0D55FF4;A201F563;0.02;0.2;0.26;0.01;0.0;3.0;3.0;1.0;62.0;782.0;46.0;1504.0;1656;1544.0
5225;180.0;268BBAE5;76E5EEFF;0.03;0.23;0.27;0.01;0.01;2.0;3.0;8.0;20.0;779.0;55.0;1504.0;1675;1549.0
5212;180.0;7FD5F4C7;332091CC;0.01;0.47;0.52;0.01;0.0;2.0;2.0;14.0;38.0;1424.0;46.0;1486.0;1633;1516.0
5211;180.0;AE257436;332091CC;0.01;0.55;0.61;0.01;0.0;1.0;2.0;1.0;59.0;4971.0;46.0;1486.0;1644;1516.0
5210;180.0;F37D7262;332091CC;0.01;0.42;0.47;0.01;0.0;7.0;10.0;8.0;17.0;5257.0;46.0;1486.0;1621;1516.0
5209;180.0;5A1CA2BA;332091CC;0.01;0.45;0.49;0.01;0.0;6.0;10.0;3.0;51.0;5075.0;46.0;1486.0;1622;1516.0
5208;180.0;74F2F999;332091CC;0.01;0.48;0.53;0.01;0.0;5.0;10.0;2.0;24.0;5067.0;46.0;1486.0;1622;1516.0
5207;180.0;0F7546AC;332091CC;0.01;0.53;0.58;0.01;0.0;4.0;10.0;14.0;37.0;1114.0;46.0;1486.0;1637;1516.0
5206;180.0;35421325;332091CC;0.01;0.54;0.59;0.01;0.0;3.0;10.0;8.0;16.0;5017.0;46.0;1486.0;1628;1516.0
5205;180.0;56CF1A4D;87C78AB7;0.01;0.5;0.58;0.0;0.0;2.0;10.0;3.0;50.0;4823.0;32.0;1480.0;1627;1525.0
5204;180.0;2A3AD16C;87C78AB7;0.01;0.52;0.61;0.0;0.0;1.0;10.0;1.0;58.0;4523.0;46.0;1480.0;1654;1525.0
5203;180.0;0B6E0B46;9970B431;0.0;0.39;0.47;0.01;0.08;1.0;1.0;2.0;23.0;4669.0;39.0;1480.0;1644;1525.0
5202;180.0;AC59C35F;9970B431;0.0;0.38;0.47;0.01;0.08;3.0;5.0;14.0;36.0;664.0;34.0;1480.0;1627;1525.0
5201;180.0;92DC65D4;9970B431;0.0;0.3;0.37;0.01;0.06;2.0;5.0;8.0;15.0;4549.0;34.0;1480.0;1630;1525.0
5200;180.0;2AD95B5A;9970B431;0.0;0.38;0.46;0.01;0.08;1.0;5.0;3.0;49.0;4381.0;25.0;1480.0;1639;1525.0
5199;180.0;7AED3DA8;19008928;0.01;0.43;0.47;0.0;0.02;1.0;1.0;1.0;57.0;4078.0;55.0;1474.0;1666;1530.0
5198;180.0;988A0ECC;9970B431;0.0;0.33;0.4;0.01;0.07;4.0;4.0;2.0;22.0;4253.0;25.0;1480.0;1629;1525.0
5197;180.0;C5873D50;9970B431;0.0;0.47;0.57;0.01;0.1;3.0;6.0;14.0;35.0;301.0;25.0;1480.0;1623;1525.0
5196;180.0;2A2530DB;9970B431;0.0;0.46;0.56;0.01;0.1;2.0;6.0;8.0;14.0;4201.0;25.0;1480.0;1624;1525.0
5195;180.0;ADABE103;E9D2B793;0.0;0.48;0.53;0.01;0.1;1.0;6.0;3.0;48.0;4014.0;25.0;1480.0;1650;1525.0
5194;180.0;97319BAA;398F4446;0.01;0.37;0.4;0.02;0.02;7.0;7.0;1.0;56.0;3714.0;46.0;1480.0;1646;1530.0
5193;180.0;E41873B9;398F4446;0.01;0.31;0.34;0.01;0.02;6.0;7.0;2.0;21.0;3946.0;46.0;1480.0;1636;1530.0
5192;180.0;AC504F42;D6C5A3D0;0.02;0.21;0.24;0.0;0.02;5.0;7.0;14.0;34.0;0.0;46.0;1501.0;1674;1546.0
5191;180.0;EBACB882;D6C5A3D0;0.02;0.21;0.23;0.0;0.02;4.0;7.0;8.0;13.0;3896.0;46.0;1501.0;1655;1546.0
5190;180.0;B37E1EB1;D6C5A3D0;0.02;0.21;0.23;0.0;0.02;3.0;7.0;3.0;47.0;3713.0;46.0;1501.0;1670;1546.0
5189;180.0;7F8E7C0B;D6C5A3D0;0.02;0.18;0.2;0.0;0.01;2.0;7.0;1.0;55.0;3318.0;46.0;1501.0;1655;1546.0
5188;180.0;899C7FF4;D6C5A3D0;0.02;0.21;0.24;0.0;0.02;6.0;6.0;2.0;20.0;3487.0;46.0;1501.0;1681;1546.0
5187;180.0;AF31221D;D6C5A3D0;0.02;0.22;0.25;0.0;0.02;5.0;6.0;8.0;12.0;3498.0;46.0;1501.0;1665;1546.0
5186;180.0;F167AABB;D6C5A3D0;0.02;0.15;0.17;0.0;0.01;4.0;6.0;14.0;33.0;3537.0;46.0;1501.0;1662;1546.0
5185;180.0;77529D46;D6C5A3D0;0.03;0.23;0.26;0.0;0.02;3.0;6.0;3.0;46.0;3256.0;46.0;1501.0;1660;1546.0
5184;180.0;1DD6501D;D6C5A3D0;0.02;0.16;0.17;0.0;0.01;2.0;6.0;1.0;54.0;2966.0;46.0;1501.0;1662;1546.0
5183;180.0;3E00D6FA;BE0EA08D;0.02;0.25;0.27;0.0;0.02;1.0;6.0;2.0;19.0;3182.0;46.0;1497.0;1670;1537.0
5182;180.0;B8599BC9;22ADB3F3;0.0;0.59;0.62;0.01;0.05;5.0;5.0;8.0;11.0;3182.0;46.0;1476.0;1613;1501.0
5181;180.0;229269B6;22ADB3F3;0.0;0.69;0.72;0.01;0.06;4.0;5.0;14.0;32.0;3211.0;46.0;1476.0;1614;1501.0
5180;180.0;0200A0B9;22ADB3F3;0.0;0.78;0.82;0.01;0.06;3.0;5.0;3.0;45.0;2943.0;51.0;1476.0;1615;1501.0
5179;180.0;E76A2215;6C955C02;0.02;0.49;0.54;0.0;0.0;2.0;5.0;1.0;53.0;2653.0;51.0;1483.0;1654;1528.0
5178;180.0;5141A1F8;6C955C02;0.02;0.53;0.58;0.0;0.0;1.0;5.0;2.0;18.0;2874.0;60.0;1483.0;1668;1528.0
5177;180.0;C2D9D0AA;E1B28665;0.0;0.31;0.34;0.0;0.01;6.0;6.0;8.0;10.0;2800.0;46.0;1492.0;1668;1547.0
5176;180.0;ADA0E324;E1B28665;0.0;0.34;0.37;0.0;0.01;5.0;6.0;14.0;31.0;2831.0;46.0;1492.0;1657;1547.0
5175;180.0;96A48B2D;E1B28665;0.01;0.39;0.43;0.0;0.01;4.0;6.0;3.0;44.0;2570.0;46.0;1492.0;1666;1547.0
5174;180.0;9EB81756;E1B28665;0.01;0.4;0.44;0.0;0.01;3.0;6.0;1.0;52.0;2285.0;46.0;1492.0;1665;1547.0
5173;180.0;F317191D;E1B28665;0.01;0.39;0.43;0.0;0.01;2.0;6.0;2.0;17.0;2487.0;46.0;1492.0;1680;1547.0
5172;180.0;FBEF5468;E1B28665;0.01;0.46;0.5;0.0;0.01;1.0;6.0;8.0;9.0;2493.0;57.0;1492.0;1698;1547.0
5171;180.0;DFB8FB48;281A1554;0.01;0.57;0.59;0.01;0.0;3.0;3.0;14.0;30.0;2516.0;57.0;1486.0;1706;1541.0
5170;180.0;58C41BA9;281A1554;0.01;0.62;0.64;0.01;0.0;2.0;3.0;3.0;43.0;2245.0;57.0;1486.0;1702;1541.0
5169;180.0;DEA0D570;281A1554;0.0;0.44;0.46;0.01;0.0;1.0;3.0;1.0;51.0;1941.0;57.0;1486.0;1711;1541.0
5168;180.0;985D1743;281A1554;0.01;0.59;0.61;0.01;0.0;3.0;3.0;2.0;16.0;2157.0;57.0;1486.0;1705;1541.0
5167;180.0;2BA13DC0;281A1554;0.01;0.65;0.67;0.01;0.0;2.0;3.0;8.0;8.0;2162.0;57.0;1486.0;1702;1541.0
5166;180.0;FEF89E67;281A1554;0.0;0.45;0.46;0.01;0.0;1.0;3.0;14.0;29.0;2163.0;57.0;1486.0;1699;1541.0
5165;180.0;7F8E7C0B;E1B28665;0.0;0.35;0.38;0.0;0.01;6.0;6.0;3.0;42.0;1897.0;46.0;1492.0;1669;1547.0
5164;180.0;291625C8;E1B28665;0.0;0.31;0.34;0.0;0.01;5.0;6.0;1.0;50.0;1609.0;46.0;1492.0;1669;1547.0
5163;180.0;F0F79B43;E1B28665;0.0;0.35;0.38;0.0;0.01;4.0;6.0;2.0;15.0;1828.0;46.0;1492.0;1666;1547.0
5162;180.0;D0A93E58;E1B28665;0.0;0.31;0.34;0.0;0.01;3.0;6.0;8.0;7.0;1830.0;46.0;1492.0;1665;1547.0
5161;180.0;1EDB1E27;E1B28665;0.01;0.46;0.49;0.0;0.01;2.0;6.0;14.0;28.0;1861.0;46.0;1492.0;1670;1547.0
5160;180.0;FA56DE80;E1B28665;0.01;0.39;0.42;0.0;0.01;1.0;6.0;3.0;41.0;1596.0;57.0;1492.0;1693;1547.0
5159;180.0;09495352;BC44A3FB;0.01;0.34;0.38;0.0;0.02;6.0;6.0;1.0;49.0;1301.0;46.0;1485.0;1648;1530.0
5158;180.0;77EE712F;2A8BED63;0.02;0.53;0.56;0.0;0.0;5.0;6.0;2.0;14.0;1530.0;46.0;1488.0;1646;1528.0
5157;180.0;439A5C5E;84F339B7;0.01;0.33;0.36;0.0;0.02;4.0;6.0;8.0;6.0;1531.0;18.0;1496.0;1646;1541.0
5156;180.0;27B3C420;53C00FD5;0.01;0.57;0.61;0.0;0.02;3.0;6.0;14.0;27.0;1562.0;46.0;1483.0;1641;1523.0
5155;180.0;3818999A;48815118;0.0;0.52;0.55;0.01;0.0;2.0;6.0;3.0;40.0;1296.0;62.0;1486.0;1680;1541.0
5154;180.0;A6A38570;48815118;0.01;0.59;0.62;0.01;0.0;1.0;6.0;1.0;48.0;975.0;69.0;1486.0;1693;1541.0
5153;90.0;5828C43B;E294A4B5;0.0;0.07;0.1;0.0;0.26;2.0;2.0;2.0;13.0;1136.0;0.0;1509.0;1650;1549.0
5151;90.0;CFA2DF6C;7BF6FBDF;0.01;0.42;0.45;0.0;0.01;6.0;6.0;14.0;26.0;1170.0;34.0;1482.0;1651;1537.0
5150;90.0;15233F68;7BF6FBDF;0.01;0.36;0.39;0.0;0.01;5.0;6.0;3.0;39.0;894.0;34.0;1482.0;1644;1537.0
5149;90.0;C2FBC681;7BF6FBDF;0.02;0.48;0.51;0.0;0.01;4.0;6.0;1.0;47.0;601.0;34.0;1482.0;1647;1537.0
5148;90.0;80920BB4;7BF6FBDF;0.02;0.53;0.57;0.0;0.01;3.0;6.0;2.0;12.0;817.0;34.0;1482.0;1648;1537.0
5147;90.0;A48ACFB0;7BF6FBDF;0.01;0.39;0.41;0.0;0.01;2.0;6.0;8.0;4.0;820.0;34.0;1482.0;1646;1537.0
5146;90.0;79D182A0;7BF6FBDF;0.02;0.56;0.59;0.0;0.01;1.0;6.0;14.0;25.0;852.0;34.0;1482.0;1661;1537.0
5145;90.0;F45B4335;7BF6FBDF;0.02;0.47;0.5;0.0;0.01;7.0;7.0;3.0;38.0;591.0;53.0;1482.0;1645;1537.0
5144;90.0;88BBA8F1;7BF6FBDF;0.01;0.38;0.41;0.0;0.01;6.0;7.0;1.0;46.0;297.0;53.0;1482.0;1644;1537.0
5143;90.0;D166EF37;7BF6FBDF;0.01;0.42;0.45;0.0;0.01;5.0;7.0;2.0;11.0;523.0;53.0;1482.0;1646;1537.0
5142;90.0;6F6DDFD0;7BF6FBDF;0.01;0.4;0.42;0.0;0.01;4.0;7.0;8.0;3.0;531.0;53.0;1482.0;1670;1537.0
5141;90.0;25B3CA18;7BF6FBDF;0.02;0.49;0.52;0.0;0.01;3.0;7.0;14.0;24.0;564.0;53.0;1482.0;1657;1537.0
5140;90.0;306B3488;7BF6FBDF;0.02;0.48;0.51;0.0;0.01;2.0;7.0;3.0;37.0;286.0;53.0;1482.0;1651;1537.0
5139;90.0;D5561915;7BF6FBDF;0.02;0.52;0.56;0.0;0.01;1.0;7.0;1.0;45.0;0.0;53.0;1482.0;1684;1537.0
5138;90.0;B56D6C0D;1C61F0BD;0.0;0.6;0.64;0.01;0.05;7.0;7.0;2.0;10.0;236.0;23.0;1474.0;1603;1509.0
5137;90.0;426D7C8F;3BA0D398;0.0;0.37;0.41;0.0;0.03;6.0;7.0;8.0;2.0;229.0;18.0;1488.0;1627;1533.0
5136;90.0;840A2204;D3EA2584;0.01;0.45;0.49;0.0;0.02;5.0;7.0;14.0;23.0;266.0;34.0;1482.0;1633;1527.0
5135;90.0;BC78495B;D3EA2584;0.01;0.5;0.54;0.0;0.02;4.0;7.0;3.0;36.0;0.0;18.0;1482.0;1633;1527.0
5134;90.0;77CF3D3D;D3EA2584;0.01;0.57;0.62;0.0;0.02;3.0;7.0;2.0;9.0;0.0;18.0;1482.0;1631;1527.0
5133;90.0;50A448D7;E85F4719;0.01;0.52;0.55;0.0;0.02;2.0;7.0;8.0;1.0;0.0;34.0;1487.0;1664;1532.0
5132;90.0;17BAE502;E85F4719;0.01;0.57;0.6;0.0;0.02;1.0;7.0;14.0;22.0;0.0;41.0;1487.0;1685;1532.0
5131;90.0;C68BE921;8288B1F6;0.02;0.36;0.39;0.0;0.02;7.0;7.0;2.0;8.0;1842.0;34.0;1490.0;1646;1535.0
5130;90.0;0B04BD96;CC996FCB;0.02;0.17;0.2;0.0;0.0;6.0;7.0;1.0;44.0;9368.0;34.0;1510.0;1664;1555.0
5129;90.0;09B31083;6657D710;0.01;0.26;0.3;0.0;0.0;5.0;7.0;3.0;35.0;5533.0;34.0;1493.0;1652;1543.0
5128;90.0;80EB5CCA;9C0993CD;0.02;0.43;0.47;0.0;0.01;4.0;7.0;14.0;21.0;6124.0;51.0;1480.0;1646;1530.0
5127;90.0;C68BE921;B5D5B9CA;0.01;0.45;0.51;0.0;0.02;3.0;7.0;2.0;7.0;1606.0;34.0;1480.0;1628;1525.0
5126;90.0;E2381318;B1EBA22B;0.01;0.4;0.43;0.0;0.02;2.0;7.0;1.0;43.0;9137.0;46.0;1480.0;1621;1525.0
5125;90.0;C09B7B5F;B1EBA22B;0.01;0.55;0.59;0.0;0.02;1.0;7.0;3.0;34.0;5301.0;46.0;1480.0;1657;1525.0
5124;90.0;7DC4E5A3;12A9E163;0.01;0.6;0.62;0.0;0.03;4.0;4.0;14.0;20.0;5886.0;18.0;1476.0;1619;1521.0
5123;90.0;FC413ADC;12A9E163;0.01;0.48;0.5;0.0;0.02;3.0;4.0;2.0;6.0;1380.0;18.0;1476.0;1619;1521.0
5122;90.0;BDFA8FA1;12A9E163;0.01;0.52;0.54;0.0;0.02;2.0;4.0;1.0;42.0;8913.0;18.0;1476.0;1611;1521.0
5121;90.0;987777C4;8C69B089;0.01;0.55;0.59;0.0;0.0;1.0;4.0;3.0;33.0;5059.0;34.0;1483.0;1652;1528.0
5120;90.0;85B80C6C;DAF26177;0.0;0.46;0.5;0.0;0.01;9.0;9.0;14.0;19.0;5623.0;41.0;1480.0;1634;1525.0
5119;90.0;67D351DF;DAF26177;0.01;0.54;0.59;0.0;0.02;8.0;9.0;2.0;5.0;1112.0;34.0;1480.0;1627;1525.0
5118;90.0;6C0A0F3A;DAF26177;0.01;0.46;0.5;0.0;0.02;7.0;9.0;1.0;41.0;8646.0;34.0;1480.0;1627;1525.0
5117;90.0;B4C6DBEF;DAF26177;0.0;0.37;0.4;0.0;0.01;6.0;9.0;3.0;32.0;4812.0;34.0;1480.0;1623;1525.0
5116;90.0;1C50335C;DAF26177;0.0;0.4;0.44;0.0;0.01;5.0;9.0;14.0;18.0;5398.0;34.0;1480.0;1623;1525.0
5115;90.0;80B122CB;DAF26177;0.0;0.46;0.5;0.0;0.01;4.0;9.0;2.0;4.0;888.0;34.0;1480.0;1627;1525.0
5114;90.0;03669577;DAF26177;0.01;0.56;0.61;0.0;0.02;3.0;9.0;1.0;40.0;8413.0;34.0;1480.0;1634;1525.0
5113;90.0;866465F2;DAF26177;0.01;0.47;0.51;0.0;0.02;2.0;9.0;3.0;31.0;4572.0;18.0;1480.0;1605;1525.0
5112;90.0;74CB7160;DAF26177;0.01;0.56;0.61;0.0;0.02;1.0;9.0;14.0;17.0;5135.0;18.0;1480.0;1638;1525.0
5111;90.0;3E2A946D;9C0993CD;0.02;0.43;0.47;0.0;0.02;6.0;6.0;2.0;3.0;623.0;51.0;1480.0;1671;1530.0
5110;90.0;4D32AAD1;9C0993CD;0.02;0.41;0.44;0.0;0.01;5.0;6.0;1.0;39.0;8148.0;51.0;1480.0;1658;1530.0
5109;90.0;A3B878E8;9C0993CD;0.02;0.39;0.42;0.0;0.01;4.0;6.0;3.0;30.0;4307.0;51.0;1480.0;1653;1530.0
5108;90.0;3C60CFF7;9C0993CD;0.02;0.5;0.55;0.0;0.02;3.0;6.0;14.0;16.0;4842.0;51.0;1480.0;1646;1530.0
5107;90.0;156F7DBB;9C0993CD;0.02;0.4;0.44;0.0;0.01;2.0;6.0;2.0;2.0;300.0;46.0;1480.0;1661;1530.0
5106;90.0;B5BF314A;9C0993CD;0.03;0.55;0.6;0.0;0.02;1.0;6.0;4.0;57.0;7820.0;51.0;1480.0;1652;1530.0
5105;90.0;71A8ADCC;9C0993CD;0.02;0.41;0.45;0.0;0.01;4.0;10.0;1.0;38.0;7775.0;51.0;1480.0;1634;1530.0
5104;90.0;289D79AE;9C0993CD;0.02;0.47;0.51;0.0;0.02;3.0;10.0;3.0;29.0;3934.0;34.0;1480.0;1627;1530.0
5103;90.0;85608ED1;9C0993CD;0.02;0.41;0.45;0.0;0.01;2.0;10.0;14.0;15.0;4540.0;51.0;1480.0;1636;1530.0
5102;90.0;85630DE6;9C0993CD;0.02;0.44;0.48;0.0;0.02;1.0;10.0;2.0;1.0;0.0;51.0;1480.0;1687;1530.0
5101;90.0;FC8C23B4;59D14704;0.02;0.66;0.71;0.0;0.01;8.0;8.0;4.0;56.0;7507.0;34.0;1487.0;1644;1537.0
5100;90.0;1515F426;59D14704;0.01;0.5;0.54;0.0;0.01;7.0;8.0;1.0;37.0;7462.0;34.0;1487.0;1638;1537.0
5099;90.0;72EA56C5;59D14704;0.02;0.65;0.7;0.0;0.01;6.0;8.0;3.0;28.0;3626.0;34.0;1487.0;1644;1537.0
5098;90.0;3EAEF11E;59D14704;0.01;0.45;0.49;0.0;0.01;5.0;8.0;14.0;14.0;4229.0;34.0;1487.0;1649;1537.0
5097;90.0;47259E56;59D14704;0.01;0.45;0.48;0.0;0.01;4.0;8.0;4.0;55.0;7280.0;34.0;1487.0;1638;1537.0
5096;90.0;EE555EC8;59D14704;0.02;0.61;0.66;0.0;0.01;3.0;8.0;1.0;36.0;7235.0;34.0;1487.0;1643;1537.0
5095;90.0;EC1416CF;59D14704;0.02;0.64;0.69;0.0;0.01;2.0;8.0;3.0;27.0;3402.0;34.0;1487.0;1644;1537.0
5094;90.0;0EE78882;59D14704;0.02;0.52;0.56;0.0;0.01;1.0;8.0;14.0;13.0;3961.0;44.0;1487.0;1659;1537.0
5093;90.0;17E80BB3;59D14704;0.01;0.45;0.49;0.0;0.01;7.0;7.0;4.0;54.0;6995.0;34.0;1487.0;1646;1537.0
5092;90.0;CF2E2794;59D14704;0.02;0.53;0.58;0.0;0.01;6.0;8.0;1.0;35.0;6955.0;34.0;1487.0;1644;1537.0
5091;90.0;EBA7DA46;59D14704;0.02;0.52;0.56;0.0;0.01;5.0;8.0;3.0;26.0;3091.0;34.0;1487.0;1641;1537.0
5090;90.0;A9AB6D72;59D14704;0.01;0.46;0.5;0.0;0.01;4.0;8.0;14.0;12.0;3689.0;34.0;1487.0;1635;1537.0
5089;90.0;083AA67D;59D14704;0.02;0.61;0.66;0.0;0.01;3.0;8.0;4.0;53.0;6736.0;34.0;1487.0;1638;1537.0
5088;90.0;1EDB1E27;59D14704;0.02;0.65;0.7;0.0;0.01;2.0;8.0;1.0;34.0;6694.0;34.0;1487.0;1644;1537.0
5087;90.0;65494765;59D14704;0.01;0.43;0.47;0.0;0.01;1.0;8.0;6.0;63.0;6554.0;44.0;1487.0;1663;1537.0
5086;90.0;B8D96277;E9D2B793;0.0;0.39;0.43;0.01;0.08;6.0;6.0;3.0;25.0;2788.0;18.0;1480.0;1625;1530.0
5085;90.0;06B20CFD;E9D2B793;0.0;0.47;0.52;0.01;0.1;5.0;6.0;14.0;11.0;3376.0;18.0;1480.0;1628;1530.0
5084;90.0;7AB0C19F;E9D2B793;0.0;0.45;0.5;0.01;0.1;4.0;6.0;4.0;52.0;6417.0;18.0;1480.0;1635;1530.0
5083;90.0;7AB02DE6;E9D2B793;0.0;0.34;0.38;0.01;0.07;3.0;6.0;1.0;33.0;6354.0;18.0;1480.0;1630;1530.0
5082;90.0;30DAA8EA;E9D2B793;0.0;0.38;0.42;0.01;0.08;2.0;6.0;6.0;62.0;6214.0;18.0;1480.0;1631;1530.0
5081;90.0;2394E085;E9D2B793;0.0;0.35;0.39;0.01;0.08;1.0;6.0;3.0;24.0;2462.0;34.0;1480.0;1648;1530.0
5080;90.0;CB19F9FF;E9D2B793;0.0;0.43;0.47;0.01;0.09;7.0;7.0;14.0;10.0;3024.0;34.0;1480.0;1638;1530.0
5079;90.0;EE9B919F;E9D2B793;0.0;0.34;0.37;0.01;0.07;6.0;7.0;4.0;51.0;6056.0;34.0;1480.0;1638;1530.0
5078;90.0;CC1679F3;E9D2B793;0.0;0.36;0.4;0.01;0.08;5.0;7.0;1.0;32.0;6011.0;18.0;1480.0;1623;1530.0
5077;90.0;CAD800DC;E9D2B793;0.0;0.47;0.53;0.01;0.1;4.0;7.0;6.0;61.0;5872.0;18.0;1480.0;1623;1530.0
5076;90.0;45812B48;E9D2B793;0.0;0.43;0.48;0.01;0.09;3.0;7.0;3.0;23.0;2112.0;34.0;1480.0;1631;1530.0
5075;90.0;14588CD2;E9D2B793;0.0;0.41;0.45;0.01;0.09;2.0;7.0;14.0;9.0;2710.0;18.0;1480.0;1625;1530.0
5074;90.0;03669577;E9D2B793;0.0;0.45;0.5;0.01;0.1;1.0;7.0;4.0;50.0;5755.0;18.0;1480.0;1650;1530.0
5073;90.0;7930A68D;E9D2B793;0.0;0.31;0.34;0.01;0.07;6.0;6.0;1.0;31.0;5704.0;34.0;1480.0;1660;1530.0
5072;90.0;645115F2;E9D2B793;0.0;0.36;0.4;0.01;0.08;5.0;6.0;6.0;60.0;5560.0;34.0;1480.0;1650;1530.0
5071;90.0;CA54877A;E9D2B793;0.0;0.37;0.41;0.01;0.08;4.0;6.0;3.0;22.0;1802.0;34.0;1480.0;1644;1530.0
5070;90.0;C501AABE;9970B431;0.0;0.42;0.51;0.01;0.09;3.0;6.0;14.0;8.0;2351.0;34.0;1480.0;1646;1530.0
5069;90.0;651CF865;9970B431;0.0;0.32;0.39;0.01;0.07;1.0;1.0;1.0;30.0;5380.0;34.0;1480.0;1652;1530.0
5068;90.0;9389F45D;9970B431;0.0;0.36;0.44;0.01;0.08;2.0;7.0;4.0;49.0;5307.0;34.0;1480.0;1633;1530.0
5067;90.0;0952A87C;E355BC35;0.0;0.34;0.36;0.01;0.07;1.0;7.0;6.0;59.0;5068.0;39.0;1484.0;1634;1524.0
5066;90.0;D8CEBFE0;9A0896DA;0.0;0.46;0.52;0.01;0.26;6.0;6.0;3.0;21.0;1296.0;30.0;1471.0;1631;1516.0
5065;90.0;CCAA97CD;9970B431;0.0;0.4;0.49;0.01;0.09;5.0;8.0;14.0;7.0;1896.0;34.0;1480.0;1634;1530.0
5064;90.0;E2061CD3;9970B431;0.0;0.34;0.41;0.01;0.07;4.0;8.0;1.0;29.0;4956.0;34.0;1480.0;1633;1530.0
5063;90.0;9AC76105;9970B431;0.0;0.32;0.38;0.01;0.07;3.0;8.0;4.0;48.0;4871.0;34.0;1480.0;1635;1530.0
5062;90.0;FF541E9F;9970B431;0.0;0.31;0.38;0.01;0.07;2.0;8.0;6.0;58.0;4744.0;18.0;1480.0;1622;1530.0
5061;90.0;8067B239;9970B431;0.0;0.32;0.39;0.01;0.07;1.0;8.0;3.0;20.0;993.0;18.0;1480.0;1648;1530.0
5060;90.0;C3314BE6;CE732BD3;0.01;0.27;0.28;0.0;0.01;4.0;4.0;14.0;6.0;1602.0;34.0;1490.0;1646;1535.0
5059;90.0;61970B13;46F56B8C;0.01;0.48;0.52;0.01;0.04;3.0;4.0;1.0;28.0;4653.0;34.0;1480.0;1641;1535.0
5058;90.0;EDBA003C;46F56B8C;0.0;0.36;0.39;0.01;0.03;2.0;4.0;4.0;47.0;4590.0;34.0;1480.0;1638;1535.0
5057;90.0;C4789F3D;0C12C54A;0.0;0.57;0.61;0.02;0.06;1.0;4.0;6.0;57.0;4463.0;34.0;1472.0;1639;1517.0
5056;90.0;1DA8D75D;0A8B5BDF;0.01;0.34;0.36;0.01;0.02;7.0;7.0;3.0;19.0;714.0;41.0;1481.0;1655;1536.0
5055;90.0;05875099;D6C5A3D0;0.02;0.19;0.21;0.0;0.02;6.0;7.0;14.0;5.0;1319.0;34.0;1501.0;1653;1546.0
5054;90.0;BAB99B0E;D6C5A3D0;0.02;0.19;0.21;0.0;0.02;5.0;7.0;1.0;27.0;4379.0;46.0;1501.0;1667;1546.0
5053;90.0;6B9A4597;656E5837;0.01;0.35;0.39;0.0;0.02;4.0;7.0;4.0;46.0;4314.0;18.0;1486.0;1629;1531.0
5052;90.0;8708479C;656E5837;0.01;0.32;0.35;0.0;0.02;3.0;7.0;6.0;56.0;4189.0;18.0;1486.0;1635;1531.0
5051;90.0;48277B9D;656E5837;0.01;0.33;0.36;0.0;0.02;2.0;7.0;3.0;18.0;425.0;18.0;1486.0;1630;1531.0
5050;90.0;02F37AFC;656E5837;0.02;0.39;0.43;0.0;0.02;1.0;7.0;14.0;4.0;1013.0;18.0;1486.0;1636;1531.0
5047;90.0;0735F259;00FFEE90;0.01;0.29;0.31;0.01;0.02;1.0;3.0;6.0;55.0;3747.0;18.0;1489.0;1653;1534.0
5046;90.0;9F416A93;F1291CB0;0.02;0.16;0.17;0.01;0.02;5.0;5.0;3.0;17.0;0.0;55.0;1506.0;1682;1551.0
5045;90.0;6822BA65;CC18C404;0.02;0.18;0.2;0.01;0.02;4.0;5.0;14.0;3.0;592.0;41.0;1506.0;1671;1551.0
5044;90.0;BD70D0BA;CC18C404;0.02;0.22;0.24;0.01;0.02;3.0;5.0;1.0;25.0;3677.0;41.0;1506.0;1666;1551.0
5043;90.0;279FECA2;CC18C404;0.02;0.23;0.25;0.01;0.02;2.0;5.0;4.0;44.0;3581.0;41.0;1506.0;1665;1551.0
5042;90.0;066FEDCF;CC18C404;0.02;0.18;0.19;0.01;0.02;1.0;5.0;6.0;54.0;3456.0;34.0;1506.0;1670;1551.0
5041;90.0;504D6B1F;6466E4EB;0.03;0.24;0.29;0.01;0.02;7.0;7.0;7.0;64.0;1843.0;34.0;1505.0;1654;1550.0
5040;90.0;CB819659;493EAF60;0.01;0.33;0.34;0.0;0.01;6.0;7.0;14.0;2.0;285.0;34.0;1486.0;1644;1531.0
5039;90.0;EA19F29A;493EAF60;0.01;0.35;0.37;0.0;0.01;5.0;7.0;1.0;24.0;3356.0;34.0;1486.0;1631;1531.0
5038;90.0;60BEA8B9;67470249;0.01;0.47;0.53;0.0;0.02;4.0;7.0;4.0;43.0;3293.0;34.0;1486.0;1633;1531.0
5037;90.0;1D4DBFC1;F7838086;0.01;0.34;0.36;0.0;0.0;3.0;7.0;6.0;53.0;3165.0;34.0;1483.0;1635;1528.0
5036;90.0;64BE9B09;F7838086;0.01;0.37;0.4;0.0;0.0;2.0;7.0;7.0;63.0;1570.0;34.0;1483.0;1633;1528.0
5035;90.0;A3E240F8;F7838086;0.01;0.41;0.44;0.0;0.0;1.0;7.0;14.0;1.0;0.0;41.0;1483.0;1679;1528.0
5034;90.0;5E61BE9D;4C9F89E7;0.02;0.13;0.14;0.01;0.02;8.0;8.0;1.0;23.0;3079.0;34.0;1512.0;1676;1557.0
5033;90.0;CC31B8F1;4C9F89E7;0.02;0.13;0.14;0.01;0.02;7.0;8.0;3.0;16.0;2890.0;34.0;1512.0;1667;1557.0
5032;90.0;1DBC41AA;17D537B5;0.02;0.14;0.15;0.01;0.02;6.0;8.0;4.0;42.0;2956.0;18.0;1509.0;1656;1554.0
5031;90.0;C27C9318;17D537B5;0.02;0.16;0.19;0.01;0.02;5.0;8.0;6.0;52.0;2821.0;18.0;1509.0;1653;1554.0
5030;90.0;27E7D831;D927D5F2;0.03;0.19;0.22;0.01;0.03;4.0;8.0;7.0;62.0;1220.0;32.0;1507.0;1684;1551.0
5029;90.0;0E8D9E8E;C1BE9DD8;0.02;0.14;0.16;0.01;0.02;3.0;8.0;1.0;22.0;2849.0;34.0;1507.0;1670;1551.0
5028;90.0;D9E4E6F8;D9882B65;0.0;0.31;0.34;0.0;0.02;2.0;8.0;3.0;15.0;2600.0;34.0;1490.0;1653;1540.0
5027;90.0;81690830;D9882B65;0.01;0.39;0.43;0.0;0.02;1.0;8.0;4.0;41.0;2658.0;34.0;1490.0;1658;1540.0
5026;90.0;A99C8618;4AC24E4B;0.02;0.19;0.21;0.01;0.01;7.0;7.0;6.0;51.0;2467.0;34.0;1501.0;1643;1541.0
5025;90.0;E6DC321A;44661CD0;0.02;0.21;0.23;0.01;0.02;6.0;7.0;7.0;61.0;867.0;32.0;1506.0;1669;1551.0
5024;90.0;3592EAE8;44661CD0;0.02;0.15;0.17;0.01;0.02;5.0;7.0;1.0;21.0;2496.0;32.0;1506.0;1657;1551.0
5023;90.0;C1DE02A7;44661CD0;0.02;0.2;0.22;0.01;0.02;4.0;7.0;3.0;14.0;2247.0;32.0;1506.0;1660;1551.0
5022;90.0;15233F68;4D27ECED;0.02;0.15;0.18;0.01;0.0;3.0;7.0;4.0;40.0;2309.0;34.0;1502.0;1658;1547.0
5021;90.0;3682C122;92B3EDD4;0.02;0.18;0.23;0.01;0.01;2.0;7.0;6.0;50.0;2181.0;39.0;1502.0;1653;1547.0
5020;90.0;827177FB;92B3EDD4;0.02;0.18;0.23;0.01;0.01;1.0;7.0;7.0;60.0;577.0;39.0;1502.0;1668;1547.0
5005;90.0;5B7CE750;76E5EEFF;0.03;0.2;0.24;0.01;0.01;6.0;8.0;7.0;57.0;340.0;34.0;1504.0;1646;1549.0
5004;90.0;F1037AB0;76E5EEFF;0.03;0.25;0.29;0.01;0.01;5.0;8.0;1.0;17.0;1178.0;34.0;1504.0;1650;1549.0
5003;90.0;107C43C4;76E5EEFF;0.03;0.22;0.25;0.01;0.01;4.0;8.0;3.0;10.0;931.0;34.0;1504.0;1649;1549.0
5002;90.0;68E5198E;76E5EEFF;0.02;0.19;0.22;0.01;0.01;3.0;8.0;4.0;36.0;998.0;34.0;1504.0;1648;1549.0
5001;90.0;C18B3C98;A201F563;0.01;0.17;0.22;0.01;0.0;2.0;8.0;6.0;46.0;854.0;34.0;1504.0;1648;1549.0
5000;90.0;4188AA16;A201F563;0.02;0.21;0.27;0.01;0.0;1.0;8.0;4.0;35.0;0.0;34.0;1504.0;1671;1549.0
4999;90.0;EE90E7AE;96956A01;0.02;0.15;0.17;0.01;0.02;3.0;3.0;1.0;16.0;833.0;46.0;1500.0;1666;1540.0
4998;90.0;4BF7019E;1169CAE4;0.02;0.24;0.28;0.0;0.03;2.0;3.0;3.0;9.0;485.0;46.0;1502.0;1664;1542.0
4997;90.0;FA716AA0;B657DB06;0.02;0.2;0.22;0.01;0.02;2.0;4.0;6.0;45.0;439.0;34.0;1500.0;1647;1545.0
4996;90.0;4A4E391F;FA0F279E;0.01;0.19;0.2;0.0;0.02;2.0;5.0;4.0;34.0;460.0;18.0;1503.0;1655;1553.0
4995;90.0;87B5FB22;10A9A4D4;0.02;0.22;0.26;0.01;0.02;1.0;5.0;1.0;15.0;469.0;18.0;1502.0;1658;1542.0
4994;90.0;185DE899;ADF66D45;0.02;0.17;0.19;0.01;0.02;8.0;8.0;3.0;8.0;223.0;34.0;1507.0;1657;1547.0
4993;90.0;E2B94132;22C5A4BE;0.02;0.14;0.17;0.01;0.0;7.0;8.0;6.0;44.0;219.0;18.0;1511.0;1643;1552.0
4992;90.0;2F637DEF;22C5A4BE;0.02;0.17;0.2;0.01;0.0;6.0;8.0;4.0;33.0;243.0;18.0;1511.0;1638;1552.0
4991;90.0;411D6CD0;B4E0CC84;0.02;0.18;0.2;0.01;0.02;5.0;8.0;1.0;14.0;247.0;34.0;1507.0;1654;1552.0
4990;90.0;EC0F2608;B4E0CC84;0.02;0.17;0.19;0.01;0.02;4.0;8.0;3.0;7.0;0.0;34.0;1507.0;1676;1552.0
4989;90.0;47133838;D90699DC;0.02;0.34;0.37;0.01;0.02;3.0;8.0;6.0;43.0;0.0;39.0;1495.0;1674;1545.0
4988;90.0;D66CE615;D90699DC;0.02;0.33;0.36;0.01;0.02;2.0;8.0;4.0;32.0;0.0;39.0;1495.0;1672;1545.0
4987;90.0;0C433220;D90699DC;0.02;0.28;0.31;0.01;0.02;1.0;8.0;1.0;13.0;0.0;39.0;1495.0;1695;1545.0
4986;90.0;C9FE9167;D90699DC;0.02;0.28;0.31;0.01;0.02;2.0;2.0;4.0;31.0;3252.0;39.0;1495.0;1652;1545.0
4985;90.0;9A130B83;D90699DC;0.02;0.3;0.33;0.01;0.02;1.0;2.0;3.0;6.0;1760.0;39.0;1495.0;1676;1545.0
4984;90.0;F5013BF0;F1291CB0;0.02;0.17;0.19;0.01;0.02;7.0;7.0;7.0;56.0;309.0;55.0;1506.0;1676;1551.0
4983;90.0;9B8D5F9A;F1291CB0;0.02;0.23;0.25;0.01;0.02;6.0;7.0;6.0;42.0;378.0;55.0;1506.0;1678;1551.0
4982;90.0;F7764AAE;F1291CB0;0.02;0.19;0.21;0.01;0.02;5.0;7.0;1.0;12.0;3774.0;55.0;1506.0;1680;1551.0
4981;90.0;07FDB6C7;F1291CB0;0.02;0.22;0.24;0.01;0.02;4.0;7.0;4.0;30.0;2958.0;55.0;1506.0;1682;1551.0
4980;90.0;5029FE01;F1291CB0;0.02;0.23;0.25;0.01;0.02;3.0;7.0;3.0;5.0;1453.0;55.0;1506.0;1683;1551.0
4979;90.0;B0FB14FB;F1291CB0;0.02;0.22;0.24;0.01;0.02;2.0;7.0;7.0;55.0;0.0;55.0;1506.0;1708;1551.0
4978;90.0;92F8B145;F1291CB0;0.03;0.24;0.26;0.01;0.03;1.0;7.0;6.0;41.0;0.0;64.0;1506.0;1715;1551.0
4977;180.0;C1988D8B;E154DB61;0.0;1.02;1.14;0.0;0.0;10.0;10.0;1.0;11.0;3339.0;64.0;1465.0;1613;1490.0
4976;180.0;827511F1;E154DB61;0.0;0.76;0.85;0.0;0.0;9.0;10.0;4.0;29.0;2534.0;64.0;1465.0;1605;1490.0
4975;180.0;EA81AF8A;E154DB61;0.0;0.8;0.89;0.0;0.0;8.0;10.0;3.0;4.0;1028.0;64.0;1465.0;1603;1490.0
4974;180.0;64C94AED;E154DB61;0.0;0.91;1.01;0.0;0.0;7.0;10.0;8.0;65.0;7100.0;64.0;1465.0;1608;1490.0
4973;180.0;9A75B62E;E154DB61;0.0;0.92;1.02;0.0;0.0;6.0;10.0;7.0;54.0;304.0;64.0;1465.0;1610;1490.0
4972;180.0;77CA4D50;E154DB61;0.0;0.89;0.99;0.0;0.0;5.0;10.0;1.0;10.0;3031.0;64.0;1465.0;1604;1490.0
4971;180.0;67155FEA;E154DB61;0.0;0.73;0.82;0.0;0.0;4.0;10.0;4.0;28.0;2199.0;64.0;1465.0;1608;1490.0
4970;180.0;5AAC33E8;E154DB61;0.0;1.03;1.15;0.0;0.0;3.0;10.0;3.0;3.0;700.0;64.0;1465.0;1618;1490.0
4969;180.0;15EF206D;E154DB61;0.0;0.93;1.04;0.0;0.0;2.0;10.0;8.0;64.0;6788.0;64.0;1465.0;1608;1490.0
4968;180.0;47CF0B9C;E154DB61;0.0;1.08;1.21;0.0;0.0;1.0;10.0;7.0;53.0;0.0;69.0;1465.0;1638;1490.0
4967;180.0;1575CB75;56FFE5DC;0.02;0.15;0.17;0.01;0.01;4.0;4.0;1.0;9.0;2726.0;39.0;1507.0;1649;1532.0
4966;180.0;AC0873A5;56FFE5DC;0.02;0.15;0.17;0.01;0.01;3.0;4.0;4.0;27.0;1918.0;39.0;1507.0;1647;1532.0
4965;180.0;439A5C5E;56FFE5DC;0.02;0.19;0.21;0.01;0.01;2.0;4.0;3.0;2.0;416.0;39.0;1507.0;1650;1532.0
4964;180.0;270524A9;56FFE5DC;0.02;0.16;0.18;0.01;0.01;1.0;4.0;6.0;40.0;0.0;55.0;1507.0;1680;1532.0
4963;180.0;CB19820F;E9D2B793;0.0;0.32;0.36;0.01;0.07;5.0;5.0;8.0;63.0;6328.0;25.0;1480.0;1632;1525.0
4962;180.0;1D921387;9970B431;0.0;0.38;0.46;0.01;0.08;4.0;5.0;1.0;8.0;2316.0;34.0;1480.0;1632;1525.0
4961;180.0;519692ED;9970B431;0.0;0.47;0.57;0.01;0.1;3.0;5.0;4.0;26.0;1497.0;41.0;1480.0;1636;1525.0
4960;180.0;C3B2CD92;9970B431;0.0;0.43;0.53;0.01;0.09;2.0;5.0;3.0;1.0;0.0;34.0;1480.0;1653;1525.0
4959;180.0;F74F378D;9970B431;0.0;0.34;0.42;0.01;0.07;1.0;5.0;7.0;52.0;5943.0;39.0;1480.0;1645;1525.0
4958;180.0;8B1D4233;E154DB61;0.0;0.8;0.89;0.0;0.0;10.0;10.0;8.0;62.0;5894.0;64.0;1465.0;1612;1490.0
4957;180.0;5A81572F;E154DB61;0.0;1.01;1.13;0.0;0.0;9.0;10.0;1.0;7.0;1878.0;67.0;1465.0;1611;1490.0
4956;180.0;DF7D8F2F;E154DB61;0.0;0.69;0.77;0.0;0.0;8.0;10.0;4.0;25.0;1065.0;64.0;1465.0;1607;1490.0
4955;180.0;AB86A6B4;E154DB61;0.0;1.08;1.2;0.0;0.0;7.0;10.0;6.0;39.0;343.0;64.0;1465.0;1612;1490.0
4954;180.0;259A058B;E154DB61;0.0;1.07;1.19;0.0;0.0;6.0;10.0;7.0;51.0;5519.0;64.0;1465.0;1601;1490.0
4953;180.0;5A81572F;E154DB61;0.0;1.01;1.13;0.0;0.0;5.0;10.0;1.0;6.0;1625.0;64.0;1465.0;1610;1490.0
4952;180.0;C137A11E;E154DB61;0.0;0.92;1.03;0.0;0.0;4.0;10.0;8.0;61.0;5495.0;64.0;1465.0;1615;1490.0
4951;180.0;140C2143;E154DB61;0.0;0.81;0.91;0.0;0.0;3.0;10.0;4.0;24.0;740.0;64.0;1465.0;1617;1490.0
4950;180.0;F3AA56AF;E154DB61;0.0;0.91;1.01;0.0;0.0;2.0;10.0;6.0;38.0;0.0;64.0;1465.0;1630;1490.0
4949;180.0;A7A74C28;E154DB61;0.0;0.85;0.94;0.0;0.0;1.0;10.0;7.0;50.0;5174.0;69.0;1465.0;1621;1490.0
4948;180.0;4CF06CEB;9970B431;0.0;0.45;0.55;0.01;0.1;2.0;7.0;1.0;5.0;1221.0;25.0;1480.0;1624;1525.0
4947;180.0;09464F50;9970B431;0.0;0.46;0.56;0.01;0.1;1.0;7.0;4.0;23.0;327.0;25.0;1480.0;1628;1525.0
4946;180.0;D064781D;56FFE5DC;0.02;0.17;0.19;0.01;0.01;5.0;5.0;6.0;37.0;4166.0;51.0;1507.0;1656;1532.0
4945;180.0;C3FAE639;56FFE5DC;0.02;0.18;0.2;0.01;0.01;4.0;5.0;8.0;60.0;4928.0;39.0;1507.0;1669;1532.0
4944;180.0;FC7105F6;56FFE5DC;0.02;0.19;0.22;0.01;0.01;3.0;5.0;7.0;49.0;4739.0;39.0;1507.0;1639;1532.0
4943;180.0;27983090;56FFE5DC;0.02;0.15;0.17;0.01;0.01;2.0;5.0;1.0;4.0;839.0;44.0;1507.0;1646;1532.0
4942;180.0;E9941726;D927D5F2;0.02;0.18;0.21;0.01;0.02;1.0;5.0;4.0;22.0;0.0;55.0;1507.0;1712;1552.0
4941;180.0;45187F18;E154DB61;0.0;0.96;1.08;0.0;0.0;6.0;6.0;6.0;36.0;3824.0;64.0;1465.0;1612;1490.0
4940;180.0;AA408E5A;E154DB61;0.0;0.94;1.05;0.0;0.0;5.0;6.0;8.0;59.0;4580.0;64.0;1465.0;1607;1490.0
4939;180.0;E06673BA;E154DB61;0.0;0.93;1.03;0.0;0.0;4.0;6.0;1.0;3.0;551.0;64.0;1465.0;1622;1490.0
4938;180.0;4BAC542C;E154DB61;0.0;0.85;0.95;0.0;0.0;3.0;6.0;7.0;48.0;4321.0;64.0;1465.0;1608;1490.0
4937;180.0;C17F2DB0;E154DB61;0.0;0.91;1.02;0.0;0.0;2.0;6.0;6.0;35.0;3550.0;64.0;1465.0;1610;1490.0
4936;180.0;86B3F5BD;E154DB61;0.0;0.79;0.88;0.0;0.0;1.0;6.0;8.0;58.0;4300.0;69.0;1465.0;1617;1490.0
4935;180.0;EA81AF8A;E154DB61;0.0;0.8;0.89;0.0;0.0;5.0;5.0;1.0;2.0;266.0;64.0;1465.0;1630;1490.0
4934;180.0;E188567F;E154DB61;0.0;0.88;0.98;0.0;0.0;4.0;5.0;7.0;47.0;4017.0;64.0;1465.0;1608;1490.0
4933;180.0;6E115711;E154DB61;0.0;0.87;0.97;0.0;0.0;3.0;5.0;6.0;34.0;3264.0;64.0;1465.0;1614;1490.0
4928;180.0;41DD8570;6466E4EB;0.03;0.2;0.24;0.01;0.02;2.0;4.0;2.0;63.0;3029.0;46.0;1505.0;1656;1545.0
4927;180.0;C5F5E57B;6466E4EB;0.02;0.18;0.22;0.01;0.01;1.0;4.0;8.0;56.0;3737.0;55.0;1505.0;1680;1545.0
4926;180.0;4A6F9501;04751D20;0.02;0.26;0.28;0.01;0.02;5.0;5.0;7.0;45.0;3593.0;46.0;1506.0;1669;1551.0
4925;180.0;F5D1DD36;04751D20;0.02;0.24;0.26;0.01;0.02;4.0;5.0;6.0;32.0;2799.0;46.0;1506.0;1666;1551.0
4924;180.0;1850A729;04751D20;0.02;0.25;0.28;0.01;0.02;3.0;5.0;2.0;62.0;2800.0;46.0;1506.0;1670;1551.0
4923;180.0;E044D9B9;04751D20;0.02;0.21;0.23;0.01;0.02;2.0;5.0;8.0;55.0;3502.0;46.0;1506.0;1670;1551.0
4922;180.0;47B92996;04751D20;0.02;0.24;0.26;0.01;0.02;1.0;5.0;7.0;44.0;3368.0;51.0;1506.0;1684;1551.0
4921;180.0;7B03D2D6;46F56B8C;0.01;0.42;0.45;0.01;0.03;8.0;8.0;6.0;31.0;2559.0;39.0;1480.0;1627;1525.0
4920;180.0;FB2FE798;46F56B8C;0.01;0.48;0.52;0.01;0.04;7.0;8.0;2.0;61.0;2560.0;39.0;1480.0;1628;1525.0
4919;180.0;EA7BBF7B;46F56B8C;0.0;0.35;0.38;0.01;0.03;6.0;8.0;8.0;54.0;3260.0;39.0;1480.0;1622;1525.0
4918;180.0;4979773E;46F56B8C;0.0;0.35;0.38;0.01;0.03;5.0;8.0;7.0;43.0;3129.0;39.0;1480.0;1628;1525.0
4917;180.0;C0B98818;46F56B8C;0.0;0.3;0.33;0.01;0.02;4.0;8.0;6.0;30.0;2331.0;39.0;1480.0;1638;1525.0
4916;180.0;8496D8B3;46F56B8C;0.01;0.39;0.42;0.01;0.03;3.0;8.0;2.0;60.0;2334.0;39.0;1480.0;1638;1525.0
4915;180.0;EBAB0328;46F56B8C;0.0;0.35;0.38;0.01;0.03;2.0;8.0;8.0;53.0;3051.0;39.0;1480.0;1636;1525.0
4914;180.0;2488F24A;46F56B8C;0.01;0.43;0.46;0.01;0.03;1.0;8.0;7.0;42.0;2916.0;55.0;1480.0;1662;1525.0
4913;180.0;42088BFA;56FFE5DC;0.02;0.13;0.15;0.01;0.01;4.0;4.0;6.0;29.0;2060.0;39.0;1507.0;1641;1532.0
4912;180.0;8C65AE13;56FFE5DC;0.02;0.16;0.18;0.01;0.01;3.0;4.0;2.0;59.0;2052.0;39.0;1507.0;1643;1532.0
4911;180.0;9D9A1B5A;56FFE5DC;0.02;0.16;0.18;0.01;0.01;2.0;4.0;8.0;52.0;2692.0;39.0;1507.0;1639;1532.0
4910;180.0;EDB1D36B;56FFE5DC;0.02;0.18;0.21;0.01;0.01;1.0;4.0;7.0;41.0;2566.0;60.0;1507.0;1679;1532.0
4909;180.0;B399E4E0;4AC24E4B;0.02;0.2;0.23;0.01;0.01;6.0;6.0;6.0;28.0;1775.0;46.0;1501.0;1665;1546.0
4908;180.0;8F9C21F4;D927D5F2;0.02;0.13;0.14;0.01;0.02;5.0;6.0;2.0;58.0;1782.0;46.0;1507.0;1665;1552.0
4907;180.0;E54EA2AA;D927D5F2;0.02;0.13;0.15;0.01;0.02;4.0;6.0;8.0;51.0;2501.0;46.0;1507.0;1659;1552.0
4906;180.0;94081412;D927D5F2;0.02;0.16;0.18;0.01;0.02;3.0;6.0;4.0;21.0;1748.0;46.0;1507.0;1662;1552.0
4905;180.0;17890C45;D927D5F2;0.02;0.16;0.18;0.01;0.02;2.0;6.0;7.0;40.0;2318.0;46.0;1507.0;1666;1552.0
4904;180.0;8BB56BA7;D927D5F2;0.02;0.12;0.14;0.01;0.02;1.0;6.0;6.0;27.0;1522.0;46.0;1507.0;1675;1552.0
4903;180.0;08A044AD;56FFE5DC;0.02;0.14;0.16;0.01;0.01;4.0;4.0;2.0;57.0;1529.0;39.0;1507.0;1646;1532.0
4902;180.0;3944E90B;56FFE5DC;0.02;0.13;0.15;0.01;0.01;2.0;3.0;4.0;20.0;1478.0;46.0;1507.0;1646;1532.0
4901;180.0;0711660A;56FFE5DC;0.02;0.16;0.18;0.01;0.01;2.0;4.0;7.0;39.0;2037.0;39.0;1507.0;1642;1532.0
4900;180.0;7B7238BE;56FFE5DC;0.03;0.21;0.23;0.02;0.01;1.0;4.0;8.0;50.0;2050.0;55.0;1507.0;1635;1532.0
4899;180.0;19D8C68E;76884E9D;0.0;0.57;0.61;0.01;0.05;5.0;5.0;6.0;26.0;1172.0;46.0;1474.0;1618;1509.0
4898;180.0;3ACBA0D6;3BA0D398;0.0;0.35;0.38;0.0;0.03;4.0;5.0;2.0;56.0;1172.0;46.0;1488.0;1650;1528.0
4897;180.0;2C1FBE79;3BA0D398;0.0;0.35;0.38;0.0;0.03;3.0;5.0;4.0;19.0;1173.0;46.0;1488.0;1647;1528.0
4896;180.0;5DC9B022;3BA0D398;0.0;0.35;0.39;0.0;0.03;2.0;5.0;7.0;38.0;1731.0;46.0;1488.0;1646;1528.0
4895;180.0;813C59ED;3BA0D398;0.0;0.43;0.48;0.0;0.03;1.0;5.0;8.0;49.0;1756.0;46.0;1488.0;1656;1528.0
4894;180.0;683AE954;B4CD6E45;0.0;0.74;0.77;0.0;0.02;7.0;7.0;6.0;25.0;872.0;46.0;1475.0;1626;1510.0
4893;180.0;5AD5DD69;B4CD6E45;0.0;0.8;0.83;0.0;0.02;6.0;7.0;2.0;55.0;874.0;46.0;1475.0;1619;1510.0
4892;180.0;241B2B6B;5C6E672A;0.02;0.38;0.4;0.0;0.02;5.0;7.0;4.0;18.0;883.0;46.0;1483.0;1642;1518.0
4891;180.0;3E28CC9A;87C78AB7;0.01;0.47;0.55;0.0;0.0;4.0;7.0;7.0;37.0;1455.0;46.0;1480.0;1646;1525.0
4890;180.0;EA64541F;87C78AB7;0.0;0.4;0.46;0.0;0.0;3.0;7.0;8.0;48.0;1485.0;46.0;1480.0;1642;1525.0
4889;180.0;4C2D34A2;6C955C02;0.02;0.45;0.5;0.0;0.0;2.0;7.0;6.0;24.0;612.0;46.0;1483.0;1657;1528.0
4888;180.0;7FBEE53A;6C955C02;0.02;0.52;0.56;0.0;0.0;1.0;7.0;2.0;54.0;588.0;55.0;1483.0;1669;1528.0
4887;180.0;CC2C0734;E1B28665;0.01;0.43;0.47;0.0;0.01;6.0;6.0;4.0;17.0;597.0;46.0;1492.0;1665;1547.0
4885;180.0;47E4B10E;E1B28665;0.01;0.4;0.43;0.0;0.01;4.0;6.0;8.0;47.0;1190.0;46.0;1492.0;1652;1547.0
4886;180.0;666F8239;E1B28665;0.01;0.41;0.44;0.0;0.01;5.0;6.0;7.0;36.0;1167.0;46.0;1492.0;1666;1547.0
4884;180.0;803231F9;E1B28665;0.01;0.4;0.44;0.0;0.01;3.0;6.0;6.0;23.0;316.0;46.0;1492.0;1668;1547.0
4883;180.0;56FFA879;E1B28665;0.01;0.36;0.39;0.0;0.01;2.0;6.0;2.0;53.0;317.0;46.0;1492.0;1665;1547.0
4882;180.0;559F6E93;E1B28665;0.0;0.31;0.34;0.0;0.01;1.0;6.0;4.0;16.0;302.0;57.0;1492.0;1684;1547.0
4881;180.0;0DB1136D;BDB26FB7;0.02;0.27;0.29;0.01;0.02;4.0;4.0;7.0;35.0;865.0;51.0;1500.0;1668;1540.0
4880;180.0;A3C2452A;D139AB57;0.01;0.53;0.57;0.0;0.0;3.0;4.0;8.0;46.0;879.0;55.0;1481.0;1658;1526.0
4879;180.0;3D38FA48;D139AB57;0.01;0.51;0.55;0.0;0.0;2.0;4.0;6.0;22.0;0.0;55.0;1481.0;1672;1526.0
4878;180.0;4517DFEF;D139AB57;0.0;0.4;0.42;0.0;0.0;1.0;4.0;2.0;52.0;0.0;55.0;1481.0;1682;1526.0
4877;180.0;1C947394;56FFE5DC;0.02;0.2;0.22;0.01;0.01;3.0;3.0;4.0;15.0;0.0;39.0;1507.0;1657;1532.0
4876;180.0;524C977E;56FFE5DC;0.02;0.17;0.19;0.01;0.01;2.0;3.0;7.0;34.0;286.0;39.0;1507.0;1632;1532.0
4875;180.0;C3CAC287;56FFE5DC;0.02;0.2;0.22;0.01;0.01;2.0;4.0;8.0;45.0;311.0;39.0;1507.0;1637;1532.0
4874;180.0;C6630A89;56FFE5DC;0.02;0.14;0.16;0.01;0.01;1.0;4.0;6.0;21.0;0.0;60.0;1507.0;1701;1532.0
4873;180.0;06E0D8D5;BC44A3FB;0.01;0.32;0.35;0.0;0.02;3.0;3.0;4.0;14.0;0.0;46.0;1485.0;1674;1530.0
4872;180.0;64071221;19008928;0.01;0.6;0.66;0.0;0.03;2.0;3.0;7.0;33.0;0.0;46.0;1474.0;1659;1530.0
4871;180.0;877CF394;F852E2F5;0.01;0.51;0.55;0.02;0.07;1.0;3.0;8.0;44.0;0.0;60.0;1470.0;1675;1515.0
4870;180.0;AFFFDCCF;F852E2F5;0.01;0.51;0.55;0.02;0.07;4.0;4.0;2.0;51.0;1393.0;55.0;1470.0;1633;1515.0
4869;180.0;570443E7;F852E2F5;0.01;0.52;0.55;0.02;0.07;3.0;4.0;6.0;20.0;1472.0;55.0;1470.0;1636;1515.0
4868;180.0;F78F0738;F852E2F5;0.01;0.49;0.53;0.02;0.07;2.0;7.0;7.0;32.0;1223.0;55.0;1470.0;1627;1515.0
4867;180.0;386FB9D8;F852E2F5;0.01;0.47;0.5;0.02;0.07;1.0;7.0;4.0;13.0;647.0;60.0;1470.0;1659;1515.0
4866;180.0;8F6ECBEF;398F4446;0.01;0.43;0.47;0.02;0.02;7.0;7.0;8.0;43.0;7268.0;51.0;1480.0;1656;1530.0
4865;180.0;359FC6DF;F4C6D02B;0.02;0.61;0.67;0.0;0.05;6.0;7.0;2.0;50.0;983.0;18.0;1487.0;1621;1527.0
4864;180.0;F4449107;5671F44D;0.02;0.69;0.73;0.0;0.01;5.0;7.0;6.0;19.0;1056.0;46.0;1486.0;1665;1536.0
4863;180.0;BF320B89;5671F44D;0.01;0.52;0.55;0.0;0.01;4.0;7.0;7.0;31.0;911.0;46.0;1486.0;1663;1536.0
4862;180.0;9674535C;5671F44D;0.01;0.49;0.52;0.0;0.01;3.0;7.0;4.0;12.0;326.0;46.0;1486.0;1663;1536.0
4861;180.0;FECF436B;5671F44D;0.02;0.64;0.68;0.0;0.01;2.0;7.0;8.0;42.0;6952.0;46.0;1486.0;1673;1536.0
4860;180.0;92B9B814;5671F44D;0.02;0.53;0.56;0.0;0.01;1.0;7.0;2.0;49.0;666.0;46.0;1486.0;1672;1536.0
4859;180.0;9FA1D95E;B1636185;0.02;0.54;0.56;0.0;0.02;7.0;7.0;6.0;18.0;748.0;46.0;1476.0;1659;1521.0
4858;180.0;B9DB8FDC;DD4524C7;0.02;0.39;0.4;0.01;0.0;6.0;7.0;7.0;30.0;598.0;46.0;1480.0;1626;1515.0
4857;180.0;94081412;DD4524C7;0.02;0.49;0.51;0.01;0.0;5.0;7.0;4.0;11.0;0.0;46.0;1480.0;1649;1515.0
4856;180.0;CAD800DC;DD4524C7;0.03;0.6;0.63;0.01;0.0;4.0;7.0;8.0;41.0;6624.0;46.0;1480.0;1630;1515.0
4855;180.0;99CFDF6D;DD4524C7;0.02;0.42;0.44;0.01;0.0;3.0;7.0;2.0;48.0;299.0;46.0;1480.0;1629;1515.0
4854;180.0;8F9C21F4;2A8BED63;0.02;0.42;0.43;0.0;0.0;1.0;7.0;7.0;29.0;291.0;51.0;1488.0;1651;1528.0
4853;180.0;946D7A76;2A8BED63;0.02;0.57;0.6;0.0;0.0;2.0;8.0;6.0;17.0;312.0;46.0;1488.0;1643;1528.0
4852;180.0;E877D18E;2A8BED63;0.02;0.53;0.55;0.0;0.0;1.0;8.0;4.0;10.0;2984.0;46.0;1488.0;1662;1528.0
4851;180.0;7B38199E;84F339B7;0.01;0.36;0.4;0.0;0.03;4.0;4.0;8.0;40.0;6282.0;46.0;1496.0;1668;1541.0
4850;180.0;6C04CEE0;CC996FCB;0.02;0.22;0.26;0.0;0.0;3.0;4.0;2.0;47.0;0.0;48.0;1510.0;1673;1550.0
4849;180.0;C7A014A0;CC996FCB;0.02;0.15;0.18;0.0;0.0;2.0;4.0;7.0;28.0;0.0;48.0;1510.0;1675;1550.0
4848;180.0;7EAA0046;CC996FCB;0.02;0.22;0.26;0.0;0.0;1.0;4.0;6.0;16.0;0.0;48.0;1510.0;1688;1550.0
4847;180.0;79D182A0;56FFE5DC;0.02;0.2;0.22;0.01;0.01;3.0;4.0;4.0;9.0;2467.0;39.0;1507.0;1639;1532.0
4846;180.0;054EB4FD;56FFE5DC;0.02;0.2;0.22;0.01;0.01;2.0;4.0;8.0;39.0;5773.0;39.0;1507.0;1641;1532.0
4845;180.0;9BACCDB0;56FFE5DC;0.02;0.13;0.15;0.01;0.01;1.0;4.0;2.0;46.0;5776.0;55.0;1507.0;1669;1532.0
4844;180.0;241B2B6B;9CF45E8B;0.01;0.33;0.35;0.01;0.02;7.0;7.0;7.0;27.0;5785.0;51.0;1475.0;1640;1525.0
4843;180.0;4309766D;9CF45E8B;0.01;0.44;0.46;0.02;0.02;6.0;7.0;6.0;15.0;3851.0;51.0;1475.0;1635;1525.0
4842;180.0;B895E9AC;9CF45E8B;0.01;0.52;0.55;0.02;0.03;5.0;7.0;4.0;8.0;2139.0;51.0;1475.0;1646;1525.0
4841;180.0;4949394B;00FFEE90;0.01;0.42;0.46;0.01;0.02;4.0;7.0;8.0;38.0;5437.0;51.0;1489.0;1667;1534.0
4840;180.0;2914F515;00FFEE90;0.01;0.37;0.4;0.01;0.02;3.0;7.0;2.0;45.0;5428.0;51.0;1489.0;1655;1534.0
4839;180.0;C999CAAE;00FFEE90;0.01;0.36;0.4;0.01;0.02;2.0;7.0;7.0;26.0;5503.0;51.0;1489.0;1656;1534.0
4838;180.0;9F356D49;48A7AB1A;0.01;0.44;0.47;0.0;0.02;1.0;7.0;6.0;14.0;3565.0;46.0;1486.0;1649;1526.0
4837;180.0;BE6F9AB0;25F853C3;0.01;1.14;1.2;0.0;0.0;3.0;3.0;4.0;7.0;1845.0;46.0;1463.0;1609;1503.0
4836;180.0;140C2143;42AA7C6A;0.01;0.72;0.84;0.0;0.01;2.0;3.0;8.0;37.0;5145.0;51.0;1470.0;1631;1510.0
4835;180.0;8522E344;2559381B;0.01;0.77;0.84;0.0;0.0;1.0;3.0;2.0;44.0;5147.0;57.0;1460.0;1619;1485.0
4834;180.0;F99A1199;D249F467;0.02;0.19;0.23;0.01;0.02;7.0;7.0;7.0;25.0;5225.0;46.0;1504.0;1662;1549.0
4833;180.0;C58252D8;D249F467;0.02;0.17;0.21;0.01;0.01;6.0;7.0;6.0;13.0;3291.0;46.0;1504.0;1663;1549.0
4832;180.0;A535BE7D;4AC24E4B;0.02;0.26;0.29;0.01;0.02;5.0;7.0;4.0;6.0;1574.0;51.0;1501.0;1668;1546.0
4831;180.0;89FAFAD6;4AC24E4B;0.02;0.21;0.24;0.01;0.01;4.0;7.0;8.0;36.0;4868.0;51.0;1501.0;1664;1546.0
4830;180.0;C9D17A55;4AC24E4B;0.02;0.24;0.27;0.01;0.02;3.0;7.0;2.0;43.0;4865.0;51.0;1501.0;1663;1546.0
4829;180.0;D8CEBFE0;93142261;0.02;0.24;0.27;0.01;0.02;2.0;7.0;7.0;24.0;4936.0;46.0;1501.0;1653;1536.0
4828;180.0;0608E66B;93142261;0.03;0.28;0.32;0.01;0.02;1.0;7.0;6.0;12.0;3008.0;55.0;1501.0;1671;1536.0
4827;180.0;28AECB7B;56FFE5DC;0.02;0.17;0.19;0.01;0.01;4.0;4.0;4.0;5.0;1292.0;39.0;1507.0;1645;1532.0
4826;180.0;BD343F8D;56FFE5DC;0.02;0.15;0.17;0.01;0.01;3.0;4.0;2.0;42.0;4645.0;39.0;1507.0;1643;1532.0
4825;180.0;5C5F235C;56FFE5DC;0.02;0.18;0.2;0.01;0.01;2.0;4.0;8.0;35.0;4535.0;39.0;1507.0;1643;1532.0
4824;180.0;14961B67;56FFE5DC;0.02;0.17;0.19;0.01;0.01;1.0;4.0;7.0;23.0;4661.0;55.0;1507.0;1676;1532.0
4823;180.0;107C43C4;6570BD8E;0.01;0.43;0.45;0.0;0.02;4.0;4.0;6.0;11.0;2724.0;46.0;1485.0;1639;1520.0
4822;180.0;D587DDCF;6570BD8E;0.01;0.39;0.41;0.0;0.02;3.0;4.0;4.0;4.0;1011.0;46.0;1485.0;1631;1520.0
4821;180.0;B0A6EBC0;25016671;0.01;0.37;0.39;0.0;0.0;2.0;4.0;2.0;41.0;4349.0;46.0;1483.0;1649;1523.0
4820;180.0;3D250EB6;423E5208;0.02;0.29;0.32;0.01;0.02;1.0;4.0;8.0;34.0;4225.0;46.0;1501.0;1691;1546.0
4819;180.0;C2C03FA0;35C7C29B;0.01;0.23;0.24;0.01;0.0;5.0;5.0;7.0;22.0;4341.0;69.0;1501.0;1710;1551.0
4818;180.0;2CF9F044;35C7C29B;0.01;0.24;0.26;0.01;0.0;4.0;5.0;6.0;10.0;2403.0;69.0;1501.0;1703;1551.0
4817;180.0;B9AC5792;35C7C29B;0.01;0.24;0.26;0.01;0.0;3.0;5.0;4.0;3.0;684.0;69.0;1501.0;1722;1551.0
4816;180.0;54F4FD04;35C7C29B;0.02;0.35;0.37;0.01;0.0;2.0;5.0;2.0;40.0;4028.0;69.0;1501.0;1704;1551.0
4815;180.0;7626D6FD;35C7C29B;0.02;0.34;0.37;0.01;0.0;1.0;5.0;8.0;33.0;3916.0;69.0;1501.0;1714;1551.0
4814;180.0;24E416E6;DD961E29;0.03;0.19;0.22;0.01;0.03;1.0;2.0;6.0;9.0;2059.0;46.0;1507.0;1681;1552.0
4813;180.0;D9CAE8B9;DEF25D02;0.03;0.26;0.29;0.0;0.03;7.0;8.0;7.0;21.0;3884.0;46.0;1505.0;1671;1545.0
4812;180.0;75BF7C64;2374C9B3;0.02;0.16;0.19;0.01;0.02;6.0;8.0;4.0;2.0;293.0;46.0;1502.0;1663;1542.0
4811;180.0;C2C03FA0;A410176C;0.02;0.14;0.18;0.01;0.01;5.0;8.0;2.0;39.0;3648.0;57.0;1502.0;1681;1547.0
4810;180.0;F653B826;A410176C;0.02;0.17;0.22;0.01;0.01;4.0;8.0;8.0;32.0;3525.0;57.0;1502.0;1670;1547.0
4809;180.0;CDC7B998;A410176C;0.02;0.14;0.18;0.01;0.01;3.0;8.0;6.0;8.0;1767.0;57.0;1502.0;1672;1547.0
4808;180.0;D50B2FF8;A410176C;0.03;0.21;0.28;0.01;0.01;2.0;8.0;7.0;20.0;3587.0;57.0;1502.0;1676;1547.0
4807;180.0;426F62C4;A410176C;0.02;0.15;0.19;0.01;0.01;1.0;8.0;4.0;1.0;0.0;57.0;1502.0;1721;1547.0
4806;180.0;813C59ED;04751D20;0.02;0.23;0.26;0.01;0.02;2.0;2.0;2.0;38.0;3340.0;46.0;1506.0;1670;1551.0
4805;180.0;7F27D57A;04751D20;0.02;0.25;0.28;0.01;0.02;1.0;2.0;8.0;31.0;3234.0;51.0;1506.0;1685;1551.0
4804;180.0;20D8A39D;04751D20;0.02;0.18;0.2;0.01;0.02;5.0;7.0;6.0;7.0;1431.0;46.0;1506.0;1665;1551.0
4803;180.0;8CE85F12;04751D20;0.02;0.24;0.27;0.01;0.02;4.0;7.0;7.0;19.0;3250.0;46.0;1506.0;1658;1551.0
4802;180.0;41046925;04751D20;0.03;0.27;0.3;0.01;0.03;3.0;7.0;8.0;30.0;3012.0;46.0;1506.0;1658;1551.0
4801;180.0;68FE4862;04751D20;0.02;0.2;0.21;0.01;0.02;2.0;7.0;2.0;37.0;3016.0;46.0;1506.0;1658;1551.0
4800;180.0;DF1A119A;F2951EE4;0.01;0.27;0.3;0.01;0.02;1.0;7.0;6.0;6.0;1215.0;46.0;1496.0;1669;1536.0
4799;180.0;83937AC0;56FFE5DC;0.03;0.2;0.23;0.02;0.01;4.0;4.0;7.0;18.0;3040.0;39.0;1507.0;1649;1532.0
4798;180.0;273C278D;56FFE5DC;0.02;0.15;0.17;0.01;0.01;3.0;4.0;8.0;29.0;2791.0;39.0;1507.0;1638;1532.0
4797;180.0;582AE8E1;56FFE5DC;0.02;0.14;0.16;0.01;0.01;2.0;4.0;2.0;36.0;2792.0;39.0;1507.0;1633;1532.0
4796;180.0;D9F7EABB;56FFE5DC;0.02;0.18;0.2;0.01;0.01;1.0;4.0;6.0;5.0;984.0;60.0;1507.0;1681;1532.0
4795;180.0;72A8202D;25016671;0.01;0.36;0.38;0.0;0.0;6.0;6.0;7.0;17.0;2800.0;46.0;1483.0;1633;1523.0
4794;180.0;367B3398;25016671;0.02;0.52;0.54;0.0;0.0;5.0;6.0;8.0;28.0;2556.0;46.0;1483.0;1642;1523.0
4793;180.0;41DFC245;25016671;0.02;0.42;0.44;0.0;0.0;4.0;6.0;2.0;35.0;2557.0;46.0;1483.0;1634;1523.0
4792;180.0;E99914A1;25016671;0.01;0.42;0.44;0.0;0.0;3.0;6.0;6.0;4.0;753.0;46.0;1483.0;1631;1523.0
4791;180.0;E752D832;25016671;0.01;0.4;0.42;0.0;0.0;2.0;6.0;7.0;16.0;2572.0;46.0;1483.0;1635;1523.0
4790;180.0;0884AA96;25016671;0.02;0.51;0.54;0.0;0.0;1.0;6.0;8.0;27.0;2334.0;46.0;1483.0;1647;1523.0
4789;180.0;003FF6D5;25016671;0.02;0.45;0.47;0.0;0.0;7.0;7.0;2.0;34.0;2333.0;46.0;1483.0;1638;1523.0
4788;180.0;78A83B7C;25016671;0.02;0.52;0.55;0.0;0.0;6.0;7.0;6.0;3.0;528.0;46.0;1483.0;1643;1523.0
4787;180.0;E80A8649;25016671;0.01;0.38;0.4;0.0;0.0;5.0;7.0;7.0;15.0;2346.0;46.0;1483.0;1635;1523.0
4786;180.0;71263244;25016671;0.02;0.52;0.55;0.0;0.0;4.0;7.0;8.0;26.0;2106.0;46.0;1483.0;1634;1523.0
4785;180.0;4E5335B9;25016671;0.01;0.37;0.39;0.0;0.0;3.0;7.0;2.0;33.0;2101.0;46.0;1483.0;1636;1523.0
4784;180.0;74A31959;25016671;0.02;0.49;0.51;0.0;0.0;2.0;7.0;6.0;2.0;285.0;46.0;1483.0;1636;1523.0
4783;180.0;E1F13D3E;25016671;0.02;0.49;0.52;0.0;0.0;1.0;7.0;5.0;56.0;0.0;46.0;1483.0;1660;1523.0
4782;180.0;E0E297AE;5A195F30;0.01;0.51;0.54;0.0;0.03;4.0;4.0;7.0;14.0;2040.0;46.0;1487.0;1646;1527.0
4781;180.0;0F82DAC0;D6BA9D02;0.02;0.48;0.5;0.0;0.02;3.0;4.0;8.0;25.0;1803.0;46.0;1481.0;1644;1526.0
4780;180.0;A50CB92C;249A7E68;0.02;0.49;0.53;0.0;0.02;2.0;4.0;2.0;32.0;1805.0;46.0;1484.0;1635;1519.0
4779;180.0;DB10B62D;249A7E68;0.01;0.36;0.39;0.0;0.02;1.0;4.0;6.0;1.0;0.0;55.0;1484.0;1684;1519.0
4778;180.0;D879F897;56FFE5DC;0.02;0.14;0.16;0.01;0.01;4.0;4.0;7.0;13.0;1823.0;39.0;1507.0;1637;1532.0
4777;180.0;F561586A;56FFE5DC;0.02;0.2;0.22;0.01;0.01;3.0;4.0;14.0;60.0;1310.0;39.0;1507.0;1646;1532.0
4776;180.0;A832EDF8;56FFE5DC;0.02;0.18;0.2;0.01;0.01;2.0;4.0;8.0;24.0;1493.0;39.0;1507.0;1640;1532.0
4775;180.0;D0F3CACF;56FFE5DC;0.02;0.15;0.17;0.01;0.01;1.0;4.0;2.0;31.0;1491.0;55.0;1507.0;1680;1532.0
4774;180.0;C89B5F99;0731C1FB;0.0;0.82;0.88;0.01;0.0;4.0;4.0;7.0;12.0;1554.0;62.0;1462.0;1612;1488.0
4773;180.0;C069400D;0731C1FB;0.0;1.08;1.16;0.01;0.0;3.0;4.0;5.0;55.0;1248.0;62.0;1462.0;1609;1488.0
4772;180.0;C7FA436D;0731C1FB;0.0;1.17;1.26;0.01;0.0;2.0;4.0;14.0;59.0;965.0;62.0;1462.0;1604;1488.0
4771;180.0;347EC14A;0731C1FB;0.0;0.81;0.87;0.01;0.0;1.0;4.0;8.0;23.0;1185.0;62.0;1462.0;1623;1488.0
4770;180.0;E39766AF;0731C1FB;0.0;1.02;1.1;0.01;0.0;6.0;6.0;2.0;30.0;1178.0;62.0;1462.0;1608;1488.0
4769;180.0;E55EEAA6;0731C1FB;0.0;0.92;0.99;0.01;0.0;5.0;6.0;7.0;11.0;1243.0;62.0;1462.0;1610;1488.0
4768;180.0;F7761CD2;0731C1FB;0.0;1.11;1.19;0.01;0.0;4.0;6.0;5.0;54.0;941.0;62.0;1462.0;1608;1488.0
4767;180.0;86DB21B4;0731C1FB;0.0;0.94;1.01;0.01;0.0;3.0;6.0;14.0;58.0;671.0;62.0;1462.0;1613;1488.0
4766;180.0;36880742;0731C1FB;0.0;0.91;0.98;0.01;0.0;2.0;6.0;8.0;22.0;889.0;62.0;1462.0;1610;1488.0
4765;180.0;556AC8FA;0731C1FB;0.0;0.9;0.97;0.01;0.0;1.0;6.0;2.0;29.0;881.0;62.0;1462.0;1615;1488.0
4764;180.0;D7A7C866;07025389;0.02;0.33;0.36;0.01;0.02;2.0;2.0;7.0;10.0;947.0;46.0;1497.0;1654;1537.0
4763;180.0;964F6446;07025389;0.02;0.24;0.27;0.01;0.01;1.0;2.0;5.0;53.0;653.0;46.0;1497.0;1669;1537.0
4762;180.0;CF01C8DB;07025389;0.02;0.33;0.36;0.01;0.02;3.0;3.0;14.0;57.0;303.0;46.0;1497.0;1656;1537.0
4761;180.0;DA18B68C;07025389;0.02;0.31;0.34;0.01;0.02;2.0;5.0;8.0;21.0;514.0;46.0;1497.0;1654;1537.0
4760;180.0;FBD89133;07025389;0.02;0.34;0.37;0.01;0.02;1.0;5.0;2.0;28.0;521.0;46.0;1497.0;1664;1537.0
4759;180.0;9A49C0FF;96956A01;0.02;0.18;0.2;0.01;0.02;1.0;1.0;7.0;9.0;591.0;46.0;1500.0;1672;1540.0
4758;180.0;9F66FE4A;07025389;0.02;0.29;0.32;0.01;0.02;2.0;7.0;5.0;52.0;263.0;46.0;1497.0;1661;1537.0
4757;180.0;83B67FEC;07025389;0.02;0.24;0.27;0.01;0.01;1.0;7.0;14.0;56.0;0.0;46.0;1497.0;1686;1537.0
4756;180.0;28DFB495;392BEDA4;0.01;0.17;0.19;0.01;0.02;6.0;6.0;8.0;20.0;228.0;46.0;1504.0;1658;1544.0
4755;180.0;A237887C;163D1351;0.02;0.2;0.22;0.0;0.02;5.0;6.0;2.0;27.0;231.0;51.0;1503.0;1666;1548.0
4754;180.0;72EF5A1C;163D1351;0.02;0.18;0.2;0.0;0.02;4.0;6.0;7.0;8.0;300.0;51.0;1503.0;1670;1548.0
4753;180.0;D8A9FE0E;6E5EEB11;0.02;0.26;0.29;0.0;0.02;3.0;6.0;5.0;51.0;0.0;46.0;1503.0;1671;1543.0
4752;180.0;9A130B83;A201F563;0.02;0.18;0.23;0.01;0.0;2.0;6.0;8.0;19.0;0.0;46.0;1504.0;1686;1544.0
4751;180.0;06E8238E;A201F563;0.01;0.16;0.21;0.01;0.0;1.0;6.0;2.0;26.0;0.0;51.0;1504.0;1694;1544.0
4750;180.0;7EC896E3;7732F1AA;0.02;0.19;0.22;0.01;0.03;1.0;1.0;7.0;7.0;0.0;46.0;1500.0;1703;1540.0
4749;90.0;54B001BC;9C0993CD;0.02;0.41;0.45;0.0;0.01;10.0;10.0;14.0;55.0;3190.0;51.0;1480.0;1645;1530.0
4748;90.0;8FB20B59;9C0993CD;0.02;0.4;0.44;0.0;0.01;9.0;10.0;8.0;18.0;5249.0;51.0;1480.0;1635;1530.0
4747;90.0;8DB5392E;9C0993CD;0.02;0.41;0.44;0.0;0.01;8.0;10.0;5.0;50.0;4126.0;51.0;1480.0;1637;1530.0
4746;90.0;6A8459EA;9C0993CD;0.02;0.5;0.55;0.0;0.02;7.0;10.0;2.0;25.0;7314.0;51.0;1480.0;1637;1530.0
4745;90.0;28A141D1;9C0993CD;0.02;0.51;0.55;0.0;0.02;6.0;10.0;7.0;6.0;1444.0;51.0;1480.0;1638;1530.0
4744;90.0;3066E4AD;DAF26177;0.0;0.37;0.4;0.0;0.01;5.0;10.0;14.0;54.0;2902.0;34.0;1480.0;1620;1525.0
4743;90.0;35677C25;DAF26177;0.01;0.57;0.62;0.0;0.02;4.0;10.0;8.0;17.0;4992.0;34.0;1480.0;1618;1525.0
4742;90.0;3283A59A;DAF26177;0.01;0.57;0.62;0.0;0.02;3.0;10.0;5.0;49.0;3869.0;34.0;1480.0;1620;1525.0
4741;90.0;DB3E9AC8;DAF26177;0.01;0.51;0.55;0.0;0.02;2.0;10.0;2.0;24.0;7057.0;34.0;1480.0;1618;1525.0
4740;90.0;1B7A1EC7;DAF26177;0.0;0.44;0.48;0.0;0.01;1.0;10.0;7.0;5.0;1186.0;34.0;1480.0;1636;1525.0
4739;90.0;D8A4EE83;9C0993CD;0.02;0.49;0.53;0.0;0.02;8.0;8.0;14.0;53.0;2639.0;34.0;1480.0;1637;1530.0
4738;90.0;AB86A6B4;9C0993CD;0.03;0.55;0.6;0.0;0.02;7.0;9.0;8.0;16.0;4729.0;46.0;1480.0;1632;1530.0
4737;90.0;E3B8ABEF;9C0993CD;0.02;0.45;0.5;0.0;0.02;6.0;9.0;5.0;48.0;3587.0;51.0;1480.0;1644;1530.0
4736;90.0;2E806851;9C0993CD;0.02;0.44;0.48;0.0;0.02;5.0;9.0;2.0;23.0;6769.0;51.0;1480.0;1639;1530.0
4735;90.0;AB4545A1;9C0993CD;0.02;0.46;0.5;0.0;0.02;4.0;9.0;7.0;4.0;894.0;51.0;1480.0;1648;1530.0
4734;90.0;3CB6F496;9C0993CD;0.02;0.46;0.5;0.0;0.02;3.0;9.0;14.0;52.0;2343.0;51.0;1480.0;1635;1530.0
4733;90.0;703F3F93;656E5837;0.02;0.46;0.51;0.0;0.02;2.0;9.0;8.0;15.0;4426.0;34.0;1486.0;1632;1531.0
4732;90.0;D8CEBFE0;656E5837;0.02;0.42;0.46;0.0;0.02;1.0;9.0;5.0;47.0;3305.0;18.0;1486.0;1642;1531.0
4731;90.0;8384E5E9;F54A26DB;0.02;0.47;0.51;0.0;0.0;5.0;5.0;2.0;22.0;6489.0;34.0;1488.0;1650;1533.0
4730;90.0;139078FB;59D14704;0.01;0.46;0.5;0.0;0.01;4.0;5.0;7.0;3.0;617.0;34.0;1487.0;1662;1537.0
4729;90.0;27D82ECD;59D14704;0.01;0.49;0.53;0.0;0.01;3.0;5.0;14.0;51.0;2063.0;34.0;1487.0;1644;1537.0
4728;90.0;FBD9731F;59D14704;0.02;0.54;0.58;0.0;0.01;2.0;5.0;8.0;14.0;4121.0;34.0;1487.0;1646;1537.0
4727;90.0;7A1E1EB2;59D14704;0.01;0.42;0.45;0.0;0.01;1.0;5.0;5.0;46.0;2985.0;44.0;1487.0;1657;1537.0
4726;90.0;E920B0A2;59D14704;0.02;0.53;0.57;0.0;0.01;8.0;8.0;2.0;21.0;6166.0;34.0;1487.0;1653;1537.0
4725;90.0;2D52CF7A;59D14704;0.02;0.62;0.67;0.0;0.01;7.0;8.0;7.0;2.0;288.0;34.0;1487.0;1657;1537.0
4724;90.0;3592EAE8;59D14704;0.01;0.44;0.48;0.0;0.01;6.0;8.0;14.0;50.0;1735.0;34.0;1487.0;1643;1537.0
4723;90.0;F37D7262;59D14704;0.01;0.45;0.48;0.0;0.01;5.0;8.0;8.0;13.0;3816.0;34.0;1487.0;1652;1537.0
4722;90.0;603FD87F;59D14704;0.02;0.63;0.68;0.0;0.01;4.0;8.0;5.0;45.0;2691.0;34.0;1487.0;1644;1537.0
4721;90.0;6B3E48DB;59D14704;0.01;0.47;0.51;0.0;0.01;3.0;8.0;2.0;20.0;5872.0;34.0;1487.0;1648;1537.0
4720;90.0;C6D0E5E5;59D14704;0.02;0.61;0.66;0.0;0.01;2.0;8.0;7.0;1.0;0.0;34.0;1487.0;1663;1537.0
4719;90.0;877CF394;59D14704;0.02;0.61;0.65;0.0;0.01;1.0;8.0;14.0;49.0;1455.0;44.0;1487.0;1660;1537.0
4718;90.0;E77F1BDA;3BA0D398;0.0;0.46;0.5;0.0;0.04;9.0;9.0;8.0;12.0;3493.0;18.0;1488.0;1631;1533.0
4717;90.0;FBD89133;3BA0D398;0.0;0.47;0.52;0.0;0.04;8.0;9.0;5.0;44.0;2365.0;23.0;1488.0;1634;1533.0
4716;90.0;5A67F782;263123F2;0.0;0.46;0.48;0.0;0.02;7.0;9.0;2.0;19.0;5541.0;34.0;1480.0;1640;1525.0
4715;90.0;82184552;7BF6FBDF;0.01;0.41;0.43;0.0;0.01;6.0;9.0;14.0;48.0;1168.0;34.0;1482.0;1649;1537.0
4714;90.0;575F2849;7BF6FBDF;0.01;0.4;0.43;0.0;0.01;5.0;9.0;3.0;63.0;1198.0;34.0;1482.0;1646;1537.0
4713;90.0;4ECDEBF0;7BF6FBDF;0.02;0.55;0.59;0.0;0.01;4.0;9.0;8.0;11.0;3190.0;34.0;1482.0;1647;1537.0
4712;90.0;968994CB;7BF6FBDF;0.02;0.47;0.5;0.0;0.01;3.0;9.0;5.0;43.0;2062.0;34.0;1482.0;1642;1537.0
4711;90.0;CEB1F5FE;7BF6FBDF;0.02;0.46;0.49;0.0;0.01;2.0;9.0;2.0;18.0;5239.0;34.0;1482.0;1637;1537.0
4710;90.0;D96FEBC9;7BF6FBDF;0.01;0.42;0.45;0.0;0.01;1.0;9.0;14.0;47.0;869.0;34.0;1482.0;1663;1537.0
4709;90.0;036ECD7F;76884E9D;0.0;0.78;0.82;0.01;0.07;5.0;5.0;3.0;62.0;894.0;34.0;1474.0;1616;1509.0
4708;90.0;970459EF;76884E9D;0.0;0.74;0.78;0.01;0.06;4.0;5.0;8.0;10.0;2884.0;34.0;1474.0;1611;1509.0
4707;90.0;74169200;76884E9D;0.0;0.82;0.87;0.01;0.07;3.0;5.0;5.0;42.0;1762.0;34.0;1474.0;1619;1509.0
4706;90.0;64C94AED;43608E5D;0.01;0.53;0.56;0.0;0.06;2.0;5.0;2.0;17.0;4949.0;18.0;1485.0;1634;1535.0
4705;90.0;AA00A957;43608E5D;0.01;0.59;0.61;0.0;0.07;1.0;5.0;14.0;46.0;585.0;18.0;1485.0;1638;1535.0
4704;90.0;D52280F5;87C78AB7;0.0;0.42;0.49;0.0;0.0;5.0;5.0;3.0;61.0;616.0;34.0;1480.0;1620;1525.0
4703;90.0;DA5B32DF;87C78AB7;0.01;0.49;0.57;0.0;0.0;4.0;5.0;8.0;9.0;2606.0;34.0;1480.0;1617;1525.0
4702;90.0;0E276B98;B5D5B9CA;0.01;0.41;0.45;0.0;0.02;3.0;5.0;5.0;41.0;1478.0;34.0;1480.0;1630;1525.0
4701;90.0;7030F7CA;B5D5B9CA;0.01;0.55;0.61;0.0;0.02;2.0;5.0;2.0;16.0;4661.0;34.0;1480.0;1617;1525.0
4700;90.0;DD7EC5E9;12A9E163;0.01;0.39;0.41;0.0;0.02;1.0;5.0;14.0;45.0;292.0;18.0;1476.0;1639;1521.0
4699;90.0;9B7201E9;46F56B8C;0.01;0.42;0.45;0.01;0.03;6.0;6.0;3.0;60.0;320.0;34.0;1480.0;1643;1535.0
4698;90.0;377E4ADD;46F56B8C;0.0;0.3;0.32;0.01;0.02;5.0;6.0;8.0;8.0;2314.0;34.0;1480.0;1641;1535.0
4697;90.0;EE583BD4;46F56B8C;0.01;0.4;0.43;0.01;0.03;4.0;6.0;5.0;40.0;1181.0;18.0;1480.0;1637;1535.0
4696;90.0;82FA9DDF;00FFEE90;0.01;0.36;0.39;0.01;0.02;3.0;6.0;2.0;15.0;4365.0;18.0;1489.0;1638;1534.0
4695;90.0;254A0190;0A8B5BDF;0.01;0.38;0.41;0.01;0.02;2.0;6.0;14.0;44.0;0.0;41.0;1481.0;1683;1536.0
4694;90.0;F566D17D;0A8B5BDF;0.01;0.41;0.45;0.01;0.02;1.0;6.0;3.0;59.0;0.0;41.0;1481.0;1678;1536.0
4693;90.0;3D9D419B;0A8B5BDF;0.01;0.44;0.48;0.01;0.02;3.0;3.0;8.0;7.0;1734.0;41.0;1481.0;1665;1536.0
4692;90.0;E35F7032;0C12C54A;0.0;0.51;0.55;0.02;0.06;7.0;7.0;5.0;39.0;602.0;46.0;1472.0;1629;1517.0
4691;90.0;F0A09B9A;0C12C54A;0.0;0.42;0.45;0.02;0.05;6.0;7.0;2.0;14.0;3783.0;46.0;1472.0;1625;1517.0
4690;90.0;69017C5B;B44BA138;0.01;0.43;0.46;0.01;0.06;5.0;7.0;14.0;43.0;4978.0;34.0;1482.0;1666;1542.0
4689;90.0;FB593777;B44BA138;0.01;0.35;0.37;0.01;0.04;4.0;7.0;3.0;58.0;885.0;34.0;1482.0;1662;1542.0
4688;90.0;1FE625BD;60EFAC81;0.01;0.32;0.35;0.01;0.04;3.0;7.0;8.0;6.0;1440.0;34.0;1480.0;1655;1540.0
4687;90.0;FA56DE80;60EFAC81;0.01;0.38;0.41;0.02;0.04;2.0;7.0;5.0;38.0;302.0;34.0;1480.0;1653;1540.0
4686;90.0;67155FEA;48A7AB1A;0.01;0.31;0.33;0.0;0.02;1.0;7.0;2.0;13.0;3485.0;34.0;1486.0;1666;1531.0
4685;90.0;B4E661FF;F1291CB0;0.02;0.21;0.23;0.01;0.02;4.0;4.0;14.0;42.0;4679.0;55.0;1506.0;1676;1551.0
4684;90.0;46B8B747;F1291CB0;0.03;0.24;0.27;0.01;0.03;3.0;4.0;3.0;57.0;577.0;55.0;1506.0;1674;1551.0
4683;90.0;4BF7019E;F1291CB0;0.03;0.24;0.26;0.01;0.03;2.0;4.0;8.0;5.0;1128.0;55.0;1506.0;1670;1551.0
4682;90.0;39B33A46;96E8463B;0.01;0.17;0.19;0.01;0.02;1.0;4.0;5.0;37.0;0.0;41.0;1503.0;1694;1543.0
4681;90.0;3D7FB240;CC18C404;0.02;0.18;0.2;0.01;0.02;7.0;7.0;2.0;12.0;3186.0;41.0;1506.0;1658;1551.0
4680;90.0;F14BB750;CC18C404;0.02;0.23;0.25;0.01;0.02;6.0;7.0;14.0;41.0;4377.0;41.0;1506.0;1664;1551.0
4679;90.0;B17386EA;CC18C404;0.02;0.19;0.21;0.01;0.02;5.0;7.0;3.0;56.0;279.0;41.0;1506.0;1662;1551.0
4678;90.0;6313F27B;CC18C404;0.02;0.25;0.27;0.01;0.02;4.0;7.0;8.0;4.0;835.0;41.0;1506.0;1663;1551.0
4677;90.0;CAD800DC;CC18C404;0.03;0.26;0.28;0.01;0.03;3.0;7.0;1.0;67.0;4374.0;41.0;1506.0;1665;1551.0
4676;90.0;CE296ADB;F2951EE4;0.01;0.25;0.28;0.01;0.02;2.0;7.0;2.0;11.0;2895.0;34.0;1496.0;1641;1536.0
4675;90.0;42501D54;0D082BA3;0.01;0.32;0.36;0.01;0.03;1.0;7.0;14.0;40.0;4093.0;34.0;1498.0;1666;1538.0
4674;90.0;C4961586;D90699DC;0.03;0.38;0.41;0.01;0.03;6.0;6.0;3.0;55.0;0.0;39.0;1495.0;1664;1545.0
4673;90.0;34215B17;D90699DC;0.02;0.33;0.36;0.01;0.02;5.0;6.0;8.0;3.0;561.0;39.0;1495.0;1663;1545.0
4672;90.0;8F9C21F4;D90699DC;0.02;0.25;0.28;0.01;0.02;4.0;6.0;1.0;66.0;4097.0;39.0;1495.0;1654;1545.0
4671;90.0;07B1DEFA;D90699DC;0.02;0.35;0.39;0.01;0.02;3.0;6.0;2.0;10.0;2621.0;39.0;1495.0;1658;1545.0
4670;90.0;B8D14FE6;D90699DC;0.02;0.36;0.4;0.01;0.02;2.0;6.0;14.0;39.0;3812.0;39.0;1495.0;1660;1545.0
4669;90.0;416FA661;D90699DC;0.02;0.33;0.37;0.01;0.02;1.0;6.0;5.0;36.0;0.0;39.0;1495.0;1683;1545.0
4668;90.0;8EA3C0A5;4AC24E4B;0.02;0.2;0.22;0.01;0.01;7.0;7.0;8.0;2.0;276.0;41.0;1501.0;1671;1541.0
4667;90.0;AFED4F1D;4AC24E4B;0.03;0.28;0.32;0.01;0.02;6.0;7.0;1.0;65.0;3815.0;41.0;1501.0;1651;1541.0
4666;90.0;9193C049;44661CD0;0.02;0.14;0.16;0.01;0.02;5.0;7.0;2.0;9.0;2339.0;32.0;1506.0;1661;1551.0
4665;90.0;A50CB92C;44661CD0;0.02;0.21;0.23;0.01;0.02;4.0;7.0;14.0;38.0;3534.0;32.0;1506.0;1663;1551.0
4664;90.0;913097BC;44661CD0;0.02;0.19;0.21;0.01;0.02;3.0;7.0;3.0;54.0;3592.0;32.0;1506.0;1660;1551.0
4663;90.0;845ACDB7;44661CD0;0.02;0.2;0.23;0.01;0.02;2.0;7.0;8.0;1.0;0.0;32.0;1506.0;1685;1551.0
4662;90.0;6B9A4597;E9545D44;0.02;0.16;0.17;0.01;0.01;1.0;7.0;1.0;64.0;3530.0;51.0;1506.0;1700;1551.0
4661;90.0;33220A93;6466E4EB;0.03;0.24;0.29;0.01;0.02;8.0;8.0;2.0;8.0;1984.0;34.0;1505.0;1660;1550.0
4660;90.0;6A82F847;6466E4EB;0.03;0.22;0.27;0.01;0.02;7.0;8.0;14.0;37.0;3173.0;34.0;1505.0;1651;1550.0
4659;90.0;3F7ED0D1;493EAF60;0.01;0.38;0.4;0.0;0.01;6.0;8.0;5.0;35.0;3340.0;41.0;1486.0;1644;1531.0
4658;90.0;FC8C23B4;67470249;0.01;0.49;0.56;0.0;0.03;5.0;8.0;3.0;53.0;3173.0;34.0;1486.0;1636;1531.0
4657;90.0;5CC4D2B9;67470249;0.01;0.49;0.55;0.0;0.03;4.0;8.0;1.0;63.0;3172.0;34.0;1486.0;1635;1531.0
4656;90.0;75BF7C64;67470249;0.01;0.36;0.4;0.0;0.02;3.0;8.0;2.0;7.0;1693.0;34.0;1486.0;1634;1531.0
4655;90.0;BEBE1AC9;E25D9AF5;0.01;0.39;0.41;0.0;0.02;2.0;8.0;14.0;36.0;2888.0;34.0;1486.0;1635;1531.0
4654;90.0;39196312;2BA96869;0.01;0.42;0.45;0.0;0.02;1.0;8.0;5.0;34.0;3064.0;34.0;1486.0;1656;1531.0
4653;90.0;4C67A291;22C5A4BE;0.03;0.19;0.23;0.01;0.0;8.0;8.0;3.0;52.0;2903.0;18.0;1511.0;1648;1552.0
4652;90.0;84D05225;B4E0CC84;0.02;0.21;0.24;0.01;0.02;7.0;8.0;1.0;62.0;2908.0;34.0;1507.0;1660;1552.0
4651;90.0;D166EF37;BFEB6EA0;0.02;0.37;0.42;0.0;0.02;6.0;8.0;2.0;6.0;1417.0;34.0;1483.0;1646;1538.0
4650;90.0;99FFA20D;BFEB6EA0;0.02;0.49;0.55;0.0;0.02;5.0;8.0;5.0;33.0;2848.0;34.0;1483.0;1643;1538.0
4649;90.0;EA32ADD2;BFEB6EA0;0.02;0.33;0.37;0.0;0.02;4.0;8.0;14.0;35.0;2562.0;34.0;1483.0;1640;1538.0
4648;90.0;1852F753;BFEB6EA0;0.02;0.46;0.51;0.0;0.02;3.0;8.0;3.0;51.0;2624.0;39.0;1483.0;1641;1538.0
4647;90.0;B5BF314A;BFEB6EA0;0.03;0.51;0.58;0.0;0.03;2.0;8.0;1.0;61.0;2624.0;39.0;1483.0;1648;1538.0
4646;90.0;F1F55687;BFEB6EA0;0.03;0.51;0.57;0.0;0.03;1.0;8.0;2.0;5.0;1146.0;41.0;1483.0;1666;1538.0
4645;90.0;E5E888A3;A68D5105;0.03;0.19;0.21;0.01;0.02;8.0;8.0;5.0;32.0;2569.0;34.0;1502.0;1666;1552.0
4644;90.0;9DF40DF1;92B3EDD4;0.02;0.21;0.27;0.01;0.01;7.0;8.0;14.0;34.0;2284.0;39.0;1502.0;1657;1547.0
4643;90.0;EBA6AEFB;92B3EDD4;0.02;0.14;0.18;0.01;0.01;6.0;8.0;3.0;50.0;2348.0;39.0;1502.0;1659;1547.0
4642;90.0;5E328A91;9DBCC3D3;0.02;0.18;0.2;0.0;0.02;5.0;8.0;1.0;60.0;2346.0;39.0;1502.0;1665;1552.0
4641;90.0;48C23D62;9DBCC3D3;0.02;0.24;0.27;0.0;0.02;4.0;8.0;2.0;4.0;878.0;39.0;1502.0;1660;1552.0
4640;90.0;0735F259;60B76B26;0.02;0.15;0.18;0.01;0.02;3.0;8.0;5.0;31.0;2300.0;34.0;1504.0;1658;1544.0
4639;90.0;0FEEC9B7;60B76B26;0.02;0.18;0.21;0.01;0.02;2.0;8.0;14.0;33.0;2019.0;34.0;1504.0;1646;1544.0
4638;90.0;B1555DE5;60B76B26;0.02;0.14;0.17;0.01;0.02;1.0;8.0;3.0;49.0;2078.0;34.0;1504.0;1665;1544.0
4637;90.0;26FBA98F;71A937D5;0.01;0.33;0.37;0.0;0.02;6.0;6.0;1.0;59.0;2076.0;34.0;1487.0;1645;1542.0
4636;90.0;0608E66B;71A937D5;0.02;0.51;0.57;0.0;0.03;5.0;6.0;2.0;3.0;578.0;34.0;1487.0;1652;1542.0
4635;90.0;17B05EB5;71A937D5;0.02;0.47;0.53;0.0;0.02;4.0;6.0;5.0;30.0;2001.0;34.0;1487.0;1647;1542.0
4634;90.0;2E12F21A;71A937D5;0.02;0.49;0.55;0.0;0.02;3.0;6.0;14.0;32.0;1708.0;34.0;1487.0;1643;1542.0
4633;90.0;2D9F3578;71A937D5;0.02;0.48;0.54;0.0;0.02;2.0;6.0;3.0;48.0;1770.0;34.0;1487.0;1645;1542.0
4632;90.0;8EF45554;71A937D5;0.02;0.49;0.55;0.0;0.02;1.0;6.0;1.0;58.0;1770.0;34.0;1487.0;1664;1542.0
4631;90.0;2FD44681;71A937D5;0.01;0.37;0.41;0.0;0.02;6.0;6.0;2.0;2.0;297.0;34.0;1487.0;1658;1542.0
4630;90.0;3E28CC9A;71A937D5;0.02;0.44;0.49;0.0;0.02;5.0;6.0;5.0;29.0;1720.0;34.0;1487.0;1647;1542.0
4629;90.0;EC15C362;71A937D5;0.01;0.4;0.45;0.0;0.02;4.0;6.0;14.0;31.0;1437.0;34.0;1487.0;1647;1542.0
4628;90.0;A2C3FAEE;71A937D5;0.01;0.38;0.43;0.0;0.02;3.0;6.0;3.0;47.0;1492.0;34.0;1487.0;1643;1542.0
4627;90.0;E0F2095C;71A937D5;0.02;0.49;0.55;0.0;0.02;2.0;6.0;1.0;57.0;1482.0;34.0;1487.0;1645;1542.0
4626;90.0;57AB904A;71A937D5;0.01;0.33;0.37;0.0;0.02;1.0;6.0;2.0;1.0;0.0;34.0;1487.0;1692;1542.0
4625;90.0;B872AE3B;C1BE9DD8;0.02;0.14;0.16;0.01;0.02;9.0;9.0;5.0;28.0;1423.0;34.0;1507.0;1664;1551.0
4624;90.0;EECF03DB;D927D5F2;0.02;0.17;0.19;0.01;0.02;8.0;9.0;14.0;30.0;1130.0;32.0;1507.0;1665;1551.0
4623;90.0;CF2E2794;D927D5F2;0.02;0.16;0.18;0.01;0.02;7.0;9.0;4.0;58.0;3144.0;32.0;1507.0;1657;1551.0
4622;90.0;804801AB;D927D5F2;0.02;0.17;0.2;0.01;0.02;6.0;9.0;3.0;46.0;1134.0;32.0;1507.0;1667;1551.0
4621;90.0;83CE69E1;D927D5F2;0.02;0.18;0.21;0.01;0.02;5.0;9.0;1.0;56.0;1131.0;32.0;1507.0;1662;1551.0
4620;90.0;E39766AF;D927D5F2;0.02;0.16;0.19;0.01;0.02;4.0;9.0;5.0;27.0;1131.0;32.0;1507.0;1675;1551.0
4619;90.0;27D82ECD;D927D5F2;0.02;0.15;0.16;0.01;0.02;3.0;9.0;14.0;29.0;843.0;32.0;1507.0;1667;1551.0
4618;90.0;4A990DA9;D927D5F2;0.02;0.13;0.15;0.01;0.02;2.0;9.0;4.0;57.0;2846.0;32.0;1507.0;1671;1551.0
4617;90.0;BF72FA8E;D927D5F2;0.02;0.19;0.21;0.01;0.02;1.0;9.0;3.0;45.0;842.0;34.0;1507.0;1690;1551.0
4616;90.0;A5F8521C;7D015357;0.02;0.17;0.2;0.01;0.01;8.0;8.0;1.0;55.0;843.0;46.0;1506.0;1668;1551.0
4615;90.0;0FEEC9B7;7D015357;0.02;0.16;0.18;0.01;0.01;7.0;8.0;5.0;26.0;833.0;46.0;1506.0;1665;1551.0
4614;90.0;B729A2D3;7D015357;0.02;0.17;0.2;0.01;0.01;6.0;8.0;14.0;28.0;545.0;46.0;1506.0;1679;1551.0
4613;90.0;41DD8570;7D015357;0.02;0.17;0.19;0.01;0.01;5.0;8.0;4.0;56.0;2565.0;46.0;1506.0;1673;1551.0
4612;90.0;E044D9B9;7D015357;0.02;0.16;0.18;0.01;0.01;4.0;7.0;3.0;44.0;553.0;46.0;1506.0;1676;1551.0
4611;90.0;83CE69E1;7D015357;0.02;0.2;0.22;0.01;0.01;3.0;7.0;1.0;54.0;560.0;46.0;1506.0;1676;1551.0
4610;90.0;C2FBC681;7D015357;0.02;0.17;0.19;0.01;0.01;2.0;7.0;5.0;25.0;569.0;46.0;1506.0;1670;1551.0
4609;90.0;30ECABC6;7D015357;0.02;0.14;0.16;0.01;0.01;1.0;7.0;14.0;27.0;291.0;53.0;1506.0;1682;1551.0
4608;90.0;F5D1DD36;DAF26177;0.01;0.52;0.57;0.0;0.02;9.0;9.0;4.0;55.0;2297.0;34.0;1480.0;1618;1525.0
4607;90.0;A258C1D5;DAF26177;0.0;0.38;0.41;0.0;0.01;8.0;9.0;3.0;43.0;273.0;34.0;1480.0;1626;1525.0
4606;90.0;61970B13;DAF26177;0.01;0.6;0.65;0.0;0.02;7.0;9.0;1.0;53.0;277.0;34.0;1480.0;1618;1525.0
4605;90.0;77A10942;DAF26177;0.01;0.48;0.52;0.0;0.02;6.0;9.0;5.0;24.0;277.0;34.0;1480.0;1618;1525.0
4604;90.0;329B06F3;DAF26177;0.01;0.57;0.61;0.0;0.02;5.0;9.0;14.0;26.0;0.0;34.0;1480.0;1639;1525.0
4603;90.0;C294C727;DAF26177;0.0;0.39;0.43;0.0;0.01;4.0;9.0;4.0;54.0;2010.0;34.0;1480.0;1624;1525.0
4602;90.0;826C0AB3;D6C5A3D0;0.03;0.23;0.25;0.0;0.02;3.0;9.0;3.0;42.0;0.0;46.0;1501.0;1672;1546.0
4601;90.0;F2C105B8;D6C5A3D0;0.02;0.19;0.22;0.0;0.02;2.0;9.0;1.0;52.0;0.0;34.0;1501.0;1670;1546.0
4600;90.0;E5E888A3;7320E76A;0.02;0.45;0.48;0.0;0.02;1.0;9.0;5.0;23.0;0.0;18.0;1481.0;1660;1536.0
4599;180.0;24686EA8;2757A61E;0.01;0.62;0.67;0.01;0.0;2.0;2.0;4.0;53.0;1566.0;57.0;1486.0;1702;1541.0
4598;180.0;53DDFFBC;2757A61E;0.01;0.55;0.59;0.01;0.0;1.0;2.0;14.0;25.0;1438.0;57.0;1486.0;1696;1541.0
4597;180.0;9E2FE634;2757A61E;0.0;0.53;0.56;0.01;0.0;3.0;3.0;3.0;41.0;1503.0;57.0;1486.0;1707;1541.0
4596;180.0;2F25E220;2757A61E;0.01;0.6;0.64;0.01;0.0;2.0;3.0;1.0;51.0;980.0;57.0;1486.0;1704;1541.0
4595;180.0;40A25110;2757A61E;0.0;0.46;0.49;0.01;0.0;1.0;3.0;5.0;22.0;1189.0;57.0;1486.0;1713;1541.0
4594;180.0;1A6E2BCA;2757A61E;0.01;0.59;0.63;0.01;0.0;3.0;3.0;4.0;52.0;1244.0;57.0;1486.0;1698;1541.0
4593;180.0;30ED6B5C;2757A61E;0.01;0.71;0.76;0.01;0.0;2.0;3.0;14.0;24.0;1062.0;57.0;1486.0;1708;1541.0
4592;180.0;291BCCC4;2757A61E;0.0;0.53;0.57;0.01;0.0;2.0;3.0;3.0;40.0;1122.0;57.0;1486.0;1710;1541.0
4591;180.0;4125799C;2757A61E;0.01;0.6;0.65;0.01;0.0;1.0;3.0;1.0;50.0;607.0;57.0;1486.0;1706;1541.0
4590;180.0;F96AC869;E1B28665;0.01;0.43;0.47;0.0;0.01;5.0;5.0;5.0;21.0;825.0;46.0;1492.0;1674;1547.0
4589;180.0;AC59C35F;E1B28665;0.01;0.37;0.41;0.0;0.01;4.0;5.0;4.0;51.0;895.0;46.0;1492.0;1666;1547.0
4588;180.0;3DFE1492;E1B28665;0.01;0.45;0.48;0.0;0.01;3.0;5.0;14.0;23.0;758.0;46.0;1492.0;1681;1547.0
4587;180.0;9A714A75;E1B28665;0.01;0.44;0.48;0.0;0.01;2.0;5.0;3.0;39.0;830.0;46.0;1492.0;1671;1547.0
4586;180.0;E88BC567;E1B28665;0.0;0.33;0.35;0.0;0.01;1.0;5.0;1.0;49.0;306.0;57.0;1492.0;1679;1547.0
4585;180.0;0ED31302;E1B28665;0.01;0.4;0.43;0.0;0.01;5.0;5.0;5.0;20.0;525.0;46.0;1492.0;1665;1547.0
4584;180.0;AAF25D51;E1B28665;0.0;0.33;0.35;0.0;0.01;4.0;5.0;14.0;22.0;529.0;46.0;1492.0;1664;1547.0
4583;180.0;A258C1D5;E1B28665;0.0;0.3;0.32;0.0;0.01;3.0;5.0;4.0;50.0;525.0;46.0;1492.0;1672;1547.0
4582;180.0;8F5C8067;E1B28665;0.01;0.36;0.39;0.0;0.01;2.0;5.0;3.0;38.0;524.0;46.0;1492.0;1663;1547.0
4581;180.0;808CFF28;E1B28665;0.0;0.32;0.34;0.0;0.01;1.0;5.0;1.0;48.0;0.0;57.0;1492.0;1700;1547.0
4580;180.0;F1AE2855;140FBCCD;0.01;0.26;0.31;0.0;0.0;1.0;1.0;5.0;19.0;217.0;46.0;1494.0;1666;1534.0
4579;180.0;77A42771;703CB22C;0.02;0.54;0.56;0.0;0.02;7.0;7.0;14.0;21.0;215.0;46.0;1486.0;1656;1536.0
4578;180.0;EE0CBAF4;703CB22C;0.02;0.47;0.49;0.0;0.02;6.0;7.0;4.0;49.0;232.0;46.0;1486.0;1645;1536.0
4577;180.0;51354B26;703CB22C;0.02;0.54;0.56;0.0;0.02;5.0;7.0;3.0;37.0;233.0;46.0;1486.0;1643;1536.0
4576;180.0;F262BDBE;87C78AB7;0.0;0.43;0.49;0.0;0.0;4.0;7.0;5.0;18.0;0.0;32.0;1480.0;1639;1525.0
4575;180.0;81DF4CD7;87C78AB7;0.0;0.36;0.42;0.0;0.0;3.0;7.0;14.0;20.0;0.0;32.0;1480.0;1642;1525.0
4574;180.0;BE33B1D0;B5D5B9CA;0.01;0.58;0.65;0.0;0.03;2.0;7.0;4.0;48.0;0.0;46.0;1480.0;1660;1520.0
4573;180.0;50A448D7;B5D5B9CA;0.01;0.47;0.52;0.0;0.02;1.0;7.0;3.0;36.0;0.0;46.0;1480.0;1670;1520.0
4572;180.0;3E7704CE;87C78AB7;0.0;0.41;0.47;0.0;0.0;4.0;4.0;1.0;47.0;5128.0;32.0;1480.0;1621;1525.0
4571;180.0;FC2E9FB6;87C78AB7;0.0;0.39;0.45;0.0;0.0;3.0;4.0;4.0;47.0;5525.0;32.0;1480.0;1620;1525.0
4570;180.0;38439490;87C78AB7;0.01;0.45;0.53;0.0;0.0;1.0;4.0;14.0;19.0;4818.0;46.0;1480.0;1647;1525.0
4569;180.0;9761FDDD;87C78AB7;0.0;0.41;0.48;0.0;0.0;3.0;10.0;5.0;17.0;4893.0;32.0;1480.0;1611;1525.0
4568;180.0;420725F1;2A8BED63;0.02;0.6;0.63;0.0;0.0;2.0;10.0;1.0;46.0;4778.0;46.0;1488.0;1643;1528.0
4567;180.0;8F4C96CD;2A8BED63;0.02;0.56;0.58;0.0;0.0;1.0;10.0;4.0;46.0;5311.0;46.0;1488.0;1659;1528.0
4566;180.0;74925B2A;D6C5A3D0;0.02;0.21;0.23;0.0;0.02;6.0;6.0;3.0;35.0;8803.0;46.0;1501.0;1668;1546.0
4565;180.0;7529DAA0;D6C5A3D0;0.02;0.19;0.21;0.0;0.02;5.0;6.0;14.0;18.0;4554.0;46.0;1501.0;1665;1546.0
4564;180.0;D5A0C086;D6C5A3D0;0.02;0.21;0.24;0.0;0.02;4.0;6.0;5.0;16.0;4623.0;46.0;1501.0;1664;1546.0
4563;180.0;5AF5C25E;656E5837;0.01;0.32;0.35;0.0;0.02;3.0;6.0;1.0;45.0;4504.0;46.0;1486.0;1654;1531.0
4562;180.0;1023513B;656E5837;0.02;0.45;0.49;0.0;0.02;2.0;6.0;4.0;45.0;5022.0;46.0;1486.0;1650;1531.0
4561;180.0;BE33B1D0;656E5837;0.02;0.49;0.54;0.0;0.03;1.0;6.0;3.0;34.0;8499.0;53.0;1486.0;1669;1531.0
4560;180.0;EC1416CF;D139AB57;0.01;0.56;0.6;0.0;0.0;8.0;8.0;14.0;17.0;4241.0;55.0;1481.0;1663;1526.0
4559;180.0;2AF83463;D139AB57;0.01;0.58;0.62;0.0;0.0;7.0;8.0;5.0;15.0;4308.0;55.0;1481.0;1656;1526.0
4558;180.0;67709FBF;D139AB57;0.01;0.47;0.51;0.0;0.0;6.0;8.0;1.0;44.0;4189.0;55.0;1481.0;1659;1526.0
4557;180.0;F4449107;D139AB57;0.01;0.58;0.62;0.0;0.0;5.0;8.0;4.0;44.0;4707.0;55.0;1481.0;1655;1526.0
4556;180.0;0908C1BD;D139AB57;0.0;0.38;0.41;0.0;0.0;4.0;8.0;3.0;33.0;8189.0;55.0;1481.0;1654;1526.0
4555;180.0;1FF03622;D139AB57;0.0;0.36;0.38;0.0;0.0;3.0;8.0;14.0;16.0;3908.0;55.0;1481.0;1656;1526.0
4554;180.0;1EDB1E27;D139AB57;0.01;0.57;0.61;0.0;0.0;2.0;8.0;5.0;14.0;3970.0;55.0;1481.0;1654;1526.0
4553;180.0;015B480C;D139AB57;0.01;0.5;0.53;0.0;0.0;1.0;8.0;1.0;43.0;3861.0;55.0;1481.0;1668;1526.0
4552;180.0;E83C6955;53FB7813;0.01;0.45;0.55;0.0;0.1;4.0;4.0;4.0;43.0;4380.0;34.0;1480.0;1634;1520.0
4551;180.0;4BF6E749;9970B431;0.0;0.33;0.4;0.01;0.07;3.0;4.0;3.0;32.0;7867.0;34.0;1480.0;1628;1525.0
4550;180.0;9193C049;9970B431;0.0;0.3;0.37;0.01;0.07;2.0;4.0;14.0;15.0;3611.0;34.0;1480.0;1621;1525.0
4549;180.0;54EF7A24;9970B431;0.0;0.35;0.43;0.01;0.08;1.0;4.0;5.0;13.0;3667.0;39.0;1480.0;1648;1525.0
4548;180.0;4C619AF9;D22BFB79;0.01;0.38;0.42;0.01;0.05;7.0;7.0;1.0;42.0;3553.0;46.0;1480.0;1654;1540.0
4547;180.0;24C1F436;D22BFB79;0.01;0.46;0.52;0.02;0.06;6.0;7.0;4.0;42.0;4082.0;46.0;1480.0;1656;1540.0
4546;180.0;BF265044;D22BFB79;0.01;0.3;0.33;0.01;0.04;5.0;7.0;3.0;31.0;7571.0;46.0;1480.0;1649;1540.0
4545;180.0;67B329F2;D22BFB79;0.01;0.41;0.46;0.01;0.06;4.0;7.0;14.0;14.0;3320.0;46.0;1480.0;1653;1540.0
4544;180.0;64071221;502F0F5B;0.01;0.55;0.59;0.02;0.07;3.0;7.0;5.0;12.0;3388.0;51.0;1470.0;1636;1515.0
4543;180.0;D0DCDC30;502F0F5B;0.01;0.5;0.54;0.02;0.06;2.0;7.0;1.0;41.0;3271.0;51.0;1470.0;1630;1515.0
4542;180.0;8C4042C4;502F0F5B;0.01;0.55;0.58;0.02;0.07;1.0;7.0;4.0;41.0;3783.0;55.0;1470.0;1649;1515.0
4541;180.0;6BFE114C;46F56B8C;0.01;0.44;0.48;0.01;0.04;7.0;7.0;3.0;30.0;7209.0;39.0;1480.0;1631;1525.0
4540;180.0;F4C9AD35;46F56B8C;0.0;0.34;0.37;0.01;0.03;6.0;7.0;14.0;13.0;2961.0;39.0;1480.0;1633;1525.0
4539;180.0;0816DA42;46F56B8C;0.01;0.44;0.48;0.01;0.04;5.0;7.0;5.0;11.0;3030.0;39.0;1480.0;1630;1525.0
4538;180.0;E9FFE06A;46F56B8C;0.01;0.4;0.43;0.01;0.03;4.0;7.0;1.0;40.0;2911.0;44.0;1480.0;1646;1525.0
4537;180.0;B21E82C2;46F56B8C;0.01;0.39;0.43;0.01;0.03;3.0;7.0;4.0;40.0;3438.0;44.0;1480.0;1643;1525.0
4536;180.0;6F12878A;46F56B8C;0.01;0.46;0.5;0.01;0.04;2.0;7.0;3.0;29.0;6914.0;44.0;1480.0;1643;1525.0
4535;180.0;8629F35E;46F56B8C;0.01;0.38;0.41;0.01;0.03;1.0;7.0;14.0;12.0;2665.0;51.0;1480.0;1658;1525.0
4534;180.0;6E99DFA2;DFB6F1D3;0.01;0.38;0.4;0.0;0.0;4.0;4.0;5.0;10.0;2727.0;51.0;1485.0;1665;1525.0
4533;180.0;3E12C196;35C7C29B;0.01;0.24;0.26;0.01;0.0;3.0;4.0;1.0;39.0;2603.0;69.0;1501.0;1704;1551.0
4532;180.0;CE5CEEDE;35C7C29B;0.01;0.23;0.25;0.01;0.0;2.0;4.0;4.0;39.0;3134.0;69.0;1501.0;1698;1551.0
4531;180.0;17E86041;35C7C29B;0.01;0.26;0.28;0.01;0.0;1.0;4.0;3.0;28.0;6622.0;69.0;1501.0;1704;1551.0
4530;180.0;3DF9D25E;F852E2F5;0.01;0.41;0.44;0.01;0.06;8.0;8.0;14.0;11.0;2372.0;55.0;1470.0;1634;1515.0
4529;180.0;5460DEA5;F852E2F5;0.01;0.49;0.52;0.02;0.07;7.0;8.0;5.0;9.0;2439.0;55.0;1470.0;1632;1515.0
4528;180.0;107C43C4;F852E2F5;0.01;0.47;0.51;0.02;0.07;6.0;8.0;1.0;38.0;2319.0;55.0;1470.0;1628;1515.0
4527;180.0;6A8459EA;F852E2F5;0.01;0.5;0.54;0.02;0.07;5.0;8.0;4.0;38.0;2842.0;55.0;1470.0;1628;1515.0
4526;180.0;8179F0B8;F852E2F5;0.01;0.49;0.52;0.02;0.07;4.0;8.0;3.0;27.0;6327.0;55.0;1470.0;1633;1515.0
4525;180.0;7A33CD5C;F852E2F5;0.01;0.43;0.46;0.02;0.06;3.0;8.0;14.0;10.0;2067.0;55.0;1470.0;1626;1515.0
4524;180.0;81661C22;F852E2F5;0.01;0.41;0.44;0.01;0.06;2.0;8.0;5.0;8.0;2127.0;55.0;1470.0;1631;1515.0
4523;180.0;7141E71B;F852E2F5;0.01;0.46;0.49;0.02;0.06;1.0;8.0;1.0;37.0;2019.0;60.0;1470.0;1655;1515.0
4522;180.0;107D4DF9;46F56B8C;0.01;0.39;0.43;0.01;0.03;6.0;6.0;4.0;37.0;2557.0;39.0;1480.0;1631;1525.0
4521;180.0;C9473E89;46F56B8C;0.0;0.33;0.35;0.01;0.03;5.0;6.0;3.0;26.0;6050.0;39.0;1480.0;1628;1525.0
4520;180.0;B22599BB;46F56B8C;0.0;0.31;0.33;0.01;0.02;4.0;6.0;14.0;9.0;1801.0;39.0;1480.0;1631;1525.0
4519;180.0;115D96CF;46F56B8C;0.01;0.48;0.52;0.01;0.04;3.0;6.0;5.0;7.0;1872.0;39.0;1480.0;1638;1525.0
4518;180.0;49B9B253;46F56B8C;0.0;0.32;0.34;0.01;0.03;2.0;6.0;4.0;36.0;2328.0;41.0;1480.0;1649;1525.0
4517;180.0;34289D8C;46F56B8C;0.01;0.43;0.47;0.01;0.04;1.0;6.0;1.0;35.0;1685.0;51.0;1480.0;1671;1525.0
4516;180.0;D8A4EE83;56FFE5DC;0.02;0.18;0.2;0.01;0.01;2.0;2.0;3.0;25.0;5758.0;39.0;1507.0;1648;1532.0
4515;180.0;52841253;56FFE5DC;0.02;0.18;0.21;0.01;0.01;1.0;2.0;14.0;8.0;1501.0;55.0;1507.0;1688;1532.0
4514;180.0;6D9B90C4;56FFE5DC;0.02;0.14;0.15;0.01;0.01;2.0;2.0;5.0;6.0;1516.0;39.0;1507.0;1651;1532.0
4513;180.0;37070AA4;56FFE5DC;0.02;0.17;0.19;0.01;0.01;1.0;4.0;4.0;35.0;1976.0;60.0;1507.0;1684;1532.0
4512;180.0;7EBFF678;E1B28665;0.01;0.44;0.48;0.0;0.01;6.0;6.0;1.0;34.0;1319.0;46.0;1492.0;1663;1547.0
4511;180.0;9B250BCD;E1B28665;0.01;0.4;0.43;0.0;0.01;5.0;6.0;3.0;24.0;5386.0;46.0;1492.0;1676;1547.0
4510;180.0;4C1E42C3;E1B28665;0.0;0.33;0.35;0.0;0.01;4.0;6.0;14.0;7.0;1137.0;46.0;1492.0;1674;1547.0
4509;180.0;147CFC9E;E1B28665;0.0;0.32;0.35;0.0;0.01;3.0;6.0;5.0;5.0;1201.0;46.0;1492.0;1678;1547.0
4508;180.0;D73755A7;E1B28665;0.0;0.31;0.33;0.0;0.01;2.0;6.0;4.0;34.0;1672.0;46.0;1492.0;1673;1547.0
4507;180.0;F74F378D;E1B28665;0.0;0.34;0.36;0.0;0.01;1.0;6.0;1.0;33.0;1022.0;57.0;1492.0;1695;1547.0
4506;180.0;2DC38018;A7996D9D;0.02;0.19;0.21;0.01;0.02;2.0;2.0;3.0;23.0;5042.0;46.0;1505.0;1673;1550.0
4505;180.0;4C241238;F1291CB0;0.02;0.23;0.25;0.01;0.02;1.0;2.0;14.0;6.0;800.0;60.0;1506.0;1689;1546.0
4504;180.0;167D3BD4;F1291CB0;0.02;0.2;0.22;0.01;0.02;4.0;6.0;5.0;4.0;878.0;55.0;1506.0;1667;1546.0
4503;180.0;1FF03622;F1291CB0;0.02;0.15;0.17;0.01;0.02;3.0;6.0;4.0;33.0;1330.0;55.0;1506.0;1674;1546.0
4502;180.0;5B89B9AC;F1291CB0;0.03;0.24;0.27;0.01;0.03;1.0;6.0;3.0;22.0;4796.0;55.0;1506.0;1693;1546.0
4501;180.0;D70E18F1;F1291CB0;0.02;0.16;0.18;0.01;0.02;1.0;6.0;1.0;31.0;609.0;55.0;1506.0;1683;1546.0
4500;180.0;4BF7019E;56FFE5DC;0.03;0.2;0.23;0.02;0.01;4.0;4.0;14.0;5.0;494.0;39.0;1507.0;1636;1532.0
4499;180.0;C4092307;56FFE5DC;0.02;0.2;0.22;0.01;0.01;3.0;4.0;5.0;3.0;566.0;39.0;1507.0;1659;1532.0
4498;180.0;BBCA4071;56FFE5DC;0.02;0.15;0.17;0.01;0.01;2.0;4.0;4.0;32.0;1043.0;39.0;1507.0;1645;1532.0
4497;180.0;60BEA8B9;56FFE5DC;0.02;0.2;0.22;0.01;0.01;1.0;4.0;3.0;21.0;4536.0;55.0;1507.0;1665;1532.0
4496;180.0;20794D2B;67470249;0.01;0.32;0.36;0.0;0.02;8.0;8.0;14.0;4.0;292.0;51.0;1486.0;1654;1526.0
4495;180.0;8903C153;25016671;0.01;0.4;0.42;0.0;0.0;7.0;8.0;1.0;30.0;294.0;46.0;1483.0;1638;1523.0
4494;180.0;16A4EE64;25016671;0.01;0.41;0.43;0.0;0.0;6.0;8.0;5.0;2.0;300.0;46.0;1483.0;1657;1523.0
4493;180.0;7F434390;25016671;0.02;0.54;0.57;0.0;0.0;5.0;8.0;4.0;31.0;760.0;46.0;1483.0;1648;1523.0
4492;180.0;1A82C935;25016671;0.02;0.47;0.49;0.0;0.0;4.0;8.0;3.0;20.0;4250.0;46.0;1483.0;1643;1523.0
4488;180.0;5542350D;93142261;0.02;0.23;0.26;0.01;0.02;2.0;2.0;4.0;30.0;0.0;46.0;1501.0;1660;1536.0
4487;180.0;D1B92178;93142261;0.02;0.26;0.3;0.01;0.02;2.0;4.0;3.0;19.0;0.0;46.0;1501.0;1656;1536.0
4486;180.0;34735093;2BA96869;0.01;0.52;0.56;0.0;0.03;1.0;5.0;1.0;27.0;383.0;46.0;1486.0;1661;1526.0
4484;180.0;5ACA4B94;2BA96869;0.01;0.4;0.43;0.0;0.02;1.0;7.0;4.0;29.0;0.0;55.0;1486.0;1677;1526.0
4483;180.0;75624935;2BA96869;0.01;0.33;0.36;0.0;0.02;2.0;8.0;3.0;17.0;2656.0;46.0;1486.0;1669;1526.0
4482;180.0;4983EA1F;2BA96869;0.01;0.47;0.5;0.0;0.02;1.0;8.0;1.0;26.0;0.0;55.0;1486.0;1690;1526.0
4481;180.0;003FF6D5;67470249;0.01;0.41;0.46;0.0;0.02;1.0;1.0;7.0;57.0;1751.0;51.0;1486.0;1660;1526.0
4480;180.0;9D9A1B5A;67470249;0.01;0.39;0.44;0.0;0.02;7.0;8.0;3.0;16.0;2275.0;51.0;1486.0;1640;1526.0
4479;180.0;A1F13510;67470249;0.01;0.31;0.35;0.0;0.02;6.0;8.0;14.0;2.0;286.0;51.0;1486.0;1650;1526.0
4478;180.0;147CFC9E;67470249;0.01;0.34;0.38;0.0;0.02;5.0;8.0;4.0;28.0;2283.0;51.0;1486.0;1650;1526.0
4477;180.0;CC360AF9;67470249;0.01;0.36;0.4;0.0;0.02;4.0;8.0;7.0;56.0;1530.0;51.0;1486.0;1645;1526.0
4476;180.0;EEC1E2C5;67470249;0.01;0.41;0.46;0.0;0.02;3.0;8.0;6.0;65.0;1990.0;51.0;1486.0;1642;1526.0
4475;180.0;498F32AD;67470249;0.01;0.49;0.56;0.0;0.03;2.0;8.0;3.0;15.0;1993.0;51.0;1486.0;1652;1526.0
4474;180.0;B003A48B;67470249;0.01;0.36;0.41;0.0;0.02;1.0;8.0;14.0;1.0;0.0;51.0;1486.0;1692;1526.0
4473;180.0;C6C15034;04751D20;0.02;0.22;0.24;0.01;0.02;3.0;3.0;4.0;27.0;1993.0;41.0;1506.0;1671;1551.0
4472;180.0;F07F2322;04751D20;0.02;0.24;0.26;0.01;0.02;2.0;3.0;6.0;64.0;1758.0;46.0;1506.0;1664;1551.0
4471;180.0;2914F515;04751D20;0.02;0.23;0.25;0.01;0.02;1.0;3.0;7.0;55.0;1192.0;51.0;1506.0;1681;1551.0
4470;180.0;C077DA79;56FFE5DC;0.03;0.2;0.23;0.02;0.01;4.0;4.0;3.0;14.0;1718.0;39.0;1507.0;1645;1532.0
4469;180.0;51C0444D;56FFE5DC;0.02;0.14;0.15;0.01;0.01;3.0;4.0;1.0;25.0;1717.0;39.0;1507.0;1644;1532.0
4468;180.0;2488B2B3;56FFE5DC;0.02;0.15;0.16;0.01;0.01;2.0;4.0;4.0;26.0;1720.0;39.0;1507.0;1659;1532.0
4467;180.0;C8251324;56FFE5DC;0.02;0.19;0.21;0.01;0.01;1.0;4.0;6.0;63.0;1474.0;55.0;1507.0;1673;1532.0
4466;180.0;19770188;27DBEE1F;0.0;0.88;0.92;0.0;0.0;6.0;6.0;7.0;54.0;906.0;62.0;1462.0;1615;1488.0
4465;180.0;D4615057;0731C1FB;0.0;1.12;1.21;0.01;0.0;5.0;6.0;3.0;13.0;1424.0;62.0;1462.0;1613;1488.0
4464;180.0;9CA2BC91;0731C1FB;0.0;0.98;1.06;0.01;0.0;4.0;6.0;1.0;24.0;1412.0;62.0;1462.0;1609;1488.0
4463;180.0;57AB904A;0731C1FB;0.0;0.76;0.82;0.0;0.0;3.0;6.0;4.0;25.0;1433.0;62.0;1462.0;1610;1488.0
4462;180.0;D60FB224;0731C1FB;0.0;0.77;0.83;0.0;0.0;2.0;6.0;6.0;62.0;1194.0;62.0;1462.0;1609;1488.0
4461;180.0;6EA5EA50;0731C1FB;0.0;0.76;0.82;0.0;0.0;1.0;6.0;7.0;53.0;617.0;62.0;1462.0;1626;1488.0
4460;180.0;1852F753;EB045A99;0.02;0.39;0.42;0.0;0.02;3.0;3.0;3.0;12.0;1140.0;46.0;1489.0;1662;1534.0
4459;180.0;B888EE36;C696558F;0.02;0.18;0.2;0.0;0.02;2.0;3.0;1.0;23.0;1132.0;46.0;1505.0;1651;1535.0
4458;180.0;833FE3F2;2374C9B3;0.02;0.14;0.16;0.01;0.02;1.0;3.0;4.0;24.0;1150.0;46.0;1502.0;1670;1542.0
4457;180.0;F8CE0FBD;92B3EDD4;0.02;0.18;0.23;0.01;0.01;2.0;2.0;6.0;61.0;869.0;46.0;1502.0;1654;1537.0
4456;180.0;40E406B1;92B3EDD4;0.02;0.14;0.18;0.01;0.01;1.0;2.0;7.0;52.0;292.0;55.0;1502.0;1659;1537.0
4455;180.0;567A381E;71A937D5;0.01;0.35;0.39;0.0;0.02;7.0;7.0;3.0;11.0;800.0;51.0;1487.0;1646;1522.0
4454;180.0;3786CA7F;71A937D5;0.01;0.39;0.44;0.0;0.02;6.0;7.0;1.0;22.0;794.0;51.0;1487.0;1642;1522.0
4453;180.0;D8CEBFE0;60B76B26;0.02;0.2;0.23;0.01;0.02;5.0;7.0;4.0;23.0;816.0;46.0;1504.0;1664;1544.0
4452;180.0;17F50FE3;60B76B26;0.02;0.17;0.2;0.01;0.02;4.0;7.0;6.0;60.0;577.0;46.0;1504.0;1663;1544.0
4451;180.0;BBF1048E;60B76B26;0.02;0.2;0.23;0.01;0.02;3.0;7.0;7.0;51.0;0.0;46.0;1504.0;1673;1544.0
4450;180.0;270524A9;60B76B26;0.02;0.18;0.21;0.01;0.02;2.0;7.0;3.0;10.0;520.0;46.0;1504.0;1654;1544.0
4449;180.0;79E4A383;60B76B26;0.02;0.18;0.21;0.01;0.02;1.0;7.0;1.0;21.0;502.0;46.0;1504.0;1675;1544.0
4447;180.0;06F65393;4D302CE7;0.0;0.96;1.0;0.0;0.0;3.0;4.0;6.0;59.0;272.0;64.0;1460.0;1605;1485.0
4446;180.0;6C5B4827;4D302CE7;0.0;0.97;1.02;0.0;0.0;2.0;4.0;3.0;9.0;260.0;64.0;1460.0;1599;1485.0
4445;180.0;3944E90B;4D302CE7;0.0;0.74;0.77;0.0;0.0;1.0;4.0;1.0;20.0;254.0;69.0;1460.0;1623;1485.0
4444;180.0;00BFE8BE;DD4524C7;0.02;0.49;0.51;0.01;0.0;5.0;5.0;4.0;21.0;251.0;46.0;1480.0;1626;1515.0
4443;180.0;579D9F8B;DD4524C7;0.02;0.42;0.44;0.01;0.0;4.0;5.0;6.0;58.0;0.0;46.0;1480.0;1643;1515.0
4442;180.0;6C52D3CC;DD4524C7;0.02;0.45;0.47;0.01;0.0;3.0;5.0;3.0;8.0;0.0;46.0;1480.0;1638;1515.0
4441;180.0;5C761192;DD4524C7;0.02;0.58;0.61;0.01;0.0;2.0;5.0;1.0;19.0;0.0;46.0;1480.0;1650;1515.0
4440;180.0;3C82A3DA;6657D710;0.01;0.39;0.47;0.0;0.0;1.0;5.0;4.0;20.0;0.0;18.0;1493.0;1681;1543.0
4439;180.0;29BA9A9A;FA84F82E;0.01;0.04;0.07;0.0;0.0;1.0;1.0;6.0;57.0;2815.0;46.0;1527.0;1683;1572.0
4438;180.0;B26381B0;163D1351;0.02;0.21;0.23;0.0;0.02;5.0;5.0;3.0;7.0;1745.0;51.0;1503.0;1668;1548.0
4437;180.0;A1639917;163D1351;0.02;0.17;0.18;0.0;0.02;4.0;5.0;7.0;50.0;2650.0;51.0;1503.0;1676;1548.0
4436;180.0;BE2B3532;163D1351;0.02;0.26;0.28;0.0;0.02;3.0;5.0;1.0;18.0;2488.0;51.0;1503.0;1667;1548.0
4435;180.0;73B04AA3;163D1351;0.02;0.18;0.2;0.0;0.02;2.0;5.0;4.0;19.0;2493.0;51.0;1503.0;1672;1548.0
4434;180.0;02897A89;163D1351;0.02;0.21;0.23;0.0;0.02;1.0;5.0;3.0;6.0;1527.0;55.0;1503.0;1692;1548.0
4433;180.0;0A3ADF3B;6E5EEB11;0.02;0.27;0.3;0.0;0.03;5.0;5.0;6.0;56.0;2487.0;46.0;1503.0;1653;1543.0
4432;180.0;60E10884;6E5EEB11;0.01;0.21;0.23;0.0;0.02;4.0;5.0;7.0;49.0;2382.0;46.0;1503.0;1646;1543.0
4431;180.0;6926155E;163D1351;0.02;0.22;0.24;0.0;0.02;3.0;5.0;1.0;17.0;2219.0;51.0;1503.0;1662;1548.0
4430;180.0;FC413ADC;163D1351;0.02;0.22;0.24;0.0;0.02;2.0;5.0;4.0;18.0;2230.0;51.0;1503.0;1669;1548.0
4429;180.0;6DEC53D4;163D1351;0.02;0.22;0.24;0.0;0.02;1.0;5.0;3.0;5.0;1254.0;55.0;1503.0;1692;1548.0
4428;180.0;7C081BBC;07025389;0.02;0.25;0.27;0.01;0.01;3.0;8.0;6.0;55.0;2172.0;46.0;1497.0;1652;1537.0
4427;180.0;A7C1C7AD;07025389;0.02;0.32;0.35;0.01;0.02;2.0;8.0;7.0;48.0;2056.0;46.0;1497.0;1663;1537.0
4426;180.0;AE2ED6F9;07025389;0.02;0.3;0.33;0.01;0.02;1.0;8.0;1.0;16.0;1875.0;51.0;1497.0;1669;1537.0
4425;180.0;28FC6CBC;07025389;0.02;0.36;0.4;0.01;0.02;5.0;8.0;4.0;17.0;1880.0;46.0;1497.0;1657;1537.0
4424;180.0;AD51FEB4;07025389;0.02;0.32;0.35;0.01;0.02;4.0;8.0;3.0;4.0;896.0;46.0;1497.0;1648;1537.0
4423;180.0;37F00FEF;07025389;0.02;0.27;0.29;0.01;0.01;3.0;8.0;6.0;54.0;1860.0;46.0;1497.0;1650;1537.0
4422;180.0;51EB5E7A;07025389;0.02;0.24;0.26;0.01;0.01;2.0;8.0;7.0;47.0;1756.0;46.0;1497.0;1647;1537.0
4421;180.0;7930A68D;07025389;0.02;0.23;0.26;0.01;0.01;1.0;8.0;1.0;15.0;1590.0;46.0;1497.0;1664;1537.0
4420;180.0;6386F207;946866EE;0.02;0.18;0.22;0.01;0.02;6.0;6.0;4.0;16.0;1592.0;46.0;1501.0;1649;1536.0
4419;180.0;62671B5C;946866EE;0.02;0.17;0.21;0.01;0.01;5.0;6.0;3.0;3.0;623.0;46.0;1501.0;1660;1536.0
4418;180.0;F78DC514;946866EE;0.02;0.22;0.27;0.01;0.02;4.0;6.0;6.0;53.0;1591.0;46.0;1501.0;1652;1536.0
4417;180.0;73AE4E66;96956A01;0.03;0.23;0.26;0.01;0.03;3.0;6.0;7.0;46.0;1482.0;46.0;1500.0;1664;1540.0
4416;180.0;D8D008C7;96956A01;0.02;0.16;0.18;0.01;0.02;2.0;6.0;1.0;14.0;1312.0;46.0;1500.0;1657;1540.0
4415;180.0;82F07C9A;96956A01;0.02;0.15;0.17;0.01;0.02;1.0;6.0;4.0;15.0;1300.0;46.0;1500.0;1663;1540.0
4414;90.0;EEC1E2C5;96956A01;0.02;0.19;0.21;0.01;0.02;6.0;6.0;3.0;2.0;281.0;46.0;1500.0;1660;1540.0
4413;90.0;0642CB9E;96956A01;0.02;0.19;0.21;0.01;0.02;5.0;6.0;6.0;52.0;1236.0;46.0;1500.0;1649;1540.0
4412;90.0;8F6ECBEF;96956A01;0.02;0.22;0.24;0.01;0.02;4.0;6.0;7.0;45.0;1127.0;46.0;1500.0;1655;1540.0
4411;90.0;7C713537;96956A01;0.02;0.16;0.18;0.01;0.02;3.0;6.0;1.0;13.0;952.0;46.0;1500.0;1651;1540.0
4410;90.0;5F9E554C;D36B37E7;0.01;0.33;0.37;0.0;0.0;2.0;6.0;4.0;14.0;962.0;41.0;1480.0;1639;1525.0
4409;90.0;A09FB4F6;D36B37E7;0.01;0.39;0.44;0.0;0.0;1.0;6.0;3.0;1.0;0.0;57.0;1480.0;1692;1525.0
4408;90.0;70FB3F30;E2EF030B;0.01;0.19;0.22;0.01;0.02;4.0;4.0;7.0;44.0;906.0;34.0;1502.0;1652;1557.0
4407;90.0;0DF105D2;E2EF030B;0.02;0.25;0.28;0.01;0.03;3.0;4.0;6.0;51.0;911.0;34.0;1502.0;1665;1557.0
4406;90.0;F377E584;E2EF030B;0.02;0.24;0.28;0.01;0.03;2.0;4.0;1.0;12.0;686.0;34.0;1502.0;1658;1557.0
4405;90.0;E80711CE;E2EF030B;0.01;0.16;0.19;0.01;0.02;1.0;4.0;4.0;13.0;694.0;34.0;1502.0;1684;1557.0
4404;90.0;B5A9605B;1169CAE4;0.01;0.15;0.18;0.0;0.02;6.0;6.0;7.0;43.0;688.0;46.0;1502.0;1662;1542.0
4403;90.0;6F6AA23A;1169CAE4;0.02;0.2;0.23;0.0;0.03;5.0;6.0;6.0;50.0;693.0;46.0;1502.0;1655;1542.0
4402;90.0;BE6F9AB0;1169CAE4;0.02;0.23;0.27;0.0;0.03;4.0;6.0;1.0;11.0;468.0;46.0;1502.0;1651;1542.0
4401;90.0;872E8E67;1169CAE4;0.02;0.2;0.23;0.0;0.03;3.0;6.0;4.0;12.0;454.0;46.0;1502.0;1652;1542.0
4400;90.0;EA825C53;1169CAE4;0.02;0.21;0.24;0.0;0.03;2.0;6.0;7.0;42.0;455.0;46.0;1502.0;1653;1542.0
4399;90.0;3029CC37;1169CAE4;0.02;0.17;0.19;0.0;0.02;1.0;6.0;6.0;49.0;457.0;18.0;1502.0;1653;1542.0
4398;90.0;C00D4212;F1291CB0;0.02;0.23;0.26;0.01;0.02;6.0;6.0;1.0;10.0;228.0;55.0;1506.0;1680;1551.0
4397;90.0;C999CAAE;F1291CB0;0.02;0.2;0.22;0.01;0.02;5.0;6.0;4.0;11.0;232.0;55.0;1506.0;1688;1551.0
4396;90.0;9D7F4E10;F1291CB0;0.02;0.22;0.24;0.01;0.02;4.0;6.0;7.0;41.0;226.0;55.0;1506.0;1678;1551.0
4395;90.0;167E4357;F1291CB0;0.02;0.2;0.22;0.01;0.02;3.0;6.0;6.0;48.0;220.0;55.0;1506.0;1672;1551.0
4394;90.0;ED5B4DB4;1FCFE9BD;0.02;0.2;0.22;0.01;0.02;2.0;6.0;1.0;9.0;0.0;34.0;1500.0;1669;1545.0
4393;90.0;D5438A75;A37113C7;0.02;0.54;0.57;0.0;0.02;1.0;6.0;4.0;10.0;0.0;18.0;1482.0;1661;1527.0
4392;90.0;1B512795;6657D710;0.01;0.33;0.39;0.0;0.0;2.0;2.0;7.0;40.0;0.0;18.0;1493.0;1660;1543.0
4391;90.0;77A10942;CC996FCB;0.02;0.19;0.22;0.0;0.0;1.0;2.0;6.0;47.0;0.0;18.0;1510.0;1687;1555.0
4390;90.0;F262BDBE;DAF26177;0.0;0.45;0.49;0.0;0.01;4.0;4.0;1.0;8.0;1976.0;34.0;1480.0;1633;1525.0
4389;90.0;356E480C;DAF26177;0.01;0.58;0.63;0.0;0.02;3.0;6.0;6.0;46.0;5641.0;34.0;1480.0;1630;1525.0
4388;90.0;714F7912;DAF26177;0.0;0.46;0.5;0.0;0.01;2.0;6.0;4.0;9.0;2285.0;34.0;1480.0;1628;1525.0
4387;90.0;996E188D;DAF26177;0.0;0.4;0.44;0.0;0.01;1.0;6.0;7.0;39.0;5454.0;34.0;1480.0;1644;1525.0
4386;90.0;0A6E1B02;D3EA2584;0.01;0.43;0.46;0.0;0.02;9.0;9.0;1.0;7.0;1751.0;18.0;1482.0;1634;1527.0
4385;90.0;A46BD93A;703CB22C;0.02;0.44;0.45;0.0;0.02;8.0;9.0;6.0;45.0;5410.0;34.0;1486.0;1646;1531.0
4384;90.0;B88E8C24;703CB22C;0.02;0.64;0.67;0.0;0.02;7.0;9.0;4.0;8.0;2045.0;34.0;1486.0;1641;1531.0
4383;90.0;BDD3CCDB;59D14704;0.02;0.66;0.71;0.0;0.01;6.0;9.0;7.0;38.0;5214.0;34.0;1487.0;1646;1537.0
4382;90.0;D14203FA;59D14704;0.02;0.62;0.67;0.0;0.01;5.0;9.0;1.0;6.0;1514.0;34.0;1487.0;1641;1537.0
4381;90.0;0EA6A133;59D14704;0.02;0.63;0.68;0.0;0.01;4.0;9.0;6.0;44.0;5172.0;34.0;1487.0;1638;1537.0
4380;90.0;A5FC87DC;59D14704;0.02;0.62;0.66;0.0;0.01;3.0;9.0;4.0;7.0;1801.0;34.0;1487.0;1641;1537.0
4379;90.0;82AFBACF;59D14704;0.02;0.57;0.62;0.0;0.01;2.0;9.0;7.0;37.0;4975.0;34.0;1487.0;1645;1537.0
4378;90.0;7B202B23;59D14704;0.02;0.6;0.64;0.0;0.01;1.0;9.0;1.0;5.0;1274.0;44.0;1487.0;1656;1537.0
4377;90.0;4CE67870;0D8E4DE0;0.01;0.15;0.17;0.01;0.0;3.0;3.0;6.0;43.0;4932.0;34.0;1509.0;1667;1554.0
4376;90.0;C137A11E;74291B2A;0.01;0.49;0.53;0.0;0.02;1.0;3.0;7.0;36.0;4778.0;18.0;1480.0;1624;1525.0
4375;90.0;CC57D627;74291B2A;0.0;0.43;0.46;0.0;0.01;5.0;7.0;4.0;6.0;1498.0;18.0;1480.0;1625;1525.0
4374;90.0;EFE8C89B;7BF6FBDF;0.01;0.41;0.44;0.0;0.01;4.0;7.0;1.0;4.0;990.0;34.0;1482.0;1653;1537.0
4373;90.0;9DD1DB54;7BF6FBDF;0.01;0.42;0.45;0.0;0.01;3.0;7.0;6.0;42.0;4647.0;34.0;1482.0;1647;1537.0
4372;90.0;DD661035;7BF6FBDF;0.01;0.41;0.44;0.0;0.01;2.0;7.0;7.0;35.0;4523.0;34.0;1482.0;1647;1537.0
4371;90.0;B791F49A;7BF6FBDF;0.02;0.47;0.5;0.0;0.01;1.0;7.0;2.0;50.0;419.0;34.0;1482.0;1651;1537.0
4370;90.0;55FD4610;7BF6FBDF;0.01;0.39;0.41;0.0;0.01;2.0;9.0;4.0;5.0;1117.0;18.0;1482.0;1644;1537.0
4369;90.0;72902A72;7BF6FBDF;0.02;0.5;0.53;0.0;0.01;1.0;9.0;1.0;3.0;629.0;18.0;1482.0;1650;1537.0
4368;90.0;13578997;00FFEE90;0.01;0.28;0.3;0.01;0.02;5.0;5.0;6.0;41.0;4224.0;18.0;1489.0;1650;1534.0
4367;90.0;8AE065A1;00FFEE90;0.01;0.36;0.4;0.01;0.02;4.0;5.0;7.0;34.0;4098.0;18.0;1489.0;1635;1534.0
4366;90.0;9E3D5E9E;0A8B5BDF;0.01;0.43;0.46;0.01;0.02;3.0;5.0;2.0;49.0;0.0;41.0;1481.0;1681;1536.0
4365;90.0;1169D647;0A8B5BDF;0.01;0.44;0.47;0.01;0.02;2.0;5.0;4.0;4.0;758.0;41.0;1481.0;1644;1536.0
4364;90.0;D577FF34;0A8B5BDF;0.01;0.31;0.33;0.01;0.02;1.0;5.0;1.0;2.0;289.0;34.0;1481.0;1676;1536.0
4363;90.0;99F59742;F2951EE4;0.01;0.26;0.3;0.01;0.02;5.0;5.0;6.0;40.0;3941.0;34.0;1496.0;1654;1536.0
4359;90.0;7A9D3DD6;D6BA9D02;0.01;0.34;0.35;0.0;0.02;1.0;5.0;1.0;1.0;0.0;34.0;1481.0;1675;1526.0
4358;90.0;483B24F4;249A7E68;0.02;0.47;0.5;0.0;0.02;4.0;4.0;6.0;39.0;3656.0;41.0;1484.0;1629;1519.0
4357;90.0;4A990DA9;249A7E68;0.01;0.37;0.39;0.0;0.02;3.0;4.0;2.0;48.0;1804.0;41.0;1484.0;1621;1519.0
4356;90.0;450C1D91;6570BD8E;0.01;0.47;0.49;0.0;0.02;2.0;4.0;7.0;32.0;3468.0;34.0;1485.0;1633;1530.0
4355;90.0;7D4507BC;6570BD8E;0.01;0.46;0.48;0.0;0.02;1.0;4.0;8.0;52.0;1623.0;34.0;1485.0;1654;1530.0
4354;90.0;8A69DE87;D927D5F2;0.02;0.14;0.15;0.01;0.02;6.0;6.0;4.0;2.0;284.0;32.0;1507.0;1684;1551.0
4353;90.0;667F9E73;D927D5F2;0.02;0.17;0.19;0.01;0.02;5.0;6.0;6.0;38.0;3371.0;32.0;1507.0;1667;1551.0
4352;90.0;1E89A926;D927D5F2;0.02;0.18;0.21;0.01;0.02;4.0;6.0;2.0;47.0;1514.0;32.0;1507.0;1662;1551.0
4351;90.0;6C18E0FA;C696558F;0.03;0.26;0.28;0.0;0.03;3.0;6.0;7.0;31.0;3175.0;51.0;1505.0;1684;1555.0
4350;90.0;CAD800DC;C696558F;0.03;0.26;0.28;0.0;0.03;2.0;6.0;8.0;51.0;1343.0;34.0;1505.0;1666;1555.0
4349;90.0;292932D9;C696558F;0.02;0.21;0.23;0.0;0.02;1.0;6.0;4.0;1.0;0.0;23.0;1505.0;1692;1555.0
4348;90.0;13336CB5;71A937D5;0.01;0.4;0.45;0.0;0.02;6.0;6.0;6.0;37.0;3085.0;34.0;1487.0;1646;1542.0
4347;90.0;BEE057C6;71A937D5;0.02;0.41;0.47;0.0;0.02;5.0;6.0;2.0;46.0;1229.0;34.0;1487.0;1646;1542.0
4346;90.0;611B5CB9;71A937D5;0.02;0.48;0.54;0.0;0.02;4.0;6.0;7.0;30.0;2897.0;34.0;1487.0;1647;1542.0
4345;90.0;8AD16109;D90699DC;0.02;0.25;0.28;0.01;0.02;3.0;6.0;5.0;65.0;2311.0;39.0;1495.0;1670;1545.0
4344;90.0;E7482DA7;D90699DC;0.02;0.35;0.39;0.01;0.02;2.0;6.0;6.0;36.0;2856.0;39.0;1495.0;1665;1545.0
4343;90.0;67709FBF;D90699DC;0.02;0.32;0.35;0.01;0.02;1.0;6.0;8.0;50.0;947.0;39.0;1495.0;1672;1545.0
4342;90.0;7AA47D43;7D015357;0.02;0.13;0.15;0.01;0.01;3.0;3.0;2.0;45.0;946.0;46.0;1506.0;1667;1551.0
4341;90.0;B7A42CC6;7D015357;0.02;0.16;0.18;0.01;0.01;2.0;3.0;7.0;29.0;2613.0;46.0;1506.0;1667;1551.0
4340;90.0;953897F1;7D015357;0.02;0.18;0.21;0.01;0.01;1.0;3.0;5.0;64.0;2026.0;53.0;1506.0;1691;1551.0
4339;90.0;E188567F;9DBCC3D3;0.02;0.21;0.23;0.0;0.02;4.0;4.0;6.0;35.0;2582.0;39.0;1502.0;1671;1552.0
4338;90.0;A0606A56;9DBCC3D3;0.02;0.23;0.25;0.0;0.02;3.0;4.0;8.0;49.0;585.0;39.0;1502.0;1657;1552.0
4337;90.0;1FBB84C7;92B3EDD4;0.02;0.15;0.2;0.01;0.01;2.0;4.0;2.0;44.0;561.0;39.0;1502.0;1659;1547.0
4336;90.0;D7B079C7;92B3EDD4;0.02;0.15;0.19;0.01;0.01;2.0;5.0;7.0;28.0;2223.0;39.0;1502.0;1650;1547.0
4335;90.0;CB43C092;92B3EDD4;0.02;0.17;0.22;0.01;0.01;1.0;5.0;5.0;63.0;1636.0;39.0;1502.0;1670;1547.0
4334;90.0;2D36D634;C21BA30D;0.0;1.14;1.22;0.0;0.0;3.0;3.0;6.0;34.0;2187.0;64.0;1462.0;1624;1497.0
4333;90.0;620797AC;C21BA30D;0.0;0.8;0.86;0.0;0.0;2.0;3.0;8.0;48.0;278.0;64.0;1462.0;1606;1497.0
4332;90.0;D879F897;C21BA30D;0.0;0.81;0.88;0.0;0.0;1.0;3.0;2.0;43.0;268.0;69.0;1462.0;1621;1497.0
4331;90.0;92BA2F00;87C78AB7;0.0;0.39;0.46;0.0;0.0;8.0;8.0;7.0;27.0;1930.0;34.0;1480.0;1627;1525.0
4330;90.0;BD7388C3;9C0993CD;0.02;0.46;0.5;0.0;0.02;7.0;8.0;5.0;62.0;1344.0;34.0;1480.0;1633;1530.0
4329;90.0;FC8C23B4;9C0993CD;0.03;0.56;0.61;0.0;0.02;6.0;8.0;6.0;33.0;1905.0;51.0;1480.0;1639;1530.0
4328;90.0;1D18C495;9C0993CD;0.02;0.37;0.4;0.0;0.01;5.0;8.0;8.0;47.0;0.0;51.0;1480.0;1653;1530.0
4327;90.0;84C28B86;5C6E672A;0.02;0.53;0.56;0.01;0.02;4.0;8.0;2.0;42.0;0.0;34.0;1483.0;1643;1528.0
4326;90.0;17890C45;5C6E672A;0.02;0.5;0.53;0.01;0.02;3.0;8.0;7.0;26.0;1490.0;34.0;1483.0;1635;1528.0
4325;90.0;5FAC226A;5C6E672A;0.02;0.47;0.5;0.01;0.02;2.0;8.0;5.0;61.0;911.0;34.0;1483.0;1645;1528.0
4324;90.0;0E8D9E8E;B1EBA22B;0.01;0.43;0.46;0.0;0.02;1.0;8.0;6.0;32.0;1416.0;51.0;1480.0;1661;1525.0
4323;180.0;A5C586C6;CF354F29;0.01;0.64;0.75;0.0;0.01;3.0;3.0;8.0;46.0;1045.0;51.0;1470.0;1643;1510.0
4322;180.0;82184552;B4CD6E45;0.0;0.62;0.65;0.0;0.02;2.0;3.0;2.0;41.0;0.0;46.0;1475.0;1651;1510.0
4321;180.0;BD84DFD8;B4CD6E45;0.0;0.77;0.8;0.0;0.02;1.0;3.0;7.0;25.0;1019.0;55.0;1475.0;1640;1510.0
4320;180.0;825EE29B;703CB22C;0.02;0.5;0.52;0.0;0.02;3.0;6.0;5.0;60.0;416.0;46.0;1486.0;1656;1536.0
4319;180.0;0E276B98;703CB22C;0.02;0.48;0.5;0.0;0.02;2.0;6.0;6.0;31.0;864.0;46.0;1486.0;1650;1536.0
4318;180.0;54568BCB;6C955C02;0.01;0.4;0.44;0.0;0.0;1.0;6.0;8.0;45.0;545.0;55.0;1483.0;1660;1528.0
4317;180.0;1A110862;46F56B8C;0.01;0.41;0.45;0.01;0.03;1.0;1.0;2.0;40.0;537.0;51.0;1480.0;1647;1525.0
4316;180.0;AE1EE9E5;6C955C02;0.01;0.39;0.43;0.0;0.0;2.0;8.0;7.0;24.0;589.0;51.0;1483.0;1643;1528.0
4315;180.0;E1D320F5;6C955C02;0.02;0.54;0.59;0.0;0.0;1.0;8.0;5.0;59.0;0.0;55.0;1483.0;1688;1528.0
4314;180.0;5C62B52E;2806A3F9;0.0;0.33;0.36;0.0;0.01;7.0;7.0;6.0;30.0;559.0;34.0;1491.0;1639;1531.0
4313;180.0;E23DFAB1;2806A3F9;0.01;0.36;0.39;0.0;0.02;6.0;7.0;8.0;44.0;229.0;34.0;1491.0;1636;1531.0
4312;180.0;0DB560A3;2806A3F9;0.0;0.3;0.33;0.0;0.01;5.0;7.0;2.0;39.0;234.0;34.0;1491.0;1639;1531.0
4311;180.0;C8FB02F6;2806A3F9;0.0;0.32;0.35;0.0;0.01;4.0;7.0;7.0;23.0;299.0;34.0;1491.0;1637;1531.0
4310;180.0;B2C87B7D;9C5F9BFA;0.01;0.41;0.44;0.0;0.02;3.0;7.0;6.0;29.0;318.0;46.0;1490.0;1649;1535.0
4309;180.0;33B39E35;9C5F9BFA;0.01;0.4;0.44;0.0;0.02;2.0;7.0;8.0;43.0;0.0;46.0;1490.0;1664;1535.0
4308;180.0;B9DB8FDC;9C5F9BFA;0.01;0.26;0.29;0.0;0.01;1.0;7.0;2.0;38.0;0.0;51.0;1490.0;1686;1535.0
4307;180.0;B0A4A329;4AC24E4B;0.02;0.24;0.27;0.01;0.02;2.0;2.0;7.0;22.0;0.0;51.0;1501.0;1686;1546.0
4306;180.0;07FDB6C7;4AC24E4B;0.02;0.25;0.28;0.01;0.02;1.0;2.0;6.0;28.0;0.0;57.0;1501.0;1709;1546.0
4305;180.0;F21077FB;016FEFC0;0.02;0.22;0.25;0.01;0.03;3.0;3.0;2.0;37.0;1679.0;46.0;1502.0;1667;1542.0
4304;180.0;C9E4FB3C;4AC24E4B;0.02;0.26;0.29;0.01;0.02;2.0;3.0;7.0;21.0;1138.0;51.0;1501.0;1671;1546.0
4303;180.0;485DB22A;EB045A99;0.02;0.39;0.42;0.0;0.02;1.0;3.0;8.0;42.0;1176.0;46.0;1489.0;1657;1534.0
4301;180.0;457B036C;6466E4EB;0.02;0.18;0.21;0.01;0.01;6.0;7.0;6.0;27.0;829.0;46.0;1505.0;1653;1545.0
4300;180.0;451D87C7;6466E4EB;0.03;0.2;0.24;0.01;0.02;5.0;7.0;2.0;36.0;1381.0;46.0;1505.0;1658;1545.0
4299;180.0;0DE0FD16;6466E4EB;0.02;0.16;0.19;0.01;0.01;4.0;7.0;7.0;20.0;842.0;46.0;1505.0;1657;1545.0
4298;180.0;72757E05;6466E4EB;0.02;0.18;0.22;0.01;0.01;3.0;7.0;8.0;41.0;902.0;46.0;1505.0;1654;1545.0
4297;180.0;F6AF7916;7E7D0B4D;0.01;0.58;0.6;0.01;0.0;2.0;7.0;5.0;57.0;953.0;46.0;1480.0;1637;1525.0
4296;180.0;B1EB7838;7E7D0B4D;0.01;0.43;0.44;0.01;0.0;1.0;7.0;6.0;26.0;559.0;51.0;1480.0;1655;1525.0
4295;180.0;12A942B0;4AC24E4B;0.02;0.27;0.31;0.01;0.02;7.0;7.0;2.0;35.0;1105.0;46.0;1501.0;1669;1546.0
4294;180.0;AB973AAD;4AC24E4B;0.02;0.22;0.25;0.01;0.01;6.0;7.0;7.0;19.0;567.0;46.0;1501.0;1667;1546.0
4293;180.0;6C0A0F3A;4AC24E4B;0.02;0.22;0.25;0.01;0.02;5.0;7.0;8.0;40.0;637.0;46.0;1501.0;1669;1546.0
4292;180.0;45812B48;4AC24E4B;0.02;0.26;0.29;0.01;0.02;4.0;7.0;5.0;56.0;690.0;46.0;1501.0;1665;1546.0
4291;180.0;C6E8AABC;4AC24E4B;0.02;0.22;0.25;0.01;0.01;3.0;7.0;6.0;25.0;287.0;46.0;1501.0;1663;1546.0
4290;180.0;E2B94132;4AC24E4B;0.02;0.21;0.24;0.01;0.01;2.0;7.0;2.0;34.0;833.0;46.0;1501.0;1662;1546.0
4289;180.0;CCAA97CD;4AC24E4B;0.02;0.24;0.27;0.01;0.02;1.0;7.0;7.0;18.0;298.0;55.0;1501.0;1685;1546.0
4288;180.0;7F2C54C3;76884E9D;0.0;0.8;0.84;0.01;0.07;5.0;5.0;8.0;39.0;359.0;46.0;1474.0;1619;1509.0
4287;180.0;920B414C;76884E9D;0.0;0.73;0.77;0.01;0.06;4.0;5.0;5.0;55.0;411.0;46.0;1474.0;1620;1509.0
4286;180.0;375964A4;76884E9D;0.0;0.87;0.92;0.02;0.08;3.0;5.0;6.0;24.0;0.0;46.0;1474.0;1632;1509.0
4285;180.0;EFD10552;76884E9D;0.0;0.73;0.77;0.01;0.06;2.0;5.0;2.0;33.0;551.0;46.0;1474.0;1620;1509.0
4284;180.0;45B207BA;22ADB3F3;0.0;0.62;0.65;0.01;0.05;1.0;5.0;7.0;17.0;0.0;46.0;1476.0;1643;1501.0
4283;180.0;E5913EA7;9C0993CD;0.02;0.4;0.44;0.0;0.01;3.0;3.0;8.0;38.0;0.0;46.0;1480.0;1658;1515.0
4282;180.0;A8ADE61C;B5D5B9CA;0.01;0.47;0.52;0.0;0.02;2.0;3.0;5.0;54.0;0.0;39.0;1480.0;1654;1520.0
4281;180.0;74CB7160;84F339B7;0.01;0.34;0.38;0.0;0.02;2.0;4.0;2.0;32.0;0.0;46.0;1496.0;1674;1541.0
4279;180.0;6ACF54ED;1137DC9F;0.01;0.55;0.59;0.0;0.02;1.0;1.0;6.0;23.0;953.0;60.0;1474.0;1655;1519.0
4278;180.0;CC360AF9;F1291CB0;0.02;0.18;0.2;0.01;0.02;3.0;4.0;8.0;37.0;4622.0;51.0;1506.0;1659;1546.0
4277;180.0;6E9E3E11;F1291CB0;0.02;0.19;0.21;0.01;0.02;2.0;4.0;14.0;67.0;3650.0;60.0;1506.0;1692;1546.0
4276;180.0;3283A59A;F1291CB0;0.02;0.24;0.26;0.01;0.02;1.0;4.0;5.0;53.0;4649.0;60.0;1506.0;1699;1546.0
4275;180.0;F6AF7916;1FCFE9BD;0.03;0.26;0.29;0.01;0.03;7.0;7.0;2.0;31.0;4395.0;46.0;1500.0;1668;1540.0
4274;180.0;004CF7F1;96E8463B;0.01;0.2;0.22;0.01;0.02;6.0;7.0;6.0;22.0;676.0;46.0;1503.0;1666;1543.0
4273;180.0;CE2E1F28;96E8463B;0.01;0.18;0.2;0.01;0.02;5.0;7.0;8.0;36.0;4340.0;46.0;1503.0;1669;1543.0
4272;180.0;7D3A6164;CC18C404;0.02;0.25;0.27;0.01;0.02;4.0;7.0;14.0;66.0;3380.0;46.0;1506.0;1673;1551.0
4271;180.0;39F65B46;CC18C404;0.03;0.25;0.28;0.01;0.03;3.0;7.0;5.0;52.0;4373.0;46.0;1506.0;1671;1551.0
4270;180.0;CEB45035;2E90E747;0.02;0.26;0.29;0.01;0.02;2.0;7.0;2.0;30.0;4106.0;46.0;1499.0;1663;1539.0
4269;180.0;12FE1662;2E90E747;0.02;0.29;0.32;0.01;0.02;1.0;7.0;7.0;15.0;0.0;46.0;1499.0;1697;1539.0
4268;180.0;3C60CFF7;35C7C29B;0.02;0.31;0.34;0.01;0.0;3.0;3.0;6.0;21.0;302.0;69.0;1501.0;1710;1551.0
4267;180.0;8941BAC2;35C7C29B;0.02;0.34;0.36;0.01;0.0;2.0;3.0;8.0;35.0;3968.0;69.0;1501.0;1704;1551.0
4266;180.0;E35F7032;35C7C29B;0.02;0.31;0.33;0.01;0.0;1.0;3.0;14.0;65.0;2998.0;69.0;1501.0;1703;1551.0
4265;180.0;6AE63486;35C7C29B;0.01;0.24;0.26;0.01;0.0;3.0;3.0;5.0;51.0;3986.0;69.0;1501.0;1704;1551.0
4264;180.0;E8036DD7;35C7C29B;0.01;0.24;0.25;0.01;0.0;2.0;3.0;2.0;29.0;3723.0;69.0;1501.0;1690;1551.0
4263;180.0;A284CE0A;35C7C29B;0.01;0.25;0.26;0.01;0.0;1.0;3.0;6.0;20.0;0.0;69.0;1501.0;1720;1551.0
4262;180.0;84527819;493EAF60;0.01;0.37;0.39;0.0;0.01;6.0;6.0;8.0;34.0;3675.0;46.0;1486.0;1642;1521.0
4261;180.0;CB19F9FF;493EAF60;0.01;0.45;0.47;0.0;0.01;5.0;6.0;7.0;14.0;3667.0;46.0;1486.0;1642;1521.0
4260;180.0;A36DF086;67470249;0.01;0.42;0.47;0.0;0.02;4.0;6.0;14.0;64.0;2626.0;51.0;1486.0;1656;1526.0
4259;180.0;C9EA2F5F;67470249;0.01;0.37;0.42;0.0;0.02;3.0;6.0;5.0;50.0;3630.0;51.0;1486.0;1654;1526.0
4258;180.0;EBB1D1B6;249A7E68;0.01;0.35;0.38;0.0;0.02;2.0;6.0;2.0;28.0;3373.0;46.0;1484.0;1637;1519.0
4257;180.0;8924CFC0;249A7E68;0.01;0.37;0.39;0.0;0.02;1.0;6.0;8.0;33.0;3351.0;55.0;1484.0;1656;1519.0
4256;180.0;E0EF2FFC;1137DC9F;0.01;0.6;0.63;0.0;0.02;1.0;1.0;7.0;13.0;3344.0;51.0;1474.0;1652;1519.0
4255;180.0;1ED414B8;D927D5F2;0.02;0.13;0.14;0.01;0.02;4.0;4.0;14.0;63.0;2326.0;46.0;1507.0;1672;1552.0
4254;180.0;19770188;92B3EDD4;0.02;0.16;0.21;0.01;0.01;3.0;4.0;5.0;49.0;3299.0;46.0;1502.0;1655;1537.0
4253;180.0;0200A0B9;60B76B26;0.02;0.2;0.24;0.01;0.02;2.0;4.0;2.0;27.0;3029.0;46.0;1504.0;1667;1544.0
4252;180.0;4E35DDED;60B76B26;0.02;0.21;0.25;0.01;0.02;1.0;4.0;8.0;32.0;2986.0;51.0;1504.0;1676;1544.0
4251;180.0;58CE70DE;92B3EDD4;0.02;0.17;0.22;0.01;0.01;3.0;7.0;7.0;12.0;2986.0;39.0;1502.0;1659;1537.0
4250;180.0;FD9B6AD1;A410176C;0.02;0.19;0.24;0.01;0.01;2.0;7.0;14.0;62.0;1963.0;57.0;1502.0;1665;1547.0
4249;180.0;48B4ED39;2374C9B3;0.02;0.18;0.22;0.01;0.02;1.0;7.0;5.0;48.0;2956.0;46.0;1502.0;1672;1542.0
4248;180.0;E2357C0F;04751D20;0.02;0.21;0.23;0.01;0.02;6.0;6.0;2.0;26.0;2698.0;46.0;1506.0;1667;1551.0
4247;180.0;808E1C7E;04751D20;0.02;0.22;0.24;0.01;0.02;5.0;6.0;8.0;31.0;2702.0;46.0;1506.0;1673;1551.0
4246;180.0;6AB486A4;04751D20;0.02;0.22;0.24;0.01;0.02;4.0;6.0;7.0;11.0;2702.0;46.0;1506.0;1670;1551.0
4245;180.0;A9E90DD3;04751D20;0.02;0.17;0.19;0.01;0.02;3.0;6.0;14.0;61.0;1681.0;46.0;1506.0;1663;1551.0
4244;180.0;336236CB;04751D20;0.02;0.2;0.22;0.01;0.02;2.0;6.0;5.0;47.0;2687.0;46.0;1506.0;1669;1551.0
4243;180.0;C58252D8;04751D20;0.02;0.19;0.21;0.01;0.02;1.0;6.0;2.0;25.0;2432.0;51.0;1506.0;1688;1551.0
4242;180.0;EA27C069;56FFE5DC;0.02;0.19;0.21;0.01;0.01;5.0;5.0;8.0;30.0;2438.0;39.0;1507.0;1640;1532.0
4241;180.0;371F1554;56FFE5DC;0.02;0.13;0.15;0.01;0.01;4.0;5.0;7.0;10.0;2437.0;39.0;1507.0;1634;1532.0
4240;180.0;FBF9BBDD;56FFE5DC;0.02;0.16;0.18;0.01;0.01;3.0;5.0;14.0;60.0;1416.0;39.0;1507.0;1640;1532.0
4239;180.0;8327A570;56FFE5DC;0.02;0.17;0.2;0.01;0.01;2.0;5.0;5.0;46.0;2412.0;39.0;1507.0;1640;1532.0
4238;180.0;1972C1CC;92B3EDD4;0.02;0.21;0.27;0.01;0.01;1.0;4.0;2.0;24.0;2148.0;55.0;1502.0;1666;1537.0
4237;180.0;77CFEFE3;027DF228;0.0;0.96;1.03;0.0;0.0;5.0;5.0;8.0;29.0;2145.0;62.0;1463.0;1613;1489.0
4236;180.0;5A7A1D86;027DF228;0.0;0.76;0.81;0.0;0.0;4.0;5.0;7.0;9.0;2135.0;62.0;1463.0;1612;1489.0
4235;180.0;16A4EE64;0731C1FB;0.0;0.9;0.97;0.01;0.0;3.0;5.0;14.0;59.0;1112.0;62.0;1462.0;1604;1488.0
4234;180.0;6A88F4EC;0731C1FB;0.0;1.07;1.15;0.01;0.0;2.0;5.0;5.0;45.0;2118.0;62.0;1462.0;1605;1488.0
4233;180.0;4B156822;0731C1FB;0.0;1.1;1.18;0.01;0.0;1.0;5.0;2.0;23.0;1858.0;62.0;1462.0;1619;1488.0
4232;180.0;3678BFFE;07025389;0.02;0.29;0.32;0.01;0.02;6.0;6.0;8.0;28.0;1854.0;46.0;1497.0;1653;1537.0
4231;180.0;35AA0819;07025389;0.02;0.31;0.35;0.01;0.02;5.0;6.0;7.0;8.0;1860.0;46.0;1497.0;1647;1537.0
4230;180.0;CC1679F3;07025389;0.02;0.27;0.3;0.01;0.01;4.0;6.0;14.0;58.0;840.0;46.0;1497.0;1654;1537.0
4229;180.0;CBA631D1;07025389;0.02;0.26;0.28;0.01;0.01;3.0;6.0;5.0;44.0;1838.0;46.0;1497.0;1653;1537.0
4228;180.0;B846ABA5;07025389;0.02;0.31;0.35;0.01;0.02;2.0;6.0;2.0;22.0;1577.0;46.0;1497.0;1660;1537.0
4227;180.0;BF1CEADC;07025389;0.02;0.24;0.27;0.01;0.01;1.0;6.0;8.0;27.0;1582.0;55.0;1497.0;1660;1537.0
4226;180.0;C89B5F99;163D1351;0.02;0.19;0.2;0.0;0.02;6.0;6.0;7.0;7.0;1592.0;51.0;1503.0;1681;1548.0
4225;180.0;C931942A;163D1351;0.02;0.23;0.25;0.0;0.02;5.0;6.0;14.0;57.0;572.0;51.0;1503.0;1660;1548.0
4224;180.0;24120D28;163D1351;0.02;0.17;0.19;0.0;0.02;4.0;6.0;5.0;43.0;1574.0;51.0;1503.0;1676;1548.0
4223;180.0;9D7F4E10;163D1351;0.02;0.24;0.26;0.0;0.02;3.0;6.0;2.0;21.0;1315.0;51.0;1503.0;1663;1548.0
4222;180.0;F21077FB;A201F563;0.02;0.19;0.24;0.01;0.0;2.0;6.0;8.0;26.0;1312.0;46.0;1504.0;1673;1544.0
4221;180.0;2882E32B;76E5EEFF;0.03;0.25;0.29;0.01;0.01;1.0;6.0;7.0;6.0;1311.0;55.0;1504.0;1693;1549.0
4220;180.0;7A33CD5C;392BEDA4;0.02;0.21;0.23;0.01;0.02;3.0;3.0;14.0;56.0;293.0;46.0;1504.0;1666;1544.0
4219;180.0;9DD94E1C;DFBF368A;0.01;0.33;0.37;0.0;0.0;2.0;3.0;5.0;42.0;1276.0;57.0;1485.0;1655;1525.0
4218;180.0;AFED4F1D;DFBF368A;0.01;0.48;0.54;0.0;0.0;1.0;3.0;2.0;20.0;1019.0;57.0;1485.0;1668;1525.0
4217;180.0;2833507C;E2EF030B;0.02;0.19;0.22;0.01;0.03;3.0;3.0;8.0;25.0;1027.0;46.0;1502.0;1669;1547.0
4216;180.0;A5F8521C;E2EF030B;0.02;0.21;0.24;0.01;0.03;2.0;3.0;7.0;5.0;1015.0;46.0;1502.0;1668;1547.0
4215;180.0;54F4FD04;D36B37E7;0.01;0.49;0.56;0.0;0.0;1.0;3.0;14.0;55.0;0.0;57.0;1480.0;1685;1520.0
4214;180.0;5D20573F;5F2CB262;0.02;0.18;0.21;0.01;0.02;2.0;2.0;5.0;41.0;992.0;46.0;1504.0;1662;1544.0
4213;180.0;AB06A912;5F2CB262;0.02;0.18;0.21;0.01;0.02;1.0;2.0;2.0;19.0;733.0;46.0;1504.0;1666;1544.0
4212;180.0;79206B91;5E203A14;0.01;0.48;0.5;0.0;0.01;5.0;5.0;8.0;24.0;740.0;46.0;1486.0;1640;1526.0
4211;180.0;1023513B;5871DF5A;0.01;0.34;0.37;0.01;0.04;4.0;5.0;7.0;4.0;724.0;46.0;1486.0;1647;1536.0
4210;180.0;87AC782F;BE0EA08D;0.02;0.26;0.28;0.0;0.02;3.0;5.0;5.0;40.0;749.0;46.0;1497.0;1646;1537.0
4209;180.0;41046925;00FFEE90;0.01;0.44;0.47;0.01;0.03;2.0;5.0;2.0;18.0;493.0;51.0;1489.0;1656;1534.0
4208;180.0;63E4F1BC;00FFEE90;0.01;0.36;0.39;0.01;0.02;1.0;5.0;8.0;23.0;499.0;51.0;1489.0;1668;1534.0
4207;180.0;411D6CD0;53C00FD5;0.01;0.48;0.51;0.0;0.02;5.0;5.0;7.0;3.0;500.0;46.0;1483.0;1647;1523.0
4206;180.0;3193D079;53C00FD5;0.01;0.41;0.44;0.0;0.02;4.0;5.0;5.0;39.0;534.0;46.0;1483.0;1630;1523.0
4205;180.0;8380F089;DD4524C7;0.03;0.6;0.62;0.01;0.0;3.0;5.0;2.0;17.0;250.0;46.0;1480.0;1634;1515.0
4204;180.0;08B59849;DD4524C7;0.02;0.44;0.46;0.01;0.0;2.0;5.0;8.0;22.0;231.0;46.0;1480.0;1623;1515.0
4203;180.0;3E69A0A7;DD4524C7;0.02;0.55;0.58;0.01;0.0;1.0;5.0;7.0;2.0;228.0;53.0;1480.0;1652;1515.0
4202;180.0;7308267F;E9D2B793;0.0;0.48;0.53;0.01;0.1;5.0;5.0;5.0;38.0;259.0;25.0;1480.0;1629;1520.0
4201;180.0;67A28CED;E9D2B793;0.0;0.41;0.45;0.01;0.09;4.0;5.0;2.0;16.0;0.0;25.0;1480.0;1642;1520.0
4200;180.0;B43C40E8;E9D2B793;0.0;0.42;0.47;0.01;0.09;3.0;5.0;8.0;21.0;0.0;25.0;1480.0;1641;1520.0
4199;180.0;1CB45B96;E9D2B793;0.0;0.3;0.34;0.01;0.07;2.0;2.0;7.0;1.0;0.0;25.0;1480.0;1660;1520.0
4198;180.0;6F1769AE;E9D2B793;0.0;0.35;0.39;0.01;0.08;1.0;2.0;5.0;37.0;0.0;25.0;1480.0;1672;1520.0
4197;180.0;1A0A6DC3;5871DF5A;0.01;0.25;0.28;0.01;0.03;3.0;3.0;2.0;15.0;3997.0;46.0;1486.0;1653;1536.0
4196;180.0;C39F6985;5871DF5A;0.01;0.37;0.41;0.02;0.04;2.0;3.0;4.0;70.0;1093.0;46.0;1486.0;1652;1536.0
4195;180.0;7A1D93B7;5871DF5A;0.01;0.24;0.26;0.01;0.02;1.0;3.0;14.0;54.0;6161.0;46.0;1486.0;1665;1536.0
4194;180.0;2DB73D0D;F1291CB0;0.02;0.23;0.25;0.01;0.02;4.0;4.0;6.0;19.0;5199.0;55.0;1506.0;1671;1546.0
4193;180.0;5542350D;F1291CB0;0.02;0.2;0.22;0.01;0.02;3.0;4.0;5.0;36.0;6027.0;55.0;1506.0;1670;1546.0
4192;180.0;6F45C6B8;F1291CB0;0.02;0.18;0.2;0.01;0.02;2.0;4.0;2.0;14.0;3716.0;55.0;1506.0;1667;1546.0
4191;180.0;E18B71B9;F1291CB0;0.02;0.18;0.2;0.01;0.02;1.0;4.0;4.0;69.0;824.0;60.0;1506.0;1685;1546.0
4190;180.0;C1746364;5A195F30;0.0;0.38;0.4;0.0;0.03;5.0;5.0;14.0;53.0;5879.0;46.0;1487.0;1643;1527.0
4189;180.0;985AAEB3;5A195F30;0.01;0.45;0.47;0.0;0.03;4.0;5.0;6.0;18.0;4924.0;46.0;1487.0;1639;1527.0
4188;180.0;49737CF5;5A195F30;0.0;0.36;0.38;0.0;0.02;3.0;5.0;5.0;35.0;5748.0;46.0;1487.0;1640;1527.0
4187;180.0;DB1C7B6F;71A937D5;0.01;0.4;0.45;0.0;0.02;2.0;5.0;2.0;13.0;3418.0;51.0;1487.0;1650;1522.0
4186;180.0;7A7C7F87;71A937D5;0.02;0.41;0.47;0.0;0.02;1.0;5.0;4.0;68.0;516.0;55.0;1487.0;1663;1522.0
4185;180.0;534A670E;5C6E672A;0.02;0.56;0.59;0.01;0.02;10.0;10.0;14.0;52.0;5584.0;46.0;1483.0;1646;1518.0
4184;180.0;F317191D;5C6E672A;0.02;0.5;0.54;0.01;0.02;9.0;10.0;6.0;17.0;4634.0;46.0;1483.0;1635;1518.0
4183;180.0;051A4C93;87C78AB7;0.01;0.54;0.63;0.0;0.0;8.0;10.0;5.0;34.0;5462.0;32.0;1480.0;1617;1525.0
4182;180.0;EF04F31B;87C78AB7;0.01;0.53;0.61;0.0;0.0;7.0;10.0;2.0;12.0;3152.0;32.0;1480.0;1615;1525.0
4181;180.0;1D3BA43D;87C78AB7;0.01;0.45;0.52;0.0;0.0;6.0;10.0;4.0;67.0;267.0;32.0;1480.0;1611;1525.0
4180;180.0;E6C66639;87C78AB7;0.01;0.49;0.57;0.0;0.0;5.0;10.0;14.0;51.0;5336.0;32.0;1480.0;1614;1525.0
4179;180.0;28057636;87C78AB7;0.0;0.38;0.44;0.0;0.0;4.0;10.0;6.0;16.0;4372.0;32.0;1480.0;1620;1525.0
4178;180.0;62B6ED38;87C78AB7;0.01;0.55;0.64;0.0;0.0;3.0;10.0;5.0;33.0;5192.0;32.0;1480.0;1620;1525.0
4177;180.0;556AC8FA;87C78AB7;0.0;0.42;0.49;0.0;0.0;2.0;10.0;2.0;11.0;2887.0;32.0;1480.0;1620;1525.0
4176;180.0;A9253611;87C78AB7;0.01;0.53;0.61;0.0;0.0;1.0;10.0;4.0;66.0;0.0;55.0;1480.0;1665;1525.0
4175;180.0;7234BEFB;76E5EEFF;0.02;0.18;0.21;0.01;0.01;6.0;6.0;14.0;50.0;5065.0;55.0;1504.0;1682;1549.0
4174;180.0;C35B272D;76E5EEFF;0.03;0.2;0.23;0.01;0.01;5.0;6.0;6.0;15.0;4113.0;55.0;1504.0;1661;1549.0
4173;180.0;1E00020A;76E5EEFF;0.02;0.19;0.22;0.01;0.01;4.0;6.0;5.0;32.0;4932.0;46.0;1504.0;1655;1549.0
4172;180.0;C5C71D92;A201F563;0.02;0.23;0.29;0.01;0.0;3.0;6.0;2.0;10.0;2628.0;46.0;1504.0;1654;1544.0
4171;180.0;D650049D;A201F563;0.02;0.2;0.25;0.01;0.0;2.0;6.0;14.0;49.0;4846.0;46.0;1504.0;1653;1544.0
4170;180.0;6697B833;A201F563;0.02;0.21;0.27;0.01;0.0;1.0;6.0;6.0;14.0;3882.0;51.0;1504.0;1675;1544.0
4169;180.0;82184552;10A9A4D4;0.02;0.16;0.19;0.01;0.02;4.0;4.0;5.0;31.0;4704.0;46.0;1502.0;1658;1542.0
4168;180.0;779B983D;96956A01;0.03;0.23;0.25;0.01;0.03;3.0;4.0;2.0;9.0;2399.0;46.0;1500.0;1654;1540.0
4167;180.0;D62DD7ED;96956A01;0.02;0.15;0.16;0.01;0.02;2.0;4.0;4.0;65.0;4624.0;46.0;1500.0;1651;1540.0
4166;180.0;1DD97B61;96956A01;0.02;0.18;0.2;0.01;0.02;1.0;4.0;14.0;48.0;4550.0;46.0;1500.0;1669;1540.0
4165;180.0;A91F15D7;502F0F5B;0.01;0.41;0.44;0.01;0.05;4.0;4.0;6.0;13.0;3594.0;51.0;1470.0;1626;1515.0
4164;180.0;B56D6C0D;D22BFB79;0.01;0.32;0.35;0.01;0.04;3.0;4.0;5.0;30.0;4412.0;46.0;1480.0;1658;1540.0
4163;180.0;11A8884B;9C5F9BFA;0.01;0.31;0.34;0.0;0.01;2.0;4.0;2.0;8.0;2107.0;46.0;1490.0;1658;1535.0
4162;180.0;9EC0303C;19008928;0.01;0.49;0.54;0.0;0.02;1.0;4.0;4.0;64.0;4342.0;51.0;1474.0;1666;1530.0
4161;180.0;21AF3907;E1C94594;0.02;0.31;0.33;0.0;0.0;5.0;5.0;14.0;47.0;4281.0;46.0;1494.0;1653;1534.0
4160;180.0;386FB9D8;E1C94594;0.02;0.32;0.34;0.0;0.0;4.0;5.0;6.0;12.0;3324.0;46.0;1494.0;1653;1534.0
4159;180.0;6535A481;E1C94594;0.02;0.34;0.36;0.0;0.0;3.0;5.0;5.0;29.0;4151.0;46.0;1494.0;1641;1534.0
4158;180.0;50C36219;E1C94594;0.01;0.29;0.31;0.0;0.0;2.0;5.0;2.0;7.0;1847.0;46.0;1494.0;1652;1534.0
4157;180.0;002D1A70;217DAC59;0.02;0.39;0.4;0.0;0.02;1.0;5.0;4.0;63.0;4091.0;51.0;1483.0;1656;1523.0
4156;180.0;D783749E;D927D5F2;0.02;0.18;0.21;0.01;0.02;6.0;6.0;14.0;46.0;4024.0;46.0;1507.0;1672;1552.0
4155;180.0;7FC9F264;D927D5F2;0.02;0.13;0.14;0.01;0.02;5.0;6.0;6.0;11.0;3068.0;46.0;1507.0;1685;1552.0
4150;180.0;BAD0060B;D6C5A3D0;0.03;0.23;0.25;0.0;0.02;7.0;7.0;6.0;10.0;2808.0;46.0;1501.0;1664;1546.0
4149;180.0;60DE7B3B;D6C5A3D0;0.02;0.15;0.16;0.0;0.01;6.0;7.0;5.0;27.0;3629.0;46.0;1501.0;1662;1546.0
4148;180.0;53C4ECD8;9CF45E8B;0.01;0.39;0.41;0.01;0.02;5.0;7.0;2.0;5.0;1315.0;51.0;1475.0;1645;1525.0
4147;180.0;1D4DBFC1;9CF45E8B;0.01;0.35;0.36;0.01;0.02;4.0;7.0;4.0;61.0;3556.0;51.0;1475.0;1642;1525.0
4146;180.0;D8D008C7;6466E4EB;0.02;0.17;0.2;0.01;0.01;3.0;7.0;14.0;44.0;3563.0;46.0;1505.0;1660;1545.0
4145;180.0;DF484954;67470249;0.01;0.44;0.5;0.0;0.02;2.0;7.0;6.0;9.0;2523.0;51.0;1486.0;1660;1526.0
4144;180.0;6F525853;67470249;0.01;0.34;0.38;0.0;0.02;1.0;7.0;5.0;26.0;3328.0;51.0;1486.0;1664;1526.0
4143;180.0;5F45D206;56FFE5DC;0.03;0.2;0.23;0.02;0.01;4.0;4.0;2.0;4.0;876.0;39.0;1507.0;1642;1532.0
4142;180.0;795A3716;56FFE5DC;0.02;0.16;0.18;0.01;0.01;3.0;4.0;4.0;60.0;3115.0;39.0;1507.0;1642;1532.0
4141;180.0;D741D6F2;56FFE5DC;0.02;0.17;0.2;0.01;0.01;2.0;4.0;14.0;43.0;3118.0;39.0;1507.0;1641;1532.0
4140;180.0;47F58424;56FFE5DC;0.02;0.18;0.2;0.01;0.01;1.0;4.0;6.0;8.0;2077.0;60.0;1507.0;1683;1532.0
4139;180.0;F1037AB0;4D302CE7;0.0;1.13;1.18;0.0;0.0;5.0;5.0;5.0;25.0;2904.0;64.0;1460.0;1617;1485.0
4138;180.0;4B8A9885;4D302CE7;0.0;0.89;0.92;0.0;0.0;4.0;5.0;2.0;3.0;582.0;64.0;1460.0;1618;1485.0
4137;180.0;7DF8AFC0;4D302CE7;0.0;0.81;0.85;0.0;0.0;3.0;5.0;4.0;59.0;2831.0;64.0;1460.0;1618;1485.0
4136;180.0;45187F18;4D302CE7;0.0;1.02;1.06;0.0;0.0;2.0;5.0;14.0;42.0;2832.0;64.0;1460.0;1608;1485.0
4135;180.0;7092A001;4D302CE7;0.0;1.11;1.16;0.0;0.0;1.0;5.0;6.0;7.0;1790.0;69.0;1460.0;1626;1485.0
4134;180.0;318B4ADA;71A937D5;0.01;0.33;0.37;0.0;0.02;7.0;7.0;5.0;24.0;2617.0;51.0;1487.0;1653;1522.0
4133;180.0;DB69E1C7;60B76B26;0.02;0.21;0.25;0.01;0.02;6.0;7.0;2.0;2.0;309.0;46.0;1504.0;1672;1544.0
4132;180.0;74925B2A;60B76B26;0.02;0.21;0.24;0.01;0.02;5.0;7.0;4.0;58.0;2559.0;46.0;1504.0;1670;1544.0
4131;180.0;6B3E48DB;A410176C;0.02;0.16;0.2;0.01;0.01;4.0;7.0;14.0;41.0;2570.0;57.0;1502.0;1673;1547.0
4130;180.0;1D921387;A410176C;0.02;0.17;0.23;0.01;0.01;3.0;7.0;6.0;6.0;1518.0;57.0;1502.0;1662;1547.0
4129;180.0;3D38FA48;A410176C;0.02;0.19;0.25;0.01;0.01;2.0;7.0;5.0;23.0;2340.0;57.0;1502.0;1670;1547.0
4128;180.0;EBACB882;A410176C;0.02;0.19;0.25;0.01;0.01;1.0;7.0;2.0;1.0;0.0;57.0;1502.0;1728;1547.0
4127;180.0;46B8B747;56FFE5DC;0.03;0.21;0.23;0.02;0.01;4.0;4.0;4.0;57.0;2251.0;39.0;1507.0;1645;1532.0
4126;180.0;87B5FB22;56FFE5DC;0.02;0.2;0.22;0.01;0.01;3.0;4.0;14.0;40.0;2260.0;39.0;1507.0;1647;1532.0
4125;180.0;38CF9574;56FFE5DC;0.02;0.14;0.15;0.01;0.01;2.0;4.0;6.0;5.0;1213.0;39.0;1507.0;1641;1532.0
4124;180.0;A0B25534;56FFE5DC;0.02;0.14;0.16;0.01;0.01;1.0;4.0;5.0;22.0;2026.0;55.0;1507.0;1666;1532.0
4123;180.0;27228FEF;0731C1FB;0.0;1.03;1.11;0.01;0.0;5.0;5.0;4.0;56.0;2015.0;62.0;1462.0;1605;1488.0
4122;180.0;85B80C6C;0731C1FB;0.0;0.93;1.0;0.01;0.0;4.0;5.0;14.0;39.0;2011.0;62.0;1462.0;1612;1488.0
4121;180.0;97DAD882;0731C1FB;0.0;0.99;1.07;0.01;0.0;3.0;5.0;6.0;4.0;958.0;62.0;1462.0;1610;1488.0
4120;180.0;1023513B;0731C1FB;0.0;1.09;1.17;0.01;0.0;2.0;5.0;5.0;21.0;1774.0;62.0;1462.0;1599;1488.0
4119;180.0;E00A1F01;0731C1FB;0.0;0.97;1.04;0.01;0.0;1.0;5.0;4.0;55.0;1746.0;62.0;1462.0;1619;1488.0
4118;180.0;F271BB97;281A1554;0.0;0.51;0.53;0.01;0.0;3.0;3.0;14.0;38.0;1728.0;57.0;1486.0;1712;1541.0
4117;180.0;40F8D42B;281A1554;0.01;0.55;0.57;0.01;0.0;2.0;3.0;6.0;3.0;674.0;57.0;1486.0;1701;1541.0
4116;180.0;E8B4DBB2;281A1554;0.0;0.45;0.47;0.01;0.0;1.0;3.0;5.0;20.0;1485.0;57.0;1486.0;1712;1541.0
4115;180.0;A357642E;2757A61E;0.01;0.61;0.65;0.01;0.0;3.0;3.0;4.0;54.0;1469.0;57.0;1486.0;1713;1541.0
4114;180.0;6237EEF6;2757A61E;0.01;0.59;0.63;0.01;0.0;2.0;3.0;1.0;70.0;1301.0;57.0;1486.0;1697;1541.0
4113;180.0;AA9CC29A;2757A61E;0.01;0.71;0.76;0.01;0.0;1.0;3.0;14.0;37.0;1400.0;57.0;1486.0;1698;1541.0
4112;180.0;3A663C72;2757A61E;0.0;0.49;0.53;0.01;0.0;3.0;3.0;6.0;2.0;346.0;57.0;1486.0;1707;1541.0
4111;180.0;2F645201;2757A61E;0.0;0.52;0.56;0.01;0.0;2.0;3.0;5.0;19.0;1161.0;57.0;1486.0;1693;1541.0
4110;180.0;6DD9A038;2757A61E;0.01;0.64;0.69;0.01;0.0;1.0;3.0;4.0;53.0;1144.0;57.0;1486.0;1713;1541.0
4109;180.0;1642D0B3;2757A61E;0.01;0.69;0.74;0.01;0.0;3.0;3.0;1.0;69.0;968.0;57.0;1486.0;1710;1541.0
4108;180.0;38D0F2A1;2757A61E;0.01;0.6;0.64;0.01;0.0;2.0;3.0;14.0;36.0;1066.0;57.0;1486.0;1694;1541.0
4107;180.0;9D94728E;2757A61E;0.0;0.47;0.5;0.01;0.0;1.0;3.0;6.0;1.0;0.0;57.0;1486.0;1736;1541.0
4106;180.0;C656DAB2;703CB22C;0.02;0.5;0.52;0.0;0.02;6.0;6.0;5.0;18.0;819.0;46.0;1486.0;1649;1536.0
4105;180.0;CB9980E4;703CB22C;0.02;0.57;0.59;0.0;0.02;5.0;6.0;4.0;52.0;807.0;46.0;1486.0;1646;1536.0
4104;180.0;853889C1;703CB22C;0.02;0.43;0.45;0.0;0.02;4.0;6.0;14.0;35.0;809.0;46.0;1486.0;1650;1536.0
4103;180.0;E0C15374;703CB22C;0.02;0.44;0.45;0.0;0.02;3.0;6.0;1.0;68.0;580.0;46.0;1486.0;1650;1536.0
4102;180.0;689AA84F;B5D5B9CA;0.01;0.38;0.42;0.0;0.02;2.0;6.0;5.0;17.0;585.0;39.0;1480.0;1634;1520.0
4101;180.0;534A670E;9C5F9BFA;0.01;0.39;0.42;0.0;0.02;1.0;6.0;4.0;51.0;575.0;51.0;1490.0;1669;1535.0
4100;180.0;B8EAFB02;9C5F9BFA;0.01;0.28;0.3;0.0;0.01;2.0;3.0;14.0;34.0;526.0;46.0;1490.0;1650;1535.0
4099;180.0;D231B01C;9C5F9BFA;0.01;0.41;0.45;0.0;0.02;1.0;3.0;1.0;67.0;309.0;51.0;1490.0;1673;1535.0
4098;180.0;44BAAA07;9C5F9BFA;0.01;0.3;0.32;0.0;0.01;4.0;7.0;5.0;16.0;240.0;46.0;1490.0;1656;1535.0
4097;180.0;318B7A63;9C5F9BFA;0.01;0.3;0.32;0.0;0.01;3.0;7.0;4.0;50.0;231.0;46.0;1490.0;1643;1535.0
4096;180.0;0DA811F7;9C5F9BFA;0.01;0.26;0.28;0.0;0.01;2.0;7.0;14.0;33.0;226.0;46.0;1490.0;1651;1535.0
4095;180.0;7A5BE335;9C5F9BFA;0.01;0.36;0.39;0.0;0.02;1.0;7.0;1.0;66.0;0.0;51.0;1490.0;1681;1535.0
4094;180.0;97A9CC5E;CC996FCB;0.02;0.17;0.2;0.0;0.0;3.0;3.0;5.0;15.0;0.0;48.0;1510.0;1695;1550.0
4093;180.0;08F62FCC;CC996FCB;0.02;0.19;0.22;0.0;0.0;2.0;3.0;4.0;49.0;0.0;48.0;1510.0;1673;1550.0
4092;180.0;59B15FD6;CC996FCB;0.02;0.15;0.18;0.0;0.0;1.0;3.0;14.0;32.0;0.0;48.0;1510.0;1717;1550.0
4091;90.0;7070F8D5;DAF26177;0.0;0.45;0.49;0.0;0.01;1.0;1.0;1.0;65.0;9349.0;34.0;1480.0;1631;1525.0
4090;90.0;F491AAFC;DAF26177;0.0;0.42;0.45;0.0;0.01;3.0;5.0;5.0;14.0;4049.0;34.0;1480.0;1626;1525.0
4089;90.0;5ADA76B1;DAF26177;0.01;0.52;0.56;0.0;0.02;2.0;5.0;4.0;48.0;7572.0;18.0;1480.0;1612;1525.0
4088;90.0;24EDBBAB;DAF26177;0.0;0.37;0.4;0.0;0.01;1.0;5.0;8.0;20.0;5759.0;41.0;1480.0;1650;1525.0
4087;90.0;37D29B2F;BFEB6EA0;0.02;0.34;0.38;0.0;0.02;10.0;10.0;14.0;31.0;9165.0;34.0;1483.0;1643;1538.0
4086;90.0;2461F80F;BFEB6EA0;0.02;0.47;0.52;0.0;0.02;9.0;10.0;1.0;64.0;8990.0;34.0;1483.0;1647;1538.0
4085;90.0;A5EF789A;BFEB6EA0;0.02;0.35;0.39;0.0;0.02;8.0;10.0;5.0;13.0;3759.0;34.0;1483.0;1653;1538.0
4084;90.0;373864A9;BFEB6EA0;0.03;0.52;0.58;0.0;0.03;7.0;10.0;4.0;47.0;7285.0;34.0;1483.0;1652;1538.0
4083;90.0;273492F8;BFEB6EA0;0.02;0.4;0.45;0.0;0.02;6.0;10.0;8.0;19.0;5475.0;34.0;1483.0;1653;1538.0
4082;90.0;6CC2E85A;BFEB6EA0;0.02;0.35;0.39;0.0;0.02;5.0;10.0;14.0;30.0;8892.0;34.0;1483.0;1649;1538.0
4081;90.0;890F56A4;BFEB6EA0;0.02;0.37;0.42;0.0;0.02;4.0;10.0;1.0;63.0;8720.0;34.0;1483.0;1655;1538.0
4080;90.0;EA27C069;BFEB6EA0;0.02;0.48;0.54;0.0;0.02;3.0;10.0;5.0;12.0;3493.0;34.0;1483.0;1641;1538.0
4079;90.0;F01DD559;BFEB6EA0;0.02;0.35;0.39;0.0;0.02;2.0;10.0;4.0;46.0;7009.0;34.0;1483.0;1647;1538.0
4078;90.0;3ED07C2A;BFEB6EA0;0.02;0.42;0.47;0.0;0.02;1.0;10.0;8.0;18.0;5203.0;46.0;1483.0;1659;1538.0
4077;90.0;3678BFFE;44661CD0;0.02;0.17;0.19;0.01;0.02;6.0;6.0;14.0;29.0;8620.0;32.0;1506.0;1664;1551.0
4076;90.0;E044D9B9;44661CD0;0.02;0.17;0.19;0.01;0.02;5.0;6.0;1.0;62.0;8447.0;32.0;1506.0;1656;1551.0
4075;90.0;85E31439;44661CD0;0.02;0.15;0.16;0.01;0.02;4.0;6.0;5.0;11.0;3226.0;32.0;1506.0;1656;1551.0
4074;90.0;AC0873A5;44661CD0;0.02;0.16;0.18;0.01;0.02;3.0;6.0;4.0;45.0;6755.0;32.0;1506.0;1651;1551.0
4073;90.0;F37D7262;71A937D5;0.01;0.35;0.4;0.0;0.02;2.0;6.0;8.0;17.0;4917.0;34.0;1487.0;1641;1542.0
4072;90.0;74C488E4;71A937D5;0.01;0.33;0.37;0.0;0.02;1.0;6.0;14.0;28.0;8333.0;34.0;1487.0;1660;1542.0
4071;90.0;37F00FEF;1FCFE9BD;0.02;0.2;0.22;0.01;0.02;4.0;4.0;1.0;61.0;8146.0;34.0;1500.0;1659;1545.0
4070;90.0;69BE1433;0D082BA3;0.01;0.23;0.25;0.01;0.02;3.0;4.0;5.0;10.0;2918.0;34.0;1498.0;1645;1538.0
4069;90.0;9FB472F4;D6BA9D02;0.01;0.34;0.36;0.0;0.02;2.0;4.0;4.0;44.0;6427.0;34.0;1481.0;1632;1526.0
4068;90.0;82677F0C;67470249;0.01;0.48;0.54;0.0;0.03;1.0;4.0;8.0;16.0;4615.0;34.0;1486.0;1659;1531.0
4067;90.0;11AC9F19;7BF6FBDF;0.01;0.4;0.43;0.0;0.01;4.0;4.0;14.0;27.0;8024.0;34.0;1482.0;1652;1537.0
4066;90.0;D650049D;7BF6FBDF;0.02;0.49;0.52;0.0;0.01;3.0;4.0;1.0;60.0;7837.0;34.0;1482.0;1642;1537.0
4065;90.0;00D9D723;7BF6FBDF;0.02;0.55;0.58;0.0;0.01;2.0;4.0;5.0;9.0;2604.0;34.0;1482.0;1644;1537.0
4064;90.0;83937AC0;7BF6FBDF;0.02;0.58;0.61;0.0;0.01;1.0;4.0;4.0;43.0;6129.0;34.0;1482.0;1662;1537.0
4063;90.0;DBF37738;59D14704;0.01;0.51;0.55;0.0;0.01;7.0;7.0;8.0;15.0;4319.0;34.0;1487.0;1648;1537.0
4062;90.0;EBAB0328;59D14704;0.01;0.49;0.52;0.0;0.01;6.0;7.0;14.0;26.0;7721.0;34.0;1487.0;1642;1537.0
4061;90.0;0AC53DF4;59D14704;0.02;0.65;0.7;0.0;0.01;5.0;7.0;1.0;59.0;7543.0;34.0;1487.0;1645;1537.0
4060;90.0;5A327634;59D14704;0.02;0.55;0.6;0.0;0.01;4.0;7.0;5.0;8.0;2318.0;34.0;1487.0;1641;1537.0
4059;90.0;72D6E790;59D14704;0.01;0.43;0.46;0.0;0.01;3.0;7.0;4.0;42.0;5840.0;34.0;1487.0;1643;1537.0
4058;90.0;6244DA14;59D14704;0.01;0.41;0.45;0.0;0.01;2.0;7.0;8.0;14.0;4016.0;34.0;1487.0;1649;1537.0
4057;90.0;3FF7301D;59D14704;0.01;0.5;0.54;0.0;0.01;1.0;7.0;14.0;25.0;7419.0;44.0;1487.0;1655;1537.0
4056;90.0;3B5B515E;60EFAC81;0.01;0.42;0.46;0.02;0.05;3.0;3.0;1.0;58.0;7242.0;34.0;1480.0;1665;1540.0
4055;90.0;015B480C;60EFAC81;0.01;0.39;0.42;0.02;0.04;2.0;3.0;5.0;7.0;2015.0;34.0;1480.0;1654;1540.0
4054;90.0;667F9E73;E9D2B793;0.0;0.42;0.47;0.01;0.09;1.0;3.0;4.0;41.0;5546.0;18.0;1480.0;1630;1520.0
4053;90.0;4D32AAD1;E9D2B793;0.0;0.35;0.39;0.01;0.08;2.0;2.0;8.0;13.0;3674.0;34.0;1480.0;1634;1520.0
4052;90.0;D22B5C97;9970B431;0.0;0.45;0.55;0.01;0.1;1.0;5.0;14.0;24.0;7085.0;34.0;1480.0;1645;1520.0
4051;90.0;68DE31BE;A8E02CB3;0.01;0.55;0.6;0.0;0.02;6.0;6.0;1.0;57.0;6914.0;18.0;1480.0;1619;1525.0
4050;90.0;B16F2BC8;D3EA2584;0.01;0.44;0.47;0.0;0.02;5.0;6.0;5.0;6.0;1682.0;18.0;1482.0;1622;1527.0
4049;90.0;4A3C9BA6;D3EA2584;0.01;0.43;0.46;0.0;0.02;4.0;6.0;5.0;6.0;1622.0;34.0;1482.0;1622;1527.0
4048;90.0;707819BA;5C6E672A;0.02;0.44;0.47;0.0;0.02;3.0;6.0;8.0;12.0;3388.0;34.0;1483.0;1638;1528.0
4047;90.0;EDEA0B5F;E85F4719;0.01;0.57;0.61;0.0;0.02;2.0;6.0;14.0;23.0;6796.0;34.0;1487.0;1639;1532.0
4046;90.0;F6D9B4CF;E85F4719;0.0;0.47;0.5;0.0;0.02;1.0;6.0;1.0;56.0;6554.0;34.0;1487.0;1662;1532.0
4045;90.0;121E85EF;9C0993CD;0.02;0.48;0.53;0.0;0.02;1.0;2.0;4.0;39.0;4958.0;51.0;1480.0;1655;1530.0
4044;90.0;90E32A99;9C0993CD;0.02;0.47;0.51;0.0;0.02;1.0;2.0;5.0;5.0;1261.0;51.0;1480.0;1652;1530.0
4043;90.0;FA323A91;9C0993CD;0.02;0.53;0.58;0.0;0.02;5.0;5.0;8.0;11.0;3019.0;34.0;1480.0;1646;1530.0
4042;90.0;99378966;9C0993CD;0.02;0.51;0.56;0.0;0.02;4.0;6.0;14.0;22.0;6403.0;51.0;1480.0;1639;1530.0
4041;90.0;063AED73;9C0993CD;0.03;0.55;0.6;0.0;0.02;3.0;6.0;1.0;55.0;6227.0;51.0;1480.0;1637;1530.0
4040;90.0;41C8BC55;B5D5B9CA;0.01;0.54;0.6;0.0;0.02;2.0;6.0;4.0;38.0;4636.0;34.0;1480.0;1620;1525.0
4039;90.0;F998C750;332091CC;0.01;0.51;0.56;0.01;0.0;1.0;6.0;5.0;4.0;930.0;34.0;1486.0;1647;1531.0
4038;90.0;77BF99A5;0C12C54A;0.0;0.52;0.56;0.02;0.06;3.0;3.0;8.0;10.0;2701.0;51.0;1472.0;1643;1517.0
4037;90.0;76B83055;0C12C54A;0.0;0.52;0.56;0.02;0.06;2.0;3.0;14.0;21.0;6102.0;51.0;1472.0;1624;1517.0
4036;90.0;2D5171B1;0C12C54A;0.0;0.51;0.54;0.02;0.06;1.0;3.0;1.0;54.0;5925.0;34.0;1472.0;1638;1517.0
4035;90.0;2146FE7D;D927D5F2;0.02;0.12;0.14;0.01;0.02;6.0;6.0;4.0;37.0;4333.0;32.0;1507.0;1680;1551.0
4034;90.0;16713454;D927D5F2;0.02;0.18;0.2;0.01;0.02;5.0;6.0;5.0;3.0;638.0;32.0;1507.0;1685;1551.0
4033;90.0;CC2F321D;D927D5F2;0.02;0.12;0.14;0.01;0.02;4.0;6.0;8.0;9.0;2412.0;32.0;1507.0;1658;1551.0
4032;90.0;CC8A8A8F;D927D5F2;0.02;0.15;0.17;0.01;0.02;3.0;6.0;14.0;20.0;5830.0;32.0;1507.0;1663;1551.0
4031;90.0;A97BF6AF;D9882B65;0.01;0.35;0.38;0.0;0.02;2.0;6.0;1.0;53.0;5646.0;34.0;1490.0;1653;1540.0
4030;90.0;F1037AB0;BFEB6EA0;0.03;0.5;0.57;0.0;0.03;1.0;6.0;4.0;36.0;4042.0;39.0;1483.0;1664;1538.0
4029;90.0;5C022BBE;B44BA138;0.01;0.36;0.38;0.01;0.05;6.0;6.0;5.0;2.0;306.0;34.0;1482.0;1672;1542.0
4028;90.0;AAA0C566;656E5837;0.02;0.38;0.42;0.0;0.02;5.0;6.0;8.0;8.0;2073.0;41.0;1486.0;1638;1531.0
4027;90.0;35AA0819;656E5837;0.02;0.42;0.47;0.0;0.02;4.0;6.0;14.0;19.0;5486.0;18.0;1486.0;1622;1531.0
4026;90.0;4B1505FC;656E5837;0.02;0.46;0.51;0.0;0.02;3.0;6.0;1.0;52.0;5295.0;34.0;1486.0;1634;1531.0
4025;90.0;C2760E44;7320E76A;0.02;0.45;0.47;0.0;0.02;2.0;6.0;4.0;35.0;3693.0;18.0;1481.0;1640;1536.0
4024;90.0;B971DDDE;0A8B5BDF;0.01;0.4;0.42;0.01;0.02;1.0;6.0;5.0;1.0;0.0;41.0;1481.0;1704;1536.0
4023;90.0;6E0064DF;7BF6FBDF;0.02;0.52;0.55;0.0;0.01;10.0;10.0;8.0;7.0;1765.0;34.0;1482.0;1650;1537.0
4022;90.0;6A68A12A;7BF6FBDF;0.02;0.45;0.48;0.0;0.01;9.0;10.0;3.0;65.0;1442.0;34.0;1482.0;1644;1537.0
4021;90.0;B9E3AFB5;7BF6FBDF;0.02;0.56;0.6;0.0;0.01;8.0;10.0;14.0;18.0;5114.0;34.0;1482.0;1643;1537.0
4020;90.0;7A7C7F87;7BF6FBDF;0.02;0.47;0.5;0.0;0.01;7.0;10.0;1.0;51.0;4935.0;34.0;1482.0;1648;1537.0
4019;90.0;113BBDA6;7BF6FBDF;0.01;0.37;0.39;0.0;0.01;6.0;10.0;4.0;34.0;3337.0;34.0;1482.0;1645;1537.0
4018;90.0;56930C7A;7BF6FBDF;0.02;0.5;0.53;0.0;0.01;5.0;10.0;8.0;6.0;1468.0;34.0;1482.0;1647;1537.0
4017;90.0;D9E4E6F8;7BF6FBDF;0.01;0.43;0.45;0.0;0.01;4.0;10.0;3.0;64.0;1156.0;34.0;1482.0;1646;1537.0
4016;90.0;5C4D51A8;7BF6FBDF;0.02;0.55;0.59;0.0;0.01;3.0;10.0;14.0;17.0;4819.0;34.0;1482.0;1647;1537.0
4015;90.0;CC94E728;7BF6FBDF;0.01;0.44;0.47;0.0;0.01;2.0;10.0;1.0;50.0;4633.0;34.0;1482.0;1644;1537.0
4014;90.0;DFBC9717;7BF6FBDF;0.02;0.51;0.55;0.0;0.01;1.0;10.0;4.0;33.0;3038.0;34.0;1482.0;1668;1537.0
4013;90.0;8D7ACF41;59D14704;0.02;0.62;0.67;0.0;0.01;10.0;10.0;8.0;5.0;1176.0;34.0;1487.0;1647;1537.0
4012;90.0;319728CB;59D14704;0.01;0.44;0.47;0.0;0.01;9.0;10.0;3.0;63.0;851.0;34.0;1487.0;1644;1537.0
4011;90.0;F903584B;59D14704;0.02;0.53;0.57;0.0;0.01;8.0;10.0;14.0;16.0;4525.0;34.0;1487.0;1647;1537.0
4010;90.0;F1037AB0;59D14704;0.02;0.64;0.69;0.0;0.01;7.0;10.0;1.0;49.0;4348.0;34.0;1487.0;1645;1537.0
4009;90.0;942861A0;59D14704;0.02;0.57;0.62;0.0;0.01;6.0;10.0;4.0;32.0;2757.0;34.0;1487.0;1645;1537.0
4008;90.0;EC1416CF;59D14704;0.02;0.64;0.69;0.0;0.01;5.0;10.0;8.0;4.0;875.0;34.0;1487.0;1643;1537.0
4007;90.0;34F7B690;59D14704;0.02;0.66;0.71;0.0;0.01;4.0;10.0;3.0;62.0;557.0;34.0;1487.0;1644;1537.0
4006;90.0;310A7D84;59D14704;0.02;0.65;0.7;0.0;0.01;3.0;10.0;14.0;15.0;4225.0;34.0;1487.0;1644;1537.0
4005;90.0;5DA4F8DC;59D14704;0.01;0.44;0.47;0.0;0.01;2.0;10.0;1.0;48.0;4040.0;34.0;1487.0;1640;1537.0
4004;90.0;7F9ADE4C;59D14704;0.01;0.47;0.51;0.0;0.01;1.0;10.0;4.0;31.0;2442.0;44.0;1487.0;1652;1537.0
4003;90.0;0DB1136D;E294A4B5;0.0;0.07;0.1;0.0;0.27;5.0;5.0;8.0;3.0;580.0;0.0;1509.0;1658;1549.0
4002;90.0;3E3C18EC;E294A4B5;0.0;0.07;0.1;0.0;0.27;4.0;5.0;3.0;61.0;266.0;0.0;1509.0;1642;1549.0
4001;90.0;847B5ED9;E294A4B5;0.0;0.08;0.12;0.0;0.32;3.0;5.0;14.0;14.0;3938.0;0.0;1509.0;1630;1549.0
4000;90.0;681C13C8;E294A4B5;0.0;0.08;0.11;0.0;0.29;2.0;5.0;1.0;47.0;3753.0;0.0;1509.0;1634;1549.0
3998;90.0;3E3D4C72;F1291CB0;0.02;0.23;0.26;0.01;0.02;6.0;6.0;8.0;2.0;303.0;51.0;1506.0;1693;1551.0
3997;90.0;AE706064;F1291CB0;0.02;0.2;0.22;0.01;0.02;5.0;6.0;3.0;60.0;0.0;51.0;1506.0;1698;1551.0
3996;90.0;0C9BA01E;F1291CB0;0.02;0.23;0.25;0.01;0.02;4.0;6.0;14.0;13.0;3672.0;55.0;1506.0;1679;1551.0
3995;90.0;BDFA8FA1;CC18C404;0.02;0.22;0.25;0.01;0.02;3.0;6.0;1.0;46.0;3471.0;34.0;1506.0;1663;1551.0
3994;90.0;7965FC99;CC18C404;0.03;0.25;0.28;0.01;0.03;2.0;6.0;4.0;29.0;1875.0;41.0;1506.0;1663;1551.0
3993;90.0;9EE6363A;CC18C404;0.02;0.21;0.23;0.01;0.02;1.0;6.0;8.0;1.0;0.0;41.0;1506.0;1708;1551.0
3992;90.0;A7A9E5A2;E9D2B793;0.0;0.3;0.34;0.01;0.07;8.0;8.0;14.0;12.0;3407.0;18.0;1480.0;1622;1520.0
3991;90.0;8C101707;E9D2B793;0.0;0.38;0.42;0.01;0.08;7.0;8.0;7.0;65.0;2814.0;18.0;1480.0;1620;1520.0
3990;90.0;E7EFCDA7;E9D2B793;0.0;0.32;0.36;0.01;0.07;6.0;8.0;1.0;45.0;3162.0;18.0;1480.0;1625;1520.0
3989;90.0;20227252;E9D2B793;0.0;0.48;0.53;0.01;0.1;5.0;8.0;4.0;28.0;1567.0;18.0;1480.0;1621;1520.0
3988;90.0;F269768A;E9D2B793;0.0;0.32;0.36;0.01;0.07;4.0;8.0;3.0;59.0;973.0;18.0;1480.0;1623;1520.0
3987;90.0;3B8694B2;E9D2B793;0.0;0.36;0.4;0.01;0.08;3.0;8.0;14.0;11.0;3104.0;18.0;1480.0;1624;1520.0
3986;90.0;A8042999;E9D2B793;0.0;0.35;0.39;0.01;0.08;2.0;8.0;7.0;64.0;2514.0;18.0;1480.0;1623;1520.0
3985;90.0;6B9A4597;E9D2B793;0.0;0.34;0.38;0.01;0.07;1.0;8.0;1.0;44.0;2862.0;18.0;1480.0;1634;1520.0
3984;90.0;5B2AFCD5;E9D2B793;0.0;0.47;0.52;0.01;0.1;7.0;7.0;4.0;27.0;1216.0;18.0;1480.0;1626;1520.0
3983;90.0;AE706064;E9D2B793;0.0;0.38;0.42;0.01;0.08;6.0;7.0;3.0;58.0;635.0;34.0;1480.0;1629;1520.0
3982;90.0;21E56AAB;E9D2B793;0.0;0.34;0.38;0.01;0.07;5.0;7.0;14.0;10.0;2770.0;34.0;1480.0;1630;1520.0
3981;90.0;520F7F67;E9D2B793;0.0;0.47;0.52;0.01;0.1;4.0;7.0;7.0;63.0;2169.0;34.0;1480.0;1631;1520.0
3980;90.0;3486C6C9;E9D2B793;0.0;0.47;0.52;0.01;0.1;3.0;7.0;1.0;43.0;2517.0;18.0;1480.0;1618;1520.0
3979;90.0;FFE5B3F8;E9D2B793;0.0;0.4;0.44;0.01;0.09;2.0;7.0;4.0;26.0;908.0;18.0;1480.0;1614;1520.0
3978;90.0;7744B8EB;E9D2B793;0.0;0.38;0.42;0.01;0.08;1.0;7.0;3.0;57.0;322.0;18.0;1480.0;1647;1520.0
3977;90.0;7B202B23;9970B431;0.0;0.43;0.53;0.01;0.09;5.0;5.0;14.0;9.0;2447.0;34.0;1480.0;1646;1520.0
3976;90.0;E33B9FE4;9970B431;0.0;0.42;0.51;0.01;0.09;4.0;5.0;7.0;62.0;1853.0;34.0;1480.0;1630;1520.0
3975;90.0;2FCD24FE;9970B431;0.0;0.36;0.44;0.01;0.08;3.0;5.0;1.0;42.0;2207.0;34.0;1480.0;1626;1520.0
3974;90.0;95E438DD;9970B431;0.0;0.33;0.4;0.01;0.07;2.0;5.0;4.0;25.0;591.0;34.0;1480.0;1629;1520.0
3973;90.0;C3FAE639;9970B431;0.0;0.42;0.51;0.01;0.09;1.0;5.0;3.0;56.0;0.0;18.0;1480.0;1652;1520.0
3972;90.0;B497F300;9970B431;0.0;0.34;0.42;0.01;0.07;5.0;5.0;14.0;8.0;2125.0;18.0;1480.0;1634;1520.0
3971;90.0;27E7D831;9970B431;0.0;0.48;0.58;0.01;0.1;4.0;5.0;7.0;61.0;1544.0;18.0;1480.0;1639;1520.0
3970;90.0;DD661035;9970B431;0.0;0.34;0.41;0.01;0.07;3.0;5.0;1.0;41.0;1896.0;18.0;1480.0;1626;1520.0
3969;90.0;59BC00D4;9970B431;0.0;0.35;0.43;0.01;0.08;2.0;5.0;4.0;24.0;302.0;34.0;1480.0;1624;1520.0
3968;90.0;A09FB4F6;9970B431;0.0;0.37;0.46;0.01;0.08;1.0;5.0;14.0;7.0;1908.0;34.0;1480.0;1648;1520.0
3967;90.0;3810C29C;76E5EEFF;0.02;0.17;0.2;0.01;0.01;4.0;4.0;2.0;67.0;1265.0;34.0;1504.0;1648;1549.0
3966;90.0;00BFE8BE;76E5EEFF;0.03;0.21;0.24;0.01;0.01;3.0;4.0;7.0;60.0;1255.0;34.0;1504.0;1649;1549.0
3965;90.0;E55396D4;76E5EEFF;0.02;0.19;0.22;0.01;0.01;2.0;4.0;1.0;40.0;1591.0;34.0;1504.0;1652;1549.0
3964;90.0;1B7414F1;76E5EEFF;0.03;0.22;0.25;0.01;0.01;1.0;4.0;4.0;23.0;0.0;34.0;1504.0;1684;1549.0
3963;90.0;B114266D;E2EF030B;0.02;0.21;0.24;0.01;0.03;3.0;3.0;14.0;6.0;1604.0;34.0;1502.0;1665;1557.0
3962;90.0;DC4A26A9;96956A01;0.02;0.21;0.24;0.01;0.02;2.0;3.0;2.0;66.0;953.0;46.0;1500.0;1662;1540.0
3961;90.0;7F9ADE4C;1169CAE4;0.02;0.18;0.2;0.0;0.02;1.0;3.0;7.0;59.0;962.0;41.0;1502.0;1672;1542.0
3960;90.0;9AC76105;4C9F89E7;0.02;0.13;0.15;0.01;0.02;3.0;3.0;1.0;39.0;1318.0;34.0;1512.0;1672;1557.0
3959;90.0;1B28E8DD;17D537B5;0.02;0.15;0.17;0.01;0.02;2.0;3.0;3.0;55.0;1327.0;18.0;1509.0;1654;1554.0
3958;90.0;A3F690BE;17D537B5;0.02;0.15;0.17;0.01;0.02;1.0;3.0;14.0;5.0;1310.0;18.0;1509.0;1675;1554.0
3957;90.0;A3188947;D927D5F2;0.02;0.13;0.15;0.01;0.02;3.0;6.0;2.0;65.0;632.0;32.0;1507.0;1671;1551.0
3956;90.0;F2443437;D927D5F2;0.02;0.13;0.15;0.01;0.02;2.0;6.0;7.0;58.0;631.0;32.0;1507.0;1656;1551.0
3955;90.0;7F7807AD;DD961E29;0.02;0.17;0.19;0.01;0.02;1.0;6.0;1.0;38.0;990.0;41.0;1507.0;1676;1551.0
3954;90.0;27A00A90;D90699DC;0.02;0.25;0.27;0.0;0.02;4.0;4.0;3.0;54.0;998.0;39.0;1495.0;1661;1545.0
3953;90.0;E3AEF225;D90699DC;0.03;0.38;0.42;0.01;0.03;3.0;4.0;4.0;22.0;0.0;39.0;1495.0;1672;1545.0
3952;90.0;FAC82E12;D90699DC;0.02;0.34;0.38;0.01;0.02;2.0;4.0;14.0;4.0;939.0;39.0;1495.0;1652;1545.0
3951;90.0;BA1AEFAB;D90699DC;0.02;0.37;0.41;0.01;0.02;1.0;4.0;2.0;64.0;291.0;39.0;1495.0;1675;1545.0
3950;90.0;C5D0B686;4D27ECED;0.02;0.23;0.27;0.01;0.0;7.0;7.0;7.0;57.0;293.0;34.0;1502.0;1655;1547.0
3949;90.0;D19D6DB9;22C5A4BE;0.02;0.17;0.2;0.01;0.0;6.0;7.0;1.0;37.0;648.0;18.0;1511.0;1644;1552.0
3948;90.0;34F7B690;C1BE9DD8;0.03;0.19;0.22;0.01;0.03;5.0;7.0;3.0;53.0;656.0;34.0;1507.0;1661;1551.0
3947;90.0;AC314465;7D015357;0.02;0.16;0.18;0.01;0.01;4.0;7.0;14.0;3.0;648.0;46.0;1506.0;1679;1551.0
3946;90.0;91D454B5;7D015357;0.02;0.17;0.19;0.01;0.01;3.0;7.0;2.0;63.0;0.0;46.0;1506.0;1671;1551.0
3945;90.0;9049A8FA;7D015357;0.02;0.14;0.16;0.01;0.01;2.0;7.0;7.0;56.0;0.0;46.0;1506.0;1674;1551.0
3944;90.0;E8FC16AB;7D015357;0.02;0.19;0.22;0.01;0.01;1.0;7.0;1.0;36.0;362.0;53.0;1506.0;1687;1551.0
3943;90.0;F91A7D87;3BA0D398;0.0;0.4;0.44;0.0;0.03;2.0;2.0;3.0;52.0;362.0;18.0;1488.0;1629;1533.0
3942;90.0;3C8E0E0A;D3EA2584;0.01;0.52;0.56;0.0;0.02;1.0;2.0;14.0;2.0;341.0;34.0;1482.0;1660;1527.0
3941;90.0;08F62FCC;1C61F0BD;0.0;0.72;0.78;0.01;0.06;1.0;1.0;4.0;21.0;0.0;28.0;1474.0;1626;1509.0
3940;90.0;9D5549D6;CC996FCB;0.02;0.19;0.22;0.0;0.0;3.0;5.0;1.0;35.0;0.0;34.0;1510.0;1685;1555.0
3939;90.0;012735D5;74291B2A;0.01;0.49;0.54;0.0;0.02;2.0;5.0;3.0;51.0;0.0;18.0;1480.0;1639;1525.0
3938;90.0;6244DA14;12A9E163;0.01;0.37;0.39;0.0;0.02;1.0;5.0;14.0;1.0;0.0;18.0;1476.0;1668;1521.0
3937;180.0;3CB6F496;67470249;0.01;0.41;0.46;0.0;0.02;5.0;5.0;2.0;62.0;6117.0;51.0;1486.0;1656;1526.0
3936;180.0;F6142E8F;67470249;0.01;0.38;0.44;0.0;0.02;4.0;5.0;1.0;34.0;5461.0;51.0;1486.0;1654;1526.0
3935;180.0;F1D2F8E8;67470249;0.01;0.32;0.36;0.0;0.02;3.0;5.0;7.0;55.0;6118.0;51.0;1486.0;1642;1526.0
3934;180.0;CC8A8A8F;249A7E68;0.02;0.41;0.44;0.0;0.02;2.0;6.0;4.0;20.0;5903.0;46.0;1484.0;1638;1519.0
3933;180.0;A7C1C7AD;249A7E68;0.02;0.47;0.5;0.0;0.02;1.0;6.0;3.0;50.0;5494.0;55.0;1484.0;1653;1519.0
3932;180.0;0ADE8E5B;56FFE5DC;0.02;0.16;0.18;0.01;0.01;3.0;3.0;2.0;61.0;5798.0;39.0;1507.0;1642;1532.0
3931;180.0;38579AF7;56FFE5DC;0.02;0.19;0.21;0.01;0.01;3.0;4.0;1.0;33.0;5143.0;39.0;1507.0;1642;1532.0
3930;180.0;D67825CA;56FFE5DC;0.02;0.13;0.15;0.01;0.01;2.0;4.0;7.0;54.0;5814.0;39.0;1507.0;1642;1532.0
3929;180.0;2DFA9879;56FFE5DC;0.02;0.14;0.16;0.01;0.01;1.0;4.0;4.0;19.0;5596.0;55.0;1507.0;1671;1532.0
3928;180.0;5F3DCC44;F1291CB0;0.02;0.16;0.18;0.01;0.02;5.0;5.0;3.0;49.0;5187.0;55.0;1506.0;1677;1546.0
3927;180.0;1DC57A50;F1291CB0;0.02;0.2;0.22;0.01;0.02;4.0;5.0;2.0;60.0;5544.0;55.0;1506.0;1669;1546.0
3926;180.0;C3CAC287;F1291CB0;0.02;0.23;0.26;0.01;0.02;3.0;5.0;1.0;32.0;4878.0;55.0;1506.0;1667;1546.0
3925;180.0;BE76BFFE;F1291CB0;0.02;0.19;0.21;0.01;0.02;2.0;5.0;7.0;53.0;5546.0;55.0;1506.0;1665;1546.0
3924;180.0;5849CD6B;F1291CB0;0.02;0.17;0.19;0.01;0.02;1.0;5.0;4.0;18.0;5332.0;60.0;1506.0;1694;1546.0
3923;180.0;877CF394;D6C5A3D0;0.02;0.21;0.24;0.0;0.02;6.0;6.0;3.0;48.0;4923.0;46.0;1501.0;1657;1546.0
3922;180.0;7A5BE335;D6C5A3D0;0.02;0.2;0.22;0.0;0.02;5.0;6.0;2.0;59.0;5277.0;46.0;1501.0;1658;1546.0
3921;180.0;814C51C1;4AC24E4B;0.02;0.27;0.3;0.01;0.02;4.0;6.0;1.0;31.0;4613.0;51.0;1501.0;1671;1546.0
3920;180.0;1FBB84C7;4AC24E4B;0.02;0.2;0.23;0.01;0.01;3.0;6.0;7.0;52.0;5277.0;51.0;1501.0;1663;1546.0
3919;180.0;0DB560A3;4AC24E4B;0.02;0.2;0.23;0.01;0.01;2.0;6.0;4.0;17.0;5060.0;51.0;1501.0;1665;1546.0
3918;180.0;182B76FE;4AC24E4B;0.02;0.24;0.28;0.01;0.02;1.0;6.0;3.0;47.0;4644.0;55.0;1501.0;1676;1546.0
3917;180.0;1130E015;9970B431;0.0;0.45;0.54;0.01;0.1;6.0;6.0;2.0;58.0;4994.0;34.0;1480.0;1633;1520.0
3916;180.0;39196312;9970B431;0.0;0.39;0.47;0.01;0.08;5.0;6.0;1.0;30.0;4326.0;34.0;1480.0;1625;1520.0
3915;180.0;920B414C;9970B431;0.0;0.39;0.48;0.01;0.08;4.0;6.0;7.0;51.0;4990.0;25.0;1480.0;1622;1520.0
3914;180.0;DEEAA288;9970B431;0.0;0.3;0.37;0.01;0.07;3.0;6.0;4.0;16.0;4764.0;25.0;1480.0;1620;1520.0
3913;180.0;5FAC226A;9970B431;0.0;0.37;0.46;0.01;0.08;2.0;6.0;3.0;46.0;4338.0;25.0;1480.0;1617;1520.0
3912;180.0;7AA47D43;9970B431;0.0;0.31;0.37;0.01;0.07;1.0;6.0;2.0;57.0;4697.0;25.0;1480.0;1636;1520.0
3911;180.0;BC980FCC;6E5EEB11;0.01;0.19;0.2;0.0;0.02;1.0;1.0;1.0;29.0;4036.0;46.0;1503.0;1670;1543.0
3910;180.0;21CAF99B;9970B431;0.0;0.47;0.57;0.01;0.1;2.0;8.0;7.0;50.0;4697.0;25.0;1480.0;1623;1520.0
3909;180.0;DAD79106;E9D2B793;0.0;0.37;0.41;0.01;0.08;1.0;8.0;4.0;15.0;4411.0;25.0;1480.0;1636;1520.0
3908;180.0;621595A3;9970B431;0.0;0.34;0.41;0.01;0.07;8.0;8.0;3.0;45.0;3991.0;25.0;1480.0;1623;1520.0
3907;180.0;26220A81;9970B431;0.0;0.42;0.51;0.01;0.09;7.0;8.0;2.0;56.0;4348.0;34.0;1480.0;1628;1520.0
3906;180.0;5B7CE750;9970B431;0.0;0.38;0.46;0.01;0.08;6.0;8.0;7.0;49.0;4410.0;34.0;1480.0;1622;1520.0
3905;180.0;6AE279B4;9970B431;0.0;0.47;0.57;0.01;0.1;5.0;8.0;1.0;28.0;3625.0;34.0;1480.0;1637;1520.0
3904;180.0;86738B14;9970B431;0.0;0.31;0.37;0.01;0.07;4.0;8.0;4.0;14.0;4117.0;34.0;1480.0;1635;1520.0
3903;180.0;0DE0FD16;9970B431;0.0;0.3;0.37;0.01;0.07;3.0;8.0;3.0;44.0;3697.0;34.0;1480.0;1633;1520.0
3902;180.0;BF8393CA;9970B431;0.0;0.45;0.55;0.01;0.1;2.0;8.0;2.0;55.0;4049.0;34.0;1480.0;1630;1520.0
3901;180.0;67260EEF;9970B431;0.0;0.36;0.43;0.01;0.08;1.0;8.0;7.0;48.0;4089.0;44.0;1480.0;1658;1520.0
3900;180.0;184CAF3C;D22BFB79;0.01;0.37;0.41;0.01;0.05;4.0;4.0;1.0;27.0;3247.0;46.0;1480.0;1662;1540.0
3899;180.0;C335D5C9;D22BFB79;0.01;0.36;0.4;0.01;0.05;3.0;4.0;4.0;13.0;3749.0;46.0;1480.0;1655;1540.0
3898;180.0;73C94768;D22BFB79;0.01;0.4;0.44;0.01;0.06;2.0;4.0;3.0;43.0;3334.0;46.0;1480.0;1655;1540.0
3897;180.0;69EE2B35;9C5F9BFA;0.01;0.27;0.29;0.0;0.01;1.0;4.0;2.0;54.0;3677.0;53.0;1490.0;1669;1535.0
3896;180.0;E2C27489;332091CC;0.01;0.48;0.53;0.01;0.0;7.0;7.0;7.0;47.0;3733.0;46.0;1486.0;1630;1516.0
3895;180.0;F157C523;332091CC;0.01;0.39;0.44;0.01;0.0;6.0;7.0;1.0;26.0;2941.0;46.0;1486.0;1625;1516.0
3894;180.0;F64455C6;332091CC;0.01;0.59;0.65;0.01;0.0;5.0;7.0;4.0;12.0;3429.0;46.0;1486.0;1624;1516.0
3893;180.0;019544F6;332091CC;0.01;0.4;0.45;0.01;0.0;4.0;7.0;3.0;42.0;3011.0;46.0;1486.0;1626;1516.0
3892;180.0;95FC65DB;332091CC;0.01;0.61;0.67;0.01;0.0;3.0;7.0;2.0;53.0;3362.0;46.0;1486.0;1626;1516.0
3891;180.0;87267275;332091CC;0.01;0.44;0.48;0.01;0.0;2.0;7.0;7.0;46.0;3415.0;46.0;1486.0;1629;1516.0
3890;180.0;B4305CB7;332091CC;0.01;0.41;0.45;0.01;0.0;1.0;7.0;1.0;25.0;2635.0;46.0;1486.0;1643;1516.0
3889;180.0;24E416E6;E1B28665;0.01;0.47;0.5;0.0;0.01;5.0;5.0;4.0;11.0;3140.0;46.0;1492.0;1670;1547.0
3888;180.0;551864D3;E1B28665;0.0;0.29;0.31;0.0;0.01;4.0;5.0;3.0;41.0;2731.0;46.0;1492.0;1672;1547.0
3887;180.0;D2175D4B;E1B28665;0.01;0.38;0.41;0.0;0.01;3.0;5.0;2.0;52.0;3076.0;46.0;1492.0;1670;1547.0
3886;180.0;5A67F782;E1B28665;0.0;0.36;0.39;0.0;0.01;2.0;5.0;7.0;45.0;3129.0;46.0;1492.0;1674;1547.0
3885;180.0;91409A57;E1B28665;0.0;0.36;0.39;0.0;0.01;1.0;5.0;1.0;24.0;2354.0;57.0;1492.0;1686;1547.0
3884;180.0;755447B4;E1B28665;0.01;0.4;0.43;0.0;0.01;5.0;5.0;4.0;10.0;2857.0;51.0;1492.0;1682;1547.0
3883;180.0;2FEF6212;E1B28665;0.0;0.34;0.37;0.0;0.01;4.0;5.0;3.0;40.0;2445.0;46.0;1492.0;1677;1547.0
3882;180.0;8FD22AB6;E1B28665;0.01;0.45;0.49;0.0;0.01;3.0;5.0;2.0;51.0;2800.0;46.0;1492.0;1680;1547.0
3881;180.0;22D32970;E1B28665;0.01;0.44;0.48;0.0;0.01;2.0;5.0;7.0;44.0;2854.0;46.0;1492.0;1678;1547.0
3880;180.0;5CABE708;E1B28665;0.0;0.3;0.33;0.0;0.01;1.0;5.0;1.0;23.0;2080.0;57.0;1492.0;1697;1547.0
3879;180.0;50187045;E1B28665;0.01;0.46;0.5;0.0;0.01;5.0;5.0;4.0;9.0;2544.0;46.0;1492.0;1686;1547.0
3878;180.0;BD356B3F;E1B28665;0.01;0.44;0.47;0.0;0.01;4.0;7.0;3.0;39.0;2137.0;46.0;1492.0;1677;1547.0
3877;180.0;1D2373EF;E1B28665;0.01;0.44;0.48;0.0;0.01;3.0;7.0;2.0;50.0;2492.0;46.0;1492.0;1683;1547.0
3876;180.0;140C2143;E1B28665;0.0;0.34;0.37;0.0;0.01;2.0;7.0;7.0;43.0;2538.0;46.0;1492.0;1680;1547.0
3875;180.0;EDF5A583;E1B28665;0.0;0.34;0.37;0.0;0.01;1.0;7.0;1.0;22.0;1610.0;57.0;1492.0;1685;1547.0
3874;180.0;EBB94AE3;E1B28665;0.01;0.46;0.49;0.0;0.01;1.0;5.0;3.0;38.0;1756.0;57.0;1492.0;1680;1547.0
3873;180.0;F1AEDD14;E1B28665;0.01;0.37;0.4;0.0;0.01;4.0;7.0;4.0;8.0;2053.0;46.0;1492.0;1676;1547.0
3872;180.0;19A689FA;E1B28665;0.01;0.46;0.49;0.0;0.01;3.0;7.0;2.0;49.0;2044.0;46.0;1492.0;1669;1547.0
3871;180.0;2EF566C0;E1B28665;0.0;0.34;0.37;0.0;0.01;2.0;7.0;7.0;42.0;2105.0;46.0;1492.0;1667;1547.0
3870;180.0;8D59271E;E1B28665;0.01;0.43;0.46;0.0;0.01;1.0;7.0;1.0;21.0;1333.0;57.0;1492.0;1689;1547.0
3869;180.0;2D9F3578;E1B28665;0.01;0.43;0.46;0.0;0.01;7.0;7.0;3.0;37.0;1473.0;46.0;1492.0;1670;1547.0
3868;180.0;E360027E;E1B28665;0.0;0.33;0.36;0.0;0.01;6.0;7.0;4.0;7.0;1776.0;46.0;1492.0;1668;1547.0
3867;180.0;7DF8AFC0;E1B28665;0.0;0.33;0.35;0.0;0.01;5.0;7.0;2.0;48.0;1775.0;48.0;1492.0;1669;1547.0
3866;180.0;20794D2B;E1B28665;0.0;0.3;0.33;0.0;0.01;4.0;7.0;7.0;41.0;1834.0;51.0;1492.0;1677;1547.0
3865;180.0;0515E30D;E1B28665;0.01;0.43;0.47;0.0;0.01;3.0;7.0;1.0;20.0;1056.0;51.0;1492.0;1674;1547.0
3864;180.0;EA2DB092;E1B28665;0.01;0.44;0.48;0.0;0.01;2.0;7.0;3.0;36.0;1179.0;51.0;1492.0;1675;1547.0
3863;180.0;E00DD58B;E1B28665;0.0;0.31;0.34;0.0;0.01;1.0;7.0;4.0;6.0;1478.0;57.0;1492.0;1693;1547.0
3862;180.0;4AA22C6C;E1B28665;0.0;0.35;0.38;0.0;0.01;7.0;7.0;2.0;47.0;1479.0;51.0;1492.0;1674;1547.0
3861;180.0;16488E65;E1B28665;0.01;0.4;0.44;0.0;0.01;6.0;7.0;7.0;40.0;1541.0;51.0;1492.0;1670;1547.0
3860;180.0;C5854550;E1B28665;0.0;0.36;0.39;0.0;0.01;5.0;7.0;1.0;19.0;754.0;46.0;1492.0;1665;1547.0
3859;180.0;4D457C73;E1B28665;0.01;0.4;0.43;0.0;0.01;4.0;7.0;3.0;35.0;900.0;46.0;1492.0;1665;1547.0
3858;180.0;219C0969;E1B28665;0.0;0.3;0.32;0.0;0.01;3.0;7.0;4.0;5.0;1205.0;46.0;1492.0;1664;1547.0
3857;180.0;BF8393CA;E1B28665;0.01;0.44;0.48;0.0;0.01;2.0;7.0;2.0;46.0;1203.0;46.0;1492.0;1669;1547.0
3856;180.0;AFED4F1D;E1B28665;0.01;0.46;0.49;0.0;0.01;1.0;7.0;7.0;39.0;1242.0;57.0;1492.0;1688;1547.0
3855;180.0;7AAB2D4E;25F853C3;0.01;1.15;1.21;0.0;0.0;2.0;2.0;1.0;18.0;336.0;46.0;1463.0;1612;1503.0
3854;180.0;651CF865;CF354F29;0.01;0.65;0.77;0.0;0.01;5.0;6.0;3.0;34.0;473.0;51.0;1470.0;1659;1510.0
3853;180.0;265E299D;76884E9D;0.0;0.59;0.63;0.01;0.05;4.0;6.0;4.0;4.0;779.0;46.0;1474.0;1620;1509.0
3852;180.0;23E9C473;B5D5B9CA;0.01;0.52;0.58;0.0;0.02;3.0;6.0;2.0;45.0;774.0;39.0;1480.0;1633;1520.0
3851;180.0;4338628B;87C78AB7;0.01;0.52;0.61;0.0;0.0;2.0;6.0;7.0;38.0;813.0;32.0;1480.0;1627;1525.0
3850;180.0;371F1554;87C78AB7;0.0;0.36;0.42;0.0;0.0;1.0;6.0;1.0;17.0;0.0;46.0;1480.0;1664;1525.0
3849;180.0;00A115CC;35C7C29B;0.01;0.27;0.28;0.01;0.0;1.0;2.0;4.0;3.0;415.0;69.0;1501.0;1748;1551.0
3848;180.0;AAC4385F;35C7C29B;0.02;0.33;0.35;0.01;0.0;1.0;2.0;3.0;33.0;0.0;69.0;1501.0;1719;1551.0
3847;180.0;F528BE70;3BA0D398;0.0;0.4;0.44;0.0;0.03;3.0;3.0;2.0;44.0;349.0;46.0;1488.0;1656;1528.0
3846;180.0;C8EA916A;D927D5F2;0.02;0.17;0.19;0.01;0.02;2.0;3.0;8.0;65.0;352.0;46.0;1507.0;1674;1552.0
3845;180.0;57AB904A;92B3EDD4;0.02;0.14;0.18;0.01;0.01;1.0;3.0;7.0;37.0;362.0;55.0;1502.0;1670;1537.0
3844;180.0;9DA25E10;4AC24E4B;0.02;0.2;0.23;0.01;0.01;6.0;6.0;1.0;16.0;279.0;51.0;1501.0;1666;1546.0
3843;180.0;5BE1E184;4AC24E4B;0.02;0.2;0.23;0.01;0.01;5.0;6.0;4.0;2.0;0.0;51.0;1501.0;1694;1546.0
3842;180.0;93D9F112;4AC24E4B;0.02;0.23;0.26;0.01;0.02;4.0;6.0;2.0;43.0;0.0;51.0;1501.0;1681;1546.0
3841;180.0;310E08FB;2806A3F9;0.01;0.33;0.36;0.0;0.02;3.0;6.0;8.0;64.0;0.0;34.0;1491.0;1648;1531.0
3840;180.0;06B20CFD;53C00FD5;0.01;0.59;0.63;0.0;0.03;2.0;6.0;7.0;36.0;0.0;46.0;1483.0;1648;1523.0
3839;180.0;D9CAE8B9;53C00FD5;0.01;0.61;0.65;0.0;0.03;1.0;6.0;1.0;15.0;0.0;55.0;1483.0;1673;1523.0
3838;180.0;B313269B;6C955C02;0.02;0.48;0.52;0.0;0.0;1.0;1.0;4.0;1.0;0.0;55.0;1483.0;1696;1528.0
3837;180.0;72005FC9;D249F467;0.02;0.2;0.25;0.01;0.02;6.0;6.0;2.0;42.0;2577.0;46.0;1504.0;1664;1549.0
3836;180.0;F91A7D87;6466E4EB;0.03;0.19;0.24;0.01;0.02;5.0;6.0;8.0;63.0;2120.0;46.0;1505.0;1657;1545.0
3835;180.0;0EC30B33;6466E4EB;0.03;0.19;0.24;0.01;0.02;4.0;6.0;3.0;32.0;2526.0;46.0;1505.0;1647;1545.0
3834;180.0;054ECC33;6466E4EB;0.03;0.2;0.25;0.01;0.02;3.0;6.0;7.0;35.0;2575.0;46.0;1505.0;1657;1545.0
3833;180.0;57AE6952;493EAF60;0.01;0.47;0.5;0.0;0.01;2.0;6.0;1.0;14.0;2514.0;46.0;1486.0;1643;1521.0
3832;180.0;058B15B1;2BA96869;0.01;0.49;0.53;0.0;0.02;1.0;6.0;2.0;41.0;2280.0;51.0;1486.0;1658;1526.0
3831;180.0;2FCD24FE;04751D20;0.02;0.21;0.23;0.01;0.02;6.0;6.0;3.0;31.0;2294.0;46.0;1506.0;1681;1551.0
3830;180.0;416FA661;04751D20;0.02;0.23;0.25;0.01;0.02;5.0;6.0;8.0;62.0;1775.0;46.0;1506.0;1655;1551.0
3829;180.0;8ECCCEBE;04751D20;0.02;0.24;0.26;0.01;0.02;4.0;6.0;7.0;34.0;2289.0;46.0;1506.0;1669;1551.0
3828;180.0;3947A473;04751D20;0.02;0.26;0.29;0.01;0.02;3.0;6.0;1.0;13.0;2222.0;46.0;1506.0;1670;1551.0
3827;180.0;83BEA736;04751D20;0.02;0.21;0.23;0.01;0.02;2.0;6.0;2.0;40.0;1990.0;46.0;1506.0;1674;1551.0
3826;180.0;1DC57A50;04751D20;0.02;0.22;0.25;0.01;0.02;1.0;6.0;3.0;30.0;2004.0;51.0;1506.0;1685;1551.0
3825;180.0;C1988D8B;F1291CB0;0.02;0.23;0.25;0.01;0.02;7.0;7.0;8.0;61.0;1478.0;55.0;1506.0;1665;1546.0
3824;180.0;34FB66E8;F1291CB0;0.02;0.18;0.2;0.01;0.02;6.0;7.0;7.0;33.0;2011.0;55.0;1506.0;1662;1546.0
3823;180.0;32D6B5AC;F1291CB0;0.02;0.22;0.25;0.01;0.02;5.0;7.0;1.0;12.0;1953.0;55.0;1506.0;1658;1546.0
3822;180.0;0A3ADF3B;F1291CB0;0.03;0.24;0.27;0.01;0.03;4.0;7.0;2.0;39.0;1718.0;55.0;1506.0;1657;1546.0
3821;180.0;63F6FCA0;F1291CB0;0.03;0.24;0.27;0.01;0.03;3.0;7.0;3.0;29.0;1732.0;55.0;1506.0;1656;1546.0
3820;180.0;CC255EE9;F1291CB0;0.02;0.19;0.21;0.01;0.02;2.0;7.0;8.0;60.0;1213.0;55.0;1506.0;1658;1546.0
3819;180.0;95E438DD;F1291CB0;0.02;0.17;0.19;0.01;0.02;1.0;7.0;7.0;32.0;1743.0;57.0;1506.0;1687;1546.0
3818;180.0;B1EB7838;CC18C404;0.02;0.18;0.2;0.01;0.02;7.0;7.0;1.0;11.0;1683.0;46.0;1506.0;1675;1551.0
3817;180.0;1E17A226;CC18C404;0.02;0.23;0.25;0.01;0.02;6.0;7.0;2.0;38.0;1450.0;51.0;1506.0;1665;1551.0
3816;180.0;80C12DFE;CC18C404;0.02;0.22;0.24;0.01;0.02;5.0;7.0;3.0;28.0;1461.0;51.0;1506.0;1665;1551.0
3815;180.0;69017C5B;CC18C404;0.02;0.25;0.27;0.01;0.02;4.0;7.0;8.0;59.0;945.0;51.0;1506.0;1667;1551.0
3814;180.0;8F9C21F4;CC18C404;0.02;0.17;0.18;0.01;0.02;3.0;7.0;7.0;31.0;1472.0;51.0;1506.0;1672;1551.0
3813;180.0;300B8442;CC18C404;0.02;0.18;0.2;0.01;0.02;2.0;7.0;1.0;10.0;1397.0;51.0;1506.0;1668;1551.0
3812;180.0;50801AB0;CC18C404;0.03;0.25;0.28;0.01;0.03;1.0;5.0;2.0;37.0;1161.0;55.0;1506.0;1694;1551.0
3811;180.0;ED6EC0F4;35C7C29B;0.01;0.25;0.27;0.01;0.0;4.0;4.0;3.0;27.0;1154.0;69.0;1501.0;1705;1551.0
3810;180.0;BBCC32F6;35C7C29B;0.02;0.28;0.31;0.01;0.0;3.0;4.0;8.0;58.0;623.0;69.0;1501.0;1694;1551.0
3809;180.0;03063493;35C7C29B;0.01;0.25;0.27;0.01;0.0;2.0;4.0;7.0;30.0;1111.0;69.0;1501.0;1686;1551.0
3808;180.0;4FE5125F;35C7C29B;0.01;0.23;0.25;0.01;0.0;1.0;4.0;1.0;9.0;1046.0;69.0;1501.0;1693;1551.0
3807;180.0;6C5122F4;392BEDA4;0.01;0.18;0.2;0.01;0.02;5.0;5.0;2.0;36.0;812.0;46.0;1504.0;1663;1544.0
3806;180.0;B1EB7838;76E5EEFF;0.02;0.18;0.21;0.01;0.01;4.0;5.0;3.0;26.0;826.0;46.0;1504.0;1662;1549.0
3805;180.0;9A714A75;76E5EEFF;0.03;0.25;0.28;0.01;0.01;3.0;5.0;8.0;57.0;301.0;55.0;1504.0;1666;1549.0
3804;180.0;6904B156;A201F563;0.01;0.16;0.19;0.01;0.0;2.0;5.0;7.0;29.0;819.0;46.0;1504.0;1657;1544.0
3802;180.0;7A8293D1;946866EE;0.02;0.17;0.21;0.01;0.01;3.0;3.0;2.0;35.0;519.0;46.0;1501.0;1650;1536.0
3803;180.0;A52674CC;DFBF368A;0.01;0.4;0.46;0.0;0.0;1.0;5.0;1.0;8.0;761.0;57.0;1485.0;1662;1525.0
3801;180.0;B729A2D3;8C409667;0.02;0.2;0.22;0.01;0.0;2.0;3.0;3.0;25.0;527.0;46.0;1504.0;1650;1539.0
3800;180.0;3929BF13;8C409667;0.03;0.23;0.26;0.01;0.0;1.0;3.0;8.0;56.0;0.0;46.0;1504.0;1689;1539.0
3799;180.0;30DE8239;5F2CB262;0.03;0.19;0.22;0.01;0.03;3.0;3.0;1.0;7.0;468.0;46.0;1504.0;1652;1544.0
3798;180.0;FC12196C;1F3F501C;0.02;0.14;0.16;0.01;0.01;2.0;3.0;7.0;28.0;473.0;46.0;1503.0;1651;1543.0
3797;180.0;E24D3125;1F3F501C;0.02;0.15;0.17;0.01;0.01;1.0;3.0;2.0;34.0;231.0;46.0;1503.0;1673;1543.0
3796;180.0;058B15B1;7AFEE53C;0.01;0.39;0.43;0.0;0.0;7.0;7.0;3.0;24.0;245.0;39.0;1488.0;1632;1528.0
3795;180.0;D936E384;7AFEE53C;0.01;0.31;0.34;0.0;0.0;6.0;7.0;1.0;6.0;246.0;39.0;1488.0;1631;1528.0
3794;180.0;89AE2004;D6C5A3D0;0.02;0.21;0.23;0.0;0.02;5.0;7.0;7.0;27.0;243.0;46.0;1501.0;1652;1546.0
3793;180.0;4BCA33B9;D6C5A3D0;0.02;0.21;0.23;0.0;0.02;4.0;7.0;2.0;33.0;0.0;46.0;1501.0;1671;1546.0
3792;180.0;E752D832;00FFEE90;0.01;0.33;0.36;0.01;0.02;3.0;7.0;3.0;23.0;0.0;51.0;1489.0;1695;1534.0
3791;180.0;B6AF56D6;F852E2F5;0.01;0.4;0.42;0.01;0.06;2.0;7.0;1.0;5.0;0.0;55.0;1470.0;1654;1515.0
3790;180.0;1D04D24B;F852E2F5;0.01;0.55;0.58;0.02;0.08;1.0;7.0;7.0;26.0;0.0;60.0;1470.0;1670;1515.0
3789;90.0;AB8982C1;59D14704;0.02;0.52;0.56;0.0;0.01;1.0;1.0;8.0;55.0;9037.0;39.0;1487.0;1650;1537.0
3788;90.0;99FFA20D;7BF6FBDF;0.02;0.55;0.59;0.0;0.01;11.0;11.0;2.0;32.0;8658.0;34.0;1482.0;1652;1537.0
3787;90.0;34291A71;7BF6FBDF;0.02;0.53;0.57;0.0;0.01;10.0;11.0;3.0;22.0;2551.0;34.0;1482.0;1654;1537.0
3786;90.0;B6F9667F;7BF6FBDF;0.01;0.36;0.39;0.0;0.01;9.0;11.0;1.0;4.0;816.0;34.0;1482.0;1642;1537.0
3785;90.0;FE4E7367;7BF6FBDF;0.01;0.45;0.48;0.0;0.01;8.0;11.0;7.0;25.0;4965.0;34.0;1482.0;1639;1537.0
3784;90.0;A85F6161;7BF6FBDF;0.01;0.38;0.41;0.0;0.01;7.0;11.0;8.0;54.0;8743.0;34.0;1482.0;1647;1537.0
3783;90.0;FA33F289;7BF6FBDF;0.02;0.48;0.52;0.0;0.01;6.0;11.0;2.0;31.0;8358.0;34.0;1482.0;1641;1537.0
3782;90.0;C51A7FF0;7BF6FBDF;0.01;0.37;0.39;0.0;0.01;5.0;11.0;3.0;21.0;2259.0;34.0;1482.0;1640;1537.0
3781;90.0;447BA71B;7BF6FBDF;0.02;0.58;0.62;0.0;0.01;4.0;11.0;1.0;3.0;530.0;34.0;1482.0;1656;1537.0
3780;90.0;0CBEF105;7BF6FBDF;0.01;0.43;0.46;0.0;0.01;3.0;11.0;7.0;24.0;4664.0;34.0;1482.0;1644;1537.0
3779;90.0;A9E90DD3;7BF6FBDF;0.01;0.37;0.4;0.0;0.01;2.0;11.0;8.0;53.0;8447.0;34.0;1482.0;1638;1537.0
3778;90.0;48303D66;8288B1F6;0.02;0.34;0.37;0.0;0.01;1.0;11.0;2.0;30.0;8071.0;18.0;1490.0;1652;1535.0
3777;90.0;A3188947;3BA0D398;0.0;0.34;0.38;0.0;0.03;11.0;11.0;3.0;20.0;1965.0;18.0;1488.0;1634;1533.0
3776;90.0;0EA60F1F;3BA0D398;0.0;0.47;0.52;0.0;0.04;10.0;11.0;1.0;2.0;240.0;18.0;1488.0;1637;1533.0
3775;90.0;F01DD559;3BA0D398;0.0;0.34;0.38;0.0;0.03;9.0;11.0;7.0;23.0;4397.0;18.0;1488.0;1622;1533.0
3774;90.0;D5208814;3BA0D398;0.0;0.48;0.53;0.0;0.04;8.0;11.0;8.0;52.0;8191.0;18.0;1488.0;1626;1533.0
3773;90.0;4CD66311;3BA0D398;0.0;0.49;0.54;0.0;0.04;7.0;11.0;2.0;29.0;7818.0;18.0;1488.0;1622;1533.0
3772;90.0;9E3D5E9E;3BA0D398;0.0;0.47;0.52;0.0;0.04;6.0;11.0;3.0;19.0;1719.0;18.0;1488.0;1623;1533.0
3771;90.0;E317063E;3BA0D398;0.0;0.43;0.48;0.0;0.03;5.0;11.0;1.0;1.0;0.0;18.0;1488.0;1657;1533.0
3770;90.0;17F7C9EA;3BA0D398;0.0;0.48;0.53;0.0;0.04;4.0;11.0;7.0;22.0;4157.0;18.0;1488.0;1618;1533.0
3769;90.0;A9DDCA90;3BA0D398;0.0;0.44;0.49;0.0;0.03;3.0;11.0;8.0;51.0;7942.0;18.0;1488.0;1623;1533.0
3768;90.0;1543A579;3BA0D398;0.0;0.48;0.53;0.0;0.04;2.0;11.0;2.0;28.0;7564.0;18.0;1488.0;1615;1533.0
3767;90.0;15A85F29;3BA0D398;0.0;0.46;0.5;0.0;0.04;1.0;11.0;3.0;18.0;1468.0;18.0;1488.0;1629;1533.0
3766;90.0;7A8293D1;DAF26177;0.0;0.43;0.47;0.0;0.01;6.0;6.0;7.0;21.0;3944.0;34.0;1480.0;1627;1533.0
3765;90.0;76B83055;DAF26177;0.01;0.53;0.58;0.0;0.02;5.0;6.0;8.0;50.0;7735.0;34.0;1480.0;1626;1525.0
3764;90.0;5E93E6E2;DAF26177;0.0;0.46;0.5;0.0;0.01;4.0;6.0;2.0;27.0;7351.0;34.0;1480.0;1621;1525.0
3763;90.0;D14EF008;DAF26177;0.0;0.45;0.49;0.0;0.01;3.0;6.0;3.0;17.0;1246.0;34.0;1480.0;1620;1525.0
3762;90.0;261AB809;DAF26177;0.0;0.42;0.45;0.0;0.01;2.0;6.0;7.0;20.0;3726.0;34.0;1480.0;1620;1525.0
3761;90.0;8DA045BF;5C6E672A;0.02;0.5;0.53;0.01;0.02;1.0;6.0;8.0;49.0;7518.0;34.0;1483.0;1640;1525.0
3760;90.0;D5438A75;DAF26177;0.01;0.59;0.65;0.0;0.02;10.0;10.0;2.0;26.0;7144.0;34.0;1480.0;1626;1528.0
3759;90.0;F99A1199;DAF26177;0.01;0.46;0.5;0.0;0.02;9.0;10.0;3.0;16.0;1033.0;34.0;1480.0;1620;1525.0
3758;90.0;5828C43B;DAF26177;0.0;0.45;0.49;0.0;0.01;8.0;10.0;7.0;19.0;3510.0;34.0;1480.0;1619;1525.0
3757;90.0;60BEA8B9;DAF26177;0.01;0.57;0.62;0.0;0.02;7.0;10.0;8.0;48.0;7301.0;34.0;1480.0;1627;1525.0
3756;90.0;054ECC33;DAF26177;0.01;0.49;0.54;0.0;0.02;6.0;10.0;2.0;25.0;6927.0;34.0;1480.0;1619;1525.0
3755;90.0;A589B536;DAF26177;0.01;0.52;0.56;0.0;0.02;5.0;10.0;3.0;15.0;825.0;34.0;1480.0;1620;1525.0
3754;90.0;47CF0B9C;DAF26177;0.01;0.59;0.64;0.0;0.02;4.0;10.0;7.0;18.0;3307.0;34.0;1480.0;1626;1525.0
3753;90.0;013F756A;DAF26177;0.0;0.45;0.49;0.0;0.01;3.0;10.0;8.0;47.0;7092.0;34.0;1480.0;1627;1525.0
3752;90.0;3DA7A878;DAF26177;0.01;0.59;0.64;0.0;0.02;2.0;10.0;2.0;24.0;6706.0;34.0;1480.0;1619;1525.0
3751;90.0;4ED39777;DAF26177;0.01;0.52;0.56;0.0;0.02;1.0;10.0;3.0;14.0;598.0;34.0;1480.0;1641;1525.0
3750;90.0;30ECABC6;E294A4B5;0.0;0.06;0.09;0.0;0.24;3.0;3.0;7.0;17.0;3066.0;0.0;1509.0;1635;1525.0
3749;90.0;F6E9CBDF;E294A4B5;0.0;0.08;0.11;0.0;0.29;2.0;3.0;14.0;54.0;2864.0;0.0;1509.0;1631;1549.0
3748;90.0;4653738A;E294A4B5;0.0;0.08;0.11;0.0;0.3;1.0;3.0;8.0;46.0;6798.0;0.0;1509.0;1644;1549.0
3747;90.0;5BE1E184;703CB22C;0.02;0.48;0.5;0.0;0.02;9.0;9.0;2.0;23.0;6417.0;34.0;1486.0;1653;1549.0
3746;90.0;2003DEE7;59D14704;0.02;0.57;0.62;0.0;0.01;8.0;9.0;3.0;13.0;298.0;34.0;1487.0;1642;1531.0
3745;90.0;BCC3F9B8;59D14704;0.01;0.48;0.52;0.0;0.01;7.0;9.0;7.0;16.0;2771.0;34.0;1487.0;1641;1537.0
3744;90.0;CE2D0548;59D14704;0.01;0.45;0.48;0.0;0.01;6.0;9.0;14.0;53.0;2574.0;34.0;1487.0;1642;1537.0
3743;90.0;56DF0A38;59D14704;0.01;0.5;0.54;0.0;0.01;5.0;9.0;8.0;45.0;6497.0;34.0;1487.0;1644;1537.0
3742;90.0;E0E297AE;59D14704;0.02;0.62;0.67;0.0;0.01;4.0;9.0;2.0;22.0;6112.0;34.0;1487.0;1641;1537.0
3741;90.0;1C2C7377;59D14704;0.02;0.6;0.65;0.0;0.01;3.0;9.0;3.0;12.0;0.0;34.0;1487.0;1667;1537.0
3731;90.0;5DFEC78C;E9D2B793;0.0;0.37;0.42;0.01;0.08;1.0;6.0;7.0;13.0;2308.0;18.0;1480.0;1633;1520.0
3730;90.0;29435F33;E9D2B793;0.0;0.35;0.39;0.01;0.08;6.0;6.0;14.0;50.0;2077.0;18.0;1480.0;1627;1520.0
3729;90.0;4EA3BA59;E9D2B793;0.0;0.31;0.34;0.01;0.07;5.0;6.0;8.0;42.0;5991.0;34.0;1480.0;1636;1520.0
3728;90.0;D14203FA;9970B431;0.0;0.45;0.55;0.01;0.1;4.0;6.0;3.0;10.0;2691.0;34.0;1480.0;1629;1520.0
3727;90.0;B4C6DBEF;9970B431;0.0;0.3;0.36;0.01;0.06;3.0;6.0;2.0;19.0;5317.0;34.0;1480.0;1626;1520.0
3726;90.0;AB8982C1;9970B431;0.0;0.38;0.46;0.01;0.08;2.0;6.0;7.0;12.0;1979.0;34.0;1480.0;1628;1520.0
3725;90.0;EE0CBAF4;9970B431;0.0;0.33;0.4;0.01;0.07;1.0;6.0;14.0;49.0;1748.0;18.0;1480.0;1640;1520.0
3724;90.0;AE9068AF;0C12C54A;0.0;0.51;0.54;0.02;0.06;6.0;6.0;8.0;41.0;5634.0;51.0;1472.0;1651;1517.0
3723;90.0;3C4600E1;0C12C54A;0.0;0.4;0.43;0.02;0.04;5.0;6.0;3.0;9.0;2337.0;51.0;1472.0;1637;1517.0
3722;90.0;A50CB92C;0C12C54A;0.0;0.54;0.58;0.02;0.06;4.0;6.0;2.0;18.0;4971.0;51.0;1472.0;1635;1517.0
3720;90.0;420725F1;D6C5A3D0;0.02;0.22;0.24;0.0;0.02;2.0;6.0;14.0;48.0;1423.0;46.0;1501.0;1660;1546.0
3721;90.0;7D9C453A;0C12C54A;0.0;0.45;0.47;0.02;0.05;3.0;6.0;7.0;11.0;1646.0;51.0;1472.0;1635;1517.0
3719;90.0;F3AA56AF;48A7AB1A;0.01;0.38;0.4;0.0;0.02;1.0;6.0;8.0;40.0;5353.0;34.0;1486.0;1651;1531.0
3718;90.0;57456EF2;84F4F88C;0.02;0.08;0.12;0.0;0.0;5.0;5.0;3.0;8.0;2061.0;34.0;1522.0;1667;1557.0
3717;90.0;CC4F9733;84F4F88C;0.02;0.1;0.13;0.0;0.0;4.0;5.0;2.0;17.0;4696.0;34.0;1522.0;1663;1557.0
3716;90.0;89B373CD;4AC24E4B;0.02;0.23;0.26;0.01;0.02;3.0;5.0;7.0;10.0;1366.0;41.0;1501.0;1651;1541.0
3715;90.0;29024F25;4AC24E4B;0.02;0.26;0.3;0.01;0.02;2.0;5.0;14.0;47.0;1135.0;34.0;1501.0;1639;1541.0
3714;90.0;B230965D;E85F4719;0.0;0.45;0.47;0.0;0.02;1.0;5.0;8.0;39.0;5057.0;34.0;1487.0;1660;1532.0
3713;90.0;B40B4834;96E8463B;0.01;0.2;0.22;0.01;0.02;8.0;8.0;3.0;7.0;1757.0;41.0;1503.0;1657;1543.0
3712;90.0;24EDBBAB;96E8463B;0.01;0.15;0.17;0.01;0.02;7.0;8.0;2.0;16.0;4394.0;41.0;1503.0;1657;1543.0
3711;90.0;BD70D0BA;CC18C404;0.02;0.22;0.24;0.01;0.02;6.0;8.0;7.0;9.0;1063.0;34.0;1506.0;1661;1551.0
3710;90.0;3193D079;CC18C404;0.02;0.18;0.19;0.01;0.02;5.0;8.0;14.0;46.0;847.0;34.0;1506.0;1656;1551.0
3709;90.0;2A642CB2;CC18C404;0.02;0.17;0.19;0.01;0.02;4.0;8.0;8.0;38.0;4768.0;34.0;1506.0;1659;1551.0
3708;90.0;99319533;CC18C404;0.02;0.17;0.19;0.01;0.02;3.0;8.0;3.0;6.0;1473.0;34.0;1506.0;1657;1551.0
3707;90.0;1C1C874B;CC18C404;0.03;0.26;0.28;0.01;0.03;2.0;8.0;2.0;15.0;4097.0;37.0;1506.0;1667;1551.0
3699;90.0;62B6ED38;4D27ECED;0.03;0.24;0.28;0.01;0.0;1.0;7.0;8.0;36.0;4302.0;34.0;1502.0;1664;1547.0
3698;90.0;AB06A912;22C5A4BE;0.02;0.18;0.22;0.01;0.0;8.0;8.0;3.0;4.0;1008.0;18.0;1511.0;1648;1552.0
3697;90.0;7515C588;22C5A4BE;0.02;0.13;0.16;0.01;0.0;7.0;8.0;2.0;13.0;3645.0;18.0;1511.0;1640;1552.0
3696;90.0;964B2DAB;B4E0CC84;0.02;0.2;0.22;0.01;0.02;6.0;8.0;7.0;6.0;323.0;34.0;1507.0;1655;1552.0
3695;90.0;C384B81B;C696558F;0.02;0.19;0.21;0.0;0.02;5.0;8.0;14.0;43.0;0.0;34.0;1505.0;1679;1555.0
3694;90.0;A9831E9D;7D015357;0.02;0.15;0.17;0.01;0.01;4.0;8.0;8.0;35.0;4015.0;41.0;1506.0;1667;1551.0
3693;90.0;72EF5A1C;7D015357;0.02;0.14;0.15;0.01;0.01;3.0;8.0;3.0;3.0;725.0;41.0;1506.0;1665;1551.0
3692;90.0;34291A71;7D015357;0.02;0.19;0.21;0.01;0.01;2.0;8.0;2.0;12.0;3329.0;46.0;1506.0;1668;1551.0
3691;90.0;D26B550D;7D015357;0.02;0.14;0.16;0.01;0.01;1.0;8.0;7.0;5.0;0.0;53.0;1506.0;1709;1551.0
3690;90.0;A4A05A19;493EAF60;0.01;0.38;0.4;0.0;0.01;6.0;6.0;5.0;61.0;802.0;34.0;1486.0;1639;1531.0
3689;90.0;88BBA8F1;67470249;0.01;0.32;0.37;0.0;0.02;5.0;6.0;8.0;34.0;3703.0;34.0;1486.0;1636;1531.0
3688;90.0;0CBED956;D6BA9D02;0.02;0.44;0.46;0.0;0.02;4.0;6.0;3.0;2.0;405.0;34.0;1481.0;1650;1526.0
3687;90.0;F8CF7EE9;D6BA9D02;0.01;0.34;0.35;0.0;0.02;3.0;6.0;14.0;42.0;0.0;34.0;1481.0;1643;1526.0
3686;90.0;D21F4448;D6BA9D02;0.01;0.41;0.43;0.0;0.02;2.0;6.0;2.0;11.0;2871.0;34.0;1481.0;1639;1526.0
3685;90.0;E51E0CF9;D9882B65;0.01;0.37;0.4;0.0;0.02;2.0;7.0;5.0;60.0;405.0;34.0;1490.0;1655;1540.0
3684;90.0;697D8113;71A937D5;0.02;0.52;0.58;0.0;0.03;1.0;7.0;8.0;33.0;3285.0;34.0;1487.0;1667;1542.0
3683;90.0;5A41B050;AB5C3C0B;0.01;0.16;0.2;0.01;0.0;1.0;1.0;3.0;1.0;0.0;46.0;1497.0;1687;1532.0
3682;180.0;8C3E496D;56FFE5DC;0.02;0.14;0.16;0.01;0.01;3.0;3.0;14.0;41.0;2969.0;41.0;1507.0;1643;1532.0
3681;180.0;A0ADAFD5;56FFE5DC;0.03;0.21;0.23;0.02;0.01;2.0;3.0;2.0;10.0;2486.0;44.0;1507.0;1651;1532.0
3680;180.0;E35F7032;56FFE5DC;0.02;0.18;0.21;0.01;0.01;1.0;3.0;5.0;59.0;0.0;60.0;1507.0;1694;1532.0
3679;180.0;766367D8;2757A61E;0.01;0.61;0.65;0.01;0.0;3.0;3.0;7.0;4.0;955.0;57.0;1486.0;1692;1541.0
3678;180.0;61ED5578;2757A61E;0.0;0.52;0.56;0.01;0.0;1.0;3.0;14.0;40.0;2645.0;57.0;1486.0;1690;1541.0
3677;180.0;276A1680;2757A61E;0.01;0.65;0.69;0.01;0.0;1.0;3.0;8.0;32.0;2712.0;57.0;1486.0;1687;1541.0
3676;180.0;30D5D7AC;2757A61E;0.01;0.66;0.71;0.01;0.0;3.0;3.0;2.0;9.0;2099.0;57.0;1486.0;1707;1541.0
3675;180.0;DDF60451;2757A61E;0.0;0.44;0.48;0.01;0.0;2.0;3.0;7.0;3.0;641.0;57.0;1486.0;1694;1541.0
3674;180.0;F4206B88;2757A61E;0.01;0.65;0.7;0.01;0.0;1.0;3.0;14.0;39.0;2385.0;57.0;1486.0;1694;1541.0
3673;180.0;CE41D316;2757A61E;0.01;0.62;0.66;0.01;0.0;3.0;3.0;8.0;31.0;2442.0;57.0;1486.0;1703;1541.0
3672;180.0;CB6D11CE;2757A61E;0.0;0.49;0.52;0.01;0.0;2.0;3.0;2.0;8.0;1842.0;57.0;1486.0;1692;1541.0
3671;180.0;BA5A5216;2757A61E;0.01;0.67;0.71;0.01;0.0;1.0;3.0;5.0;58.0;2137.0;57.0;1486.0;1695;1541.0
3670;180.0;F6A838B5;48815118;0.01;0.6;0.63;0.01;0.0;3.0;3.0;14.0;38.0;2115.0;62.0;1486.0;1681;1541.0
3669;180.0;3F42EAE0;48815118;0.01;0.59;0.63;0.01;0.0;2.0;3.0;7.0;2.0;248.0;62.0;1486.0;1676;1541.0
3668;180.0;32EEA21C;48815118;0.0;0.53;0.56;0.01;0.0;1.0;3.0;8.0;30.0;2115.0;62.0;1486.0;1690;1541.0
3667;180.0;44DA137A;22ADB3F3;0.0;0.82;0.85;0.01;0.07;3.0;3.0;2.0;7.0;1517.0;46.0;1476.0;1615;1501.0
3666;180.0;EDDF1BDA;22ADB3F3;0.0;0.6;0.62;0.01;0.05;2.0;3.0;5.0;57.0;1802.0;46.0;1476.0;1615;1501.0
3665;180.0;6DE7E7DE;846C064B;0.01;0.48;0.57;0.01;0.1;1.0;3.0;7.0;1.0;0.0;51.0;1483.0;1690;1528.0
3664;180.0;D89BFDBC;F8C74014;0.02;0.56;0.58;0.0;0.01;9.0;9.0;14.0;37.0;1760.0;46.0;1488.0;1650;1523.0
3663;180.0;3E28CC9A;332091CC;0.01;0.53;0.58;0.01;0.0;8.0;9.0;8.0;29.0;1834.0;46.0;1486.0;1626;1516.0
3662;180.0;D84620D9;332091CC;0.01;0.43;0.48;0.01;0.0;7.0;9.0;2.0;6.0;1242.0;46.0;1486.0;1631;1516.0
3661;180.0;FA33F289;332091CC;0.01;0.52;0.57;0.01;0.0;6.0;9.0;5.0;56.0;1552.0;46.0;1486.0;1624;1516.0
3660;180.0;DC4ED87D;87C78AB7;0.0;0.37;0.44;0.0;0.0;5.0;9.0;14.0;36.0;1521.0;37.0;1480.0;1627;1525.0
3659;180.0;F1037AB0;87C78AB7;0.01;0.54;0.63;0.0;0.0;4.0;9.0;8.0;28.0;1591.0;32.0;1480.0;1627;1525.0
3658;180.0;15BFC1C2;87C78AB7;0.01;0.55;0.64;0.0;0.0;3.0;9.0;2.0;5.0;986.0;32.0;1480.0;1636;1525.0
3657;180.0;AA00A957;263123F2;0.01;0.54;0.57;0.0;0.02;2.0;9.0;5.0;55.0;1287.0;51.0;1480.0;1660;1525.0
3656;180.0;152060F8;CC996FCB;0.02;0.16;0.19;0.0;0.0;1.0;9.0;14.0;35.0;1275.0;53.0;1510.0;1689;1550.0
3655;180.0;1B512795;9970B431;0.0;0.38;0.46;0.01;0.08;7.0;7.0;8.0;27.0;1329.0;34.0;1480.0;1630;1520.0
3654;180.0;F230D130;9970B431;0.0;0.34;0.41;0.01;0.07;6.0;7.0;2.0;4.0;719.0;34.0;1480.0;1620;1520.0
3653;180.0;78D4E1E8;9970B431;0.0;0.33;0.4;0.01;0.07;5.0;7.0;5.0;54.0;1020.0;34.0;1480.0;1629;1520.0
3652;180.0;BF320B89;9970B431;0.0;0.36;0.44;0.01;0.08;4.0;7.0;14.0;34.0;1010.0;25.0;1480.0;1615;1520.0
3651;180.0;A9011B4F;9970B431;0.0;0.41;0.5;0.01;0.09;3.0;7.0;8.0;26.0;1071.0;25.0;1480.0;1616;1520.0
3650;180.0;3E69A0A7;9970B431;0.0;0.44;0.53;0.01;0.09;2.0;7.0;2.0;3.0;473.0;25.0;1480.0;1623;1520.0
3649;180.0;3CA0B821;9970B431;0.0;0.45;0.55;0.01;0.1;1.0;7.0;5.0;53.0;769.0;39.0;1480.0;1637;1520.0
3648;180.0;ADABE103;E9D2B793;0.0;0.48;0.53;0.01;0.1;7.0;7.0;14.0;33.0;771.0;30.0;1480.0;1627;1520.0
3647;180.0;31ED8CC8;E9D2B793;0.0;0.32;0.35;0.01;0.07;6.0;7.0;8.0;25.0;834.0;30.0;1480.0;1623;1520.0
3646;180.0;439A5C5E;53FB7813;0.01;0.43;0.52;0.0;0.09;5.0;7.0;2.0;2.0;230.0;34.0;1480.0;1629;1520.0
3645;180.0;68DE31BE;53FB7813;0.01;0.44;0.54;0.0;0.1;4.0;7.0;5.0;52.0;539.0;34.0;1480.0;1631;1520.0
3644;180.0;D23D800A;9970B431;0.0;0.35;0.43;0.01;0.08;3.0;7.0;14.0;32.0;534.0;34.0;1480.0;1640;1520.0
3643;180.0;416FA661;9970B431;0.0;0.41;0.5;0.01;0.09;2.0;7.0;8.0;24.0;597.0;34.0;1480.0;1630;1520.0
3642;180.0;78F4C7D0;9970B431;0.0;0.36;0.43;0.01;0.08;1.0;7.0;2.0;1.0;0.0;39.0;1480.0;1678;1520.0
3641;180.0;47E4B10E;3BA0D398;0.0;0.43;0.48;0.0;0.03;8.0;8.0;4.0;37.0;237.0;46.0;1488.0;1648;1528.0
3640;180.0;D557E95D;3BA0D398;0.0;0.35;0.38;0.0;0.03;7.0;8.0;5.0;51.0;248.0;46.0;1488.0;1641;1528.0
3639;180.0;9389F45D;3BA0D398;0.0;0.38;0.42;0.0;0.03;6.0;8.0;14.0;31.0;243.0;46.0;1488.0;1640;1528.0
3638;180.0;B33CBD7B;3BA0D398;0.0;0.36;0.4;0.0;0.03;5.0;8.0;8.0;23.0;307.0;46.0;1488.0;1644;1528.0
3637;180.0;ECC07CD8;3BA0D398;0.0;0.45;0.5;0.0;0.03;4.0;8.0;4.0;36.0;0.0;46.0;1488.0;1660;1528.0
3636;180.0;192FD83D;3BA0D398;0.0;0.5;0.55;0.0;0.04;3.0;8.0;5.0;50.0;0.0;46.0;1488.0;1658;1528.0
3635;180.0;B3377889;3BA0D398;0.0;0.43;0.48;0.0;0.03;2.0;8.0;14.0;30.0;0.0;46.0;1488.0;1656;1528.0
3634;180.0;55728F09;3BA0D398;0.0;0.34;0.37;0.0;0.03;1.0;8.0;8.0;22.0;0.0;32.0;1488.0;1659;1528.0
3633;180.0;077D7542;CC996FCB;0.02;0.2;0.24;0.0;0.0;8.0;8.0;1.0;62.0;1619.0;48.0;1510.0;1668;1550.0
3632;180.0;16097F23;CC996FCB;0.02;0.16;0.19;0.0;0.0;7.0;8.0;4.0;35.0;1111.0;48.0;1510.0;1650;1550.0
3631;180.0;A50CB92C;CC996FCB;0.02;0.22;0.25;0.0;0.0;6.0;8.0;5.0;49.0;1701.0;48.0;1510.0;1655;1550.0
3630;180.0;744BA663;CC996FCB;0.02;0.21;0.25;0.0;0.0;5.0;8.0;8.0;21.0;1924.0;48.0;1510.0;1654;1550.0
3629;180.0;C2A8DBAB;CC996FCB;0.02;0.21;0.24;0.0;0.0;4.0;8.0;1.0;61.0;1416.0;48.0;1510.0;1653;1550.0
3628;180.0;9FA1D95E;CC996FCB;0.02;0.22;0.26;0.0;0.0;3.0;8.0;14.0;29.0;282.0;48.0;1510.0;1658;1550.0
3627;180.0;B8E2FEC8;CC996FCB;0.02;0.2;0.24;0.0;0.0;2.0;8.0;4.0;34.0;854.0;48.0;1510.0;1664;1550.0
3626;180.0;6AE63486;CC996FCB;0.02;0.16;0.19;0.0;0.0;1.0;8.0;5.0;48.0;1443.0;48.0;1510.0;1683;1550.0
3625;180.0;96AAA27C;398F4446;0.01;0.31;0.33;0.01;0.02;7.0;7.0;8.0;20.0;1656.0;51.0;1480.0;1650;1530.0
3624;180.0;1CD3E429;656E5837;0.02;0.48;0.53;0.0;0.03;6.0;7.0;1.0;60.0;1137.0;46.0;1486.0;1655;1531.0
3623;180.0;35677C25;19008928;0.01;0.58;0.64;0.0;0.02;5.0;7.0;14.0;28.0;0.0;41.0;1474.0;1664;1530.0
3622;180.0;EBAC251F;502F0F5B;0.01;0.46;0.49;0.02;0.06;4.0;7.0;4.0;33.0;565.0;46.0;1470.0;1630;1515.0
3621;180.0;7EA81F2F;502F0F5B;0.01;0.43;0.46;0.01;0.05;3.0;7.0;5.0;47.0;1132.0;46.0;1470.0;1630;1515.0
3620;180.0;A56AED5C;502F0F5B;0.01;0.56;0.59;0.02;0.07;2.0;7.0;8.0;19.0;1308.0;46.0;1470.0;1636;1515.0
3619;180.0;8F5C8067;502F0F5B;0.01;0.43;0.46;0.02;0.06;1.0;7.0;1.0;59.0;711.0;55.0;1470.0;1645;1515.0
3618;180.0;C67EC731;9C5F9BFA;0.01;0.38;0.42;0.0;0.02;1.0;1.0;4.0;33.0;674.0;57.0;1490.0;1665;1535.0
3617;180.0;6DEE7954;D139AB57;0.0;0.43;0.46;0.0;0.0;9.0;9.0;5.0;46.0;691.0;46.0;1481.0;1654;1526.0
3616;180.0;BEC9B856;D139AB57;0.01;0.58;0.62;0.0;0.0;8.0;9.0;14.0;26.0;559.0;55.0;1481.0;1657;1526.0
3615;180.0;20D8A39D;D139AB57;0.0;0.39;0.42;0.0;0.0;7.0;9.0;8.0;18.0;819.0;55.0;1481.0;1652;1526.0
3614;180.0;2FEF6212;D139AB57;0.0;0.43;0.45;0.0;0.0;6.0;9.0;1.0;58.0;296.0;55.0;1481.0;1654;1526.0
3613;180.0;97A9CC5E;DD4524C7;0.02;0.45;0.47;0.01;0.0;5.0;9.0;4.0;32.0;299.0;46.0;1480.0;1632;1515.0
3612;180.0;701704EB;DD4524C7;0.02;0.44;0.45;0.01;0.0;4.0;9.0;5.0;45.0;364.0;46.0;1480.0;1623;1515.0
3611;180.0;030915FA;DD4524C7;0.02;0.42;0.44;0.01;0.0;3.0;9.0;14.0;25.0;241.0;46.0;1480.0;1628;1515.0
3610;180.0;6E88DDBE;DD4524C7;0.02;0.49;0.51;0.01;0.0;2.0;9.0;8.0;17.0;505.0;46.0;1480.0;1630;1515.0
3609;180.0;3D902BFD;E1C94594;0.01;0.28;0.3;0.0;0.0;1.0;9.0;1.0;57.0;0.0;46.0;1494.0;1679;1534.0
3608;180.0;5542350D;D6C5A3D0;0.02;0.19;0.21;0.0;0.02;4.0;4.0;4.0;31.0;0.0;46.0;1501.0;1675;1546.0
3607;180.0;E4B37ED3;D22BFB79;0.01;0.45;0.5;0.02;0.06;3.0;4.0;14.0;24.0;0.0;46.0;1480.0;1666;1540.0
3606;180.0;14961B67;D22BFB79;0.01;0.38;0.42;0.01;0.05;2.0;4.0;5.0;44.0;0.0;46.0;1480.0;1659;1540.0
3605;180.0;1F167185;48A7AB1A;0.01;0.46;0.48;0.0;0.03;1.0;4.0;8.0;16.0;0.0;46.0;1486.0;1646;1526.0
3592;180.0;CFD83053;67470249;0.01;0.36;0.41;0.0;0.02;1.0;7.0;1.0;54.0;0.0;55.0;1486.0;1695;1526.0
3591;180.0;770B7A3B;5A195F30;0.01;0.45;0.47;0.0;0.03;7.0;7.0;4.0;29.0;2938.0;46.0;1487.0;1658;1527.0
3590;180.0;CA75B483;5A195F30;0.0;0.4;0.42;0.0;0.03;6.0;7.0;3.0;46.0;386.0;46.0;1487.0;1640;1527.0
3589;180.0;82A08D3A;5A195F30;0.0;0.38;0.39;0.0;0.03;5.0;7.0;14.0;20.0;2648.0;46.0;1487.0;1658;1527.0
3588;180.0;C3F9EB18;4C9F89E7;0.02;0.17;0.19;0.01;0.02;4.0;7.0;5.0;40.0;2641.0;46.0;1512.0;1688;1557.0
3587;180.0;1019B0CD;60B76B26;0.02;0.16;0.18;0.01;0.02;3.0;7.0;8.0;12.0;2627.0;46.0;1504.0;1678;1544.0
3586;180.0;E39766AF;60B76B26;0.02;0.2;0.23;0.01;0.02;2.0;7.0;4.0;28.0;2609.0;46.0;1504.0;1657;1544.0
3585;180.0;E2061CD3;2374C9B3;0.02;0.16;0.18;0.01;0.02;1.0;7.0;3.0;45.0;0.0;51.0;1502.0;1701;1542.0
3584;180.0;6AB7D505;0731C1FB;0.0;0.76;0.82;0.0;0.0;3.0;3.0;14.0;19.0;2253.0;62.0;1462.0;1612;1488.0
3583;180.0;916F0866;0731C1FB;0.0;1.15;1.24;0.01;0.0;2.0;3.0;5.0;39.0;2230.0;62.0;1462.0;1611;1488.0
3582;180.0;F70054A8;0731C1FB;0.0;0.77;0.82;0.0;0.0;1.0;3.0;8.0;11.0;2229.0;62.0;1462.0;1618;1488.0
3581;180.0;525A5974;D22BFB79;0.01;0.34;0.38;0.01;0.05;7.0;7.0;4.0;27.0;2245.0;46.0;1480.0;1660;1540.0
3580;180.0;F6A3DF75;D22BFB79;0.01;0.35;0.38;0.01;0.05;6.0;7.0;14.0;18.0;2011.0;46.0;1480.0;1648;1540.0
3579;180.0;9E883375;D22BFB79;0.01;0.3;0.33;0.01;0.04;5.0;7.0;5.0;38.0;2013.0;46.0;1480.0;1647;1540.0
3578;180.0;5CE8ABFD;D22BFB79;0.01;0.46;0.51;0.02;0.06;4.0;7.0;8.0;10.0;2008.0;46.0;1480.0;1648;1540.0
3577;180.0;7070F8D5;D22BFB79;0.01;0.35;0.39;0.01;0.05;3.0;7.0;4.0;26.0;2016.0;46.0;1480.0;1647;1540.0
3576;180.0;6B8DD7D7;D22BFB79;0.01;0.43;0.48;0.02;0.06;2.0;7.0;14.0;17.0;1778.0;46.0;1480.0;1645;1540.0
3575;180.0;2C7F9734;D22BFB79;0.01;0.45;0.5;0.02;0.06;1.0;7.0;5.0;37.0;1771.0;46.0;1480.0;1668;1540.0
3574;180.0;B3377889;1EF55151;0.0;0.41;0.5;0.0;0.09;4.0;4.0;8.0;9.0;1760.0;34.0;1480.0;1638;1520.0
3573;180.0;B487127E;7AFEE53C;0.01;0.27;0.29;0.0;0.0;3.0;4.0;4.0;25.0;1768.0;39.0;1488.0;1636;1528.0
3572;180.0;7030F7CA;7AFEE53C;0.01;0.39;0.43;0.0;0.0;2.0;5.0;14.0;16.0;1529.0;39.0;1488.0;1642;1528.0
3571;180.0;99DD9BA7;7AFEE53C;0.01;0.35;0.38;0.0;0.0;1.0;5.0;5.0;36.0;1525.0;46.0;1488.0;1659;1528.0
3570;180.0;114DD766;B4CD6E45;0.0;0.7;0.73;0.0;0.02;9.0;9.0;8.0;8.0;1514.0;46.0;1475.0;1627;1510.0
3569;180.0;C8571A5C;B4CD6E45;0.0;0.69;0.72;0.0;0.02;8.0;9.0;4.0;24.0;1526.0;46.0;1475.0;1619;1510.0
3568;180.0;78DD3F99;703CB22C;0.02;0.45;0.46;0.0;0.02;7.0;9.0;14.0;15.0;1286.0;46.0;1486.0;1660;1536.0
3567;180.0;A6F7B1C9;703CB22C;0.02;0.6;0.62;0.0;0.02;6.0;9.0;3.0;44.0;291.0;46.0;1486.0;1656;1536.0
3566;180.0;B293A060;D139AB57;0.01;0.51;0.55;0.0;0.0;5.0;9.0;5.0;35.0;1202.0;55.0;1481.0;1671;1526.0
3565;180.0;9F8C5ACA;D139AB57;0.01;0.51;0.55;0.0;0.0;4.0;9.0;8.0;7.0;1199.0;55.0;1481.0;1656;1526.0
3564;180.0;E877D18E;D139AB57;0.01;0.47;0.51;0.0;0.0;3.0;9.0;4.0;23.0;1211.0;55.0;1481.0;1658;1526.0
3563;180.0;97A9CC5E;DFB6F1D3;0.01;0.35;0.37;0.0;0.0;2.0;9.0;14.0;14.0;977.0;51.0;1485.0;1646;1525.0
3562;180.0;64407B42;DFB6F1D3;0.01;0.4;0.43;0.0;0.0;1.0;9.0;3.0;43.0;0.0;51.0;1485.0;1670;1525.0
3561;180.0;0ED31302;D6C5A3D0;0.02;0.2;0.22;0.0;0.02;7.0;7.0;5.0;34.0;922.0;46.0;1501.0;1657;1546.0
3560;180.0;50A448D7;D6C5A3D0;0.02;0.19;0.21;0.0;0.02;6.0;7.0;8.0;6.0;923.0;46.0;1501.0;1660;1546.0
3559;180.0;9834429C;5871DF5A;0.01;0.27;0.29;0.01;0.03;5.0;7.0;4.0;22.0;920.0;46.0;1486.0;1648;1536.0
3558;180.0;1C1C874B;9CF45E8B;0.01;0.53;0.55;0.02;0.03;4.0;7.0;14.0;13.0;673.0;51.0;1475.0;1630;1525.0
3557;180.0;701704EB;9CF45E8B;0.01;0.38;0.4;0.01;0.02;3.0;7.0;5.0;33.0;665.0;51.0;1475.0;1637;1525.0
3556;180.0;6D5989D3;0B13406F;0.02;0.73;0.78;0.0;0.0;2.0;7.0;8.0;5.0;659.0;39.0;1480.0;1641;1520.0
3555;180.0;1A7012F6;0B13406F;0.02;0.75;0.8;0.0;0.0;1.0;7.0;4.0;21.0;677.0;51.0;1480.0;1656;1520.0
3554;180.0;564EE612;D249F467;0.02;0.16;0.2;0.01;0.01;6.0;6.0;14.0;12.0;448.0;46.0;1504.0;1661;1549.0
3553;180.0;DD7EC5E9;D249F467;0.02;0.16;0.19;0.01;0.01;5.0;6.0;5.0;32.0;449.0;46.0;1504.0;1655;1549.0
3552;180.0;FFB17E66;4AC24E4B;0.02;0.22;0.25;0.01;0.01;4.0;6.0;8.0;4.0;440.0;51.0;1501.0;1671;1546.0
3551;180.0;570443E7;4AC24E4B;0.02;0.26;0.3;0.01;0.02;3.0;6.0;4.0;20.0;457.0;51.0;1501.0;1654;1546.0
3550;180.0;EED81B5E;398F4446;0.01;0.39;0.42;0.02;0.02;2.0;6.0;14.0;11.0;232.0;51.0;1480.0;1655;1530.0
3549;180.0;113BBDA6;7E7D0B4D;0.01;0.38;0.39;0.01;0.0;1.0;6.0;5.0;31.0;238.0;51.0;1480.0;1655;1525.0
3548;180.0;C8571A5C;87C78AB7;0.0;0.43;0.5;0.0;0.0;6.0;6.0;8.0;3.0;219.0;32.0;1480.0;1638;1525.0
3547;180.0;511DEB41;87C78AB7;0.01;0.44;0.51;0.0;0.0;5.0;6.0;4.0;19.0;238.0;32.0;1480.0;1621;1525.0
3546;180.0;2882E32B;87C78AB7;0.01;0.54;0.63;0.0;0.0;4.0;6.0;14.0;10.0;0.0;32.0;1480.0;1639;1525.0
3545;180.0;E2B94132;87C78AB7;0.0;0.41;0.48;0.0;0.0;3.0;6.0;5.0;30.0;0.0;32.0;1480.0;1644;1525.0
3544;180.0;2C0B4BF8;87C78AB7;0.01;0.43;0.5;0.0;0.0;2.0;6.0;8.0;2.0;0.0;32.0;1480.0;1647;1525.0
3543;180.0;353EA0EE;53C00FD5;0.01;0.44;0.46;0.0;0.02;1.0;6.0;4.0;18.0;0.0;51.0;1483.0;1681;1523.0
3542;180.0;479C6D5D;5C6E672A;0.02;0.47;0.51;0.01;0.02;4.0;4.0;3.0;42.0;1715.0;46.0;1483.0;1633;1518.0
3541;180.0;250660AE;5C6E672A;0.02;0.46;0.49;0.01;0.02;3.0;10.0;5.0;29.0;7965.0;46.0;1483.0;1625;1518.0
3540;180.0;C2853F3C;DD4524C7;0.02;0.39;0.4;0.01;0.0;2.0;10.0;14.0;9.0;2280.0;46.0;1480.0;1625;1515.0
3539;180.0;A8CEA2F1;2A8BED63;0.02;0.52;0.54;0.0;0.0;1.0;10.0;8.0;1.0;0.0;46.0;1488.0;1679;1528.0
3538;180.0;EFEC3CD1;2374C9B3;0.02;0.19;0.22;0.01;0.02;5.0;5.0;4.0;17.0;4638.0;46.0;1502.0;1650;1542.0
3537;180.0;0DD6679B;2374C9B3;0.02;0.19;0.22;0.01;0.02;4.0;5.0;5.0;28.0;7720.0;46.0;1502.0;1653;1542.0
3536;180.0;5C489C2B;3C05FD00;0.02;0.16;0.19;0.01;0.02;3.0;5.0;3.0;41.0;1351.0;46.0;1506.0;1655;1546.0
3535;180.0;7BC0E460;35C7C29B;0.02;0.33;0.35;0.01;0.0;2.0;5.0;14.0;8.0;1979.0;69.0;1501.0;1703;1551.0
3534;180.0;BE134D00;35C7C29B;0.01;0.26;0.28;0.01;0.0;1.0;5.0;4.0;16.0;4407.0;69.0;1501.0;1692;1551.0
3533;180.0;5DC9B022;56FFE5DC;0.02;0.14;0.16;0.01;0.01;4.0;4.0;5.0;27.0;7482.0;39.0;1507.0;1649;1532.0
3532;180.0;77529D46;56FFE5DC;0.03;0.21;0.23;0.02;0.01;3.0;4.0;3.0;40.0;1126.0;39.0;1507.0;1638;1532.0
3531;180.0;58BE424B;56FFE5DC;0.02;0.16;0.18;0.01;0.01;2.0;4.0;14.0;7.0;1757.0;39.0;1507.0;1645;1532.0
3530;180.0;F4504489;56FFE5DC;0.02;0.19;0.21;0.01;0.01;1.0;4.0;4.0;15.0;4106.0;60.0;1507.0;1676;1532.0
3529;180.0;5DA9B896;2757A61E;0.01;0.67;0.72;0.01;0.0;3.0;3.0;5.0;26.0;7199.0;57.0;1486.0;1698;1541.0
3528;180.0;5C63ADCD;2757A61E;0.01;0.71;0.76;0.01;0.0;2.0;3.0;3.0;39.0;835.0;57.0;1486.0;1697;1541.0
3527;180.0;DA0CFC34;2757A61E;0.0;0.45;0.48;0.01;0.0;1.0;3.0;14.0;6.0;1459.0;57.0;1486.0;1699;1541.0
3526;180.0;F4D90B73;2757A61E;0.0;0.53;0.57;0.01;0.0;3.0;3.0;4.0;14.0;3859.0;57.0;1486.0;1707;1541.0
3525;180.0;C05518DF;2757A61E;0.01;0.59;0.63;0.01;0.0;2.0;3.0;5.0;25.0;6947.0;57.0;1486.0;1691;1541.0
3524;180.0;F4AA2A9C;2757A61E;0.0;0.46;0.5;0.01;0.0;1.0;3.0;3.0;38.0;585.0;57.0;1486.0;1692;1541.0
3523;180.0;C27B3995;281A1554;0.01;0.55;0.57;0.01;0.0;3.0;3.0;14.0;5.0;1173.0;57.0;1486.0;1698;1541.0
3522;180.0;9F971A60;281A1554;0.0;0.49;0.51;0.01;0.0;2.0;3.0;4.0;13.0;3587.0;57.0;1486.0;1690;1541.0
3521;180.0;174B3A60;281A1554;0.01;0.6;0.62;0.01;0.0;1.0;3.0;5.0;24.0;6637.0;57.0;1486.0;1698;1541.0
3520;180.0;8C39982A;E1B28665;0.01;0.45;0.48;0.0;0.01;6.0;6.0;3.0;37.0;277.0;46.0;1492.0;1661;1547.0
3519;180.0;3A15F4F1;E1B28665;0.0;0.33;0.36;0.0;0.01;5.0;6.0;7.0;62.0;5822.0;46.0;1492.0;1664;1547.0
3518;180.0;3A3671C8;E1B28665;0.01;0.43;0.46;0.0;0.01;4.0;6.0;14.0;4.0;844.0;46.0;1492.0;1659;1547.0
3517;180.0;375964A4;E1B28665;0.01;0.45;0.49;0.0;0.01;3.0;6.0;4.0;12.0;3266.0;46.0;1492.0;1664;1547.0
3516;180.0;CFC9BC05;E1B28665;0.0;0.32;0.35;0.0;0.01;2.0;6.0;5.0;23.0;6365.0;46.0;1492.0;1662;1547.0
3515;180.0;7FD5F4C7;E1B28665;0.0;0.36;0.39;0.0;0.01;1.0;6.0;3.0;36.0;0.0;57.0;1492.0;1699;1547.0
3514;180.0;4E8031E6;1FCFE9BD;0.02;0.26;0.28;0.01;0.03;5.0;5.0;7.0;61.0;5550.0;46.0;1500.0;1654;1540.0
3513;180.0;A272A987;1FCFE9BD;0.02;0.22;0.24;0.01;0.03;4.0;5.0;14.0;3.0;560.0;46.0;1500.0;1667;1540.0
3512;180.0;1FB226DF;67470249;0.01;0.43;0.49;0.0;0.02;3.0;5.0;4.0;11.0;2968.0;51.0;1486.0;1647;1526.0
3511;180.0;427622E1;67470249;0.01;0.48;0.55;0.0;0.03;2.0;5.0;5.0;22.0;6056.0;51.0;1486.0;1644;1526.0
3510;180.0;8C88EE36;67470249;0.01;0.43;0.49;0.0;0.02;1.0;5.0;1.0;53.0;0.0;51.0;1486.0;1671;1526.0
3509;180.0;253BF964;9C5F9BFA;0.01;0.3;0.33;0.0;0.01;7.0;7.0;7.0;60.0;5253.0;46.0;1490.0;1660;1535.0
3508;180.0;10EF628F;9C5F9BFA;0.01;0.31;0.34;0.0;0.01;6.0;7.0;14.0;2.0;272.0;46.0;1490.0;1651;1535.0
3507;180.0;10458E3B;9C5F9BFA;0.01;0.38;0.42;0.0;0.02;5.0;7.0;4.0;10.0;2700.0;46.0;1490.0;1647;1535.0
3506;180.0;988A0ECC;9C5F9BFA;0.01;0.28;0.31;0.0;0.01;4.0;7.0;5.0;21.0;5792.0;46.0;1490.0;1654;1535.0
3505;180.0;6E9E3E11;9C5F9BFA;0.01;0.32;0.35;0.0;0.01;3.0;7.0;3.0;35.0;6054.0;46.0;1490.0;1641;1535.0
3504;180.0;D4CBFE8F;9C5F9BFA;0.01;0.3;0.33;0.0;0.01;2.0;7.0;7.0;59.0;4985.0;46.0;1490.0;1643;1535.0
3503;180.0;3850D8DF;9C5F9BFA;0.01;0.28;0.31;0.0;0.01;1.0;7.0;14.0;1.0;0.0;51.0;1490.0;1693;1535.0
3502;180.0;2080CF57;BF0B86FD;0.0;0.39;0.43;0.0;0.03;8.0;8.0;4.0;9.0;2419.0;46.0;1485.0;1645;1525.0
3501;180.0;18A6CE80;BF0B86FD;0.0;0.47;0.52;0.0;0.04;7.0;8.0;5.0;20.0;5514.0;46.0;1485.0;1631;1525.0
3500;180.0;5F903C0B;BF0B86FD;0.0;0.33;0.37;0.0;0.02;6.0;8.0;1.0;52.0;5722.0;46.0;1485.0;1637;1525.0
3499;180.0;EC15C362;BF0B86FD;0.0;0.4;0.44;0.0;0.03;5.0;8.0;3.0;34.0;5726.0;46.0;1485.0;1636;1525.0
3498;180.0;566CBEB6;84F339B7;0.01;0.3;0.33;0.0;0.02;4.0;8.0;7.0;58.0;4665.0;46.0;1496.0;1655;1541.0
3497;180.0;20794D2B;45DCD23D;0.01;0.18;0.23;0.0;0.0;3.0;8.0;4.0;8.0;2153.0;46.0;1501.0;1655;1543.0
3496;180.0;0999B63F;45DCD23D;0.01;0.25;0.32;0.0;0.0;2.0;8.0;5.0;19.0;5244.0;46.0;1501.0;1651;1543.0
3495;180.0;785501B9;CC996FCB;0.02;0.16;0.19;0.0;0.0;1.0;8.0;1.0;51.0;5458.0;48.0;1510.0;1678;1550.0
3494;180.0;EA19F29A;07025389;0.02;0.25;0.28;0.01;0.01;7.0;7.0;3.0;33.0;5447.0;46.0;1497.0;1656;1537.0
3493;180.0;CE2D0548;07025389;0.02;0.25;0.27;0.01;0.01;6.0;7.0;7.0;57.0;4385.0;46.0;1497.0;1661;1537.0
3492;180.0;792C9FA6;07025389;0.02;0.36;0.39;0.01;0.02;5.0;7.0;4.0;7.0;1881.0;46.0;1497.0;1661;1537.0
3491;180.0;A5457FF3;07025389;0.02;0.27;0.3;0.01;0.01;4.0;7.0;5.0;18.0;4972.0;46.0;1497.0;1657;1537.0
3490;180.0;B0BE9B24;07025389;0.02;0.33;0.37;0.01;0.02;3.0;7.0;1.0;50.0;5180.0;46.0;1497.0;1656;1537.0
3489;180.0;21D4BD10;07025389;0.02;0.33;0.37;0.01;0.02;2.0;7.0;3.0;32.0;5171.0;41.0;1497.0;1648;1537.0
3488;180.0;E3548789;07025389;0.01;0.23;0.25;0.01;0.01;1.0;7.0;7.0;56.0;4113.0;46.0;1497.0;1663;1537.0
3487;180.0;B313269B;07025389;0.02;0.31;0.35;0.01;0.02;5.0;5.0;4.0;6.0;1612.0;46.0;1497.0;1654;1537.0
3486;180.0;DDCEB724;A201F563;0.02;0.25;0.28;0.01;0.0;4.0;5.0;5.0;17.0;4707.0;46.0;1504.0;1661;1544.0
3485;180.0;9E3D5E9E;A201F563;0.02;0.24;0.28;0.01;0.0;3.0;5.0;1.0;49.0;4913.0;46.0;1504.0;1655;1544.0
3484;180.0;4753E93B;76E5EEFF;0.02;0.17;0.2;0.01;0.01;2.0;4.0;3.0;31.0;4909.0;46.0;1504.0;1659;1549.0
3483;180.0;D850020F;392BEDA4;0.02;0.25;0.27;0.01;0.02;1.0;4.0;7.0;55.0;3848.0;46.0;1504.0;1667;1544.0
3482;180.0;31B80180;7D501556;0.01;0.15;0.17;0.01;0.02;3.0;3.0;4.0;5.0;1344.0;46.0;1503.0;1661;1543.0
3481;180.0;82EFAF6B;7D501556;0.01;0.13;0.15;0.01;0.02;2.0;3.0;5.0;16.0;4423.0;46.0;1503.0;1660;1543.0
3480;180.0;0CEFB0FB;1F3F501C;0.02;0.17;0.19;0.01;0.01;1.0;3.0;1.0;48.0;4604.0;46.0;1503.0;1676;1543.0
3479;180.0;B2EDDF9C;10A9A4D4;0.02;0.21;0.25;0.01;0.02;6.0;6.0;3.0;30.0;4588.0;46.0;1502.0;1657;1542.0
3478;180.0;9B37EAF4;96956A01;0.03;0.23;0.25;0.01;0.03;5.0;6.0;7.0;54.0;3522.0;46.0;1500.0;1655;1540.0
3477;180.0;40FD00FA;96956A01;0.03;0.23;0.25;0.01;0.03;4.0;6.0;4.0;4.0;1010.0;46.0;1500.0;1645;1540.0
3476;180.0;107C43C4;D9D35C86;0.02;0.19;0.22;0.01;0.02;3.0;6.0;5.0;15.0;4096.0;46.0;1500.0;1647;1540.0
3475;180.0;2281A119;D36B37E7;0.01;0.48;0.54;0.0;0.0;2.0;6.0;1.0;47.0;4293.0;51.0;1480.0;1637;1520.0
3474;180.0;4A0774A1;D36B37E7;0.01;0.47;0.53;0.0;0.0;1.0;6.0;3.0;29.0;4291.0;57.0;1480.0;1655;1520.0
3473;180.0;48DB7902;EE94AA85;0.01;0.67;0.72;0.0;0.0;3.0;3.0;7.0;53.0;3216.0;46.0;1460.0;1601;1500.0
3472;180.0;01C76F5A;EE94AA85;0.01;0.64;0.69;0.0;0.0;2.0;3.0;4.0;3.0;702.0;46.0;1460.0;1608;1500.0
3471;180.0;EBBFCDB5;EE94AA85;0.0;0.57;0.61;0.0;0.0;1.0;3.0;5.0;14.0;3790.0;51.0;1460.0;1613;1500.0
3470;180.0;D1810904;0731C1FB;0.0;1.09;1.17;0.01;0.0;3.0;3.0;1.0;46.0;3989.0;62.0;1462.0;1605;1488.0
3469;180.0;F1037AB0;0731C1FB;0.0;1.17;1.26;0.01;0.0;2.0;3.0;7.0;52.0;2976.0;62.0;1462.0;1605;1488.0
3468;180.0;DCB9A2AA;0731C1FB;0.0;1.17;1.25;0.01;0.0;1.0;3.0;3.0;28.0;3936.0;62.0;1462.0;1623;1488.0
3467;180.0;82718B31;56FFE5DC;0.02;0.18;0.21;0.01;0.01;4.0;4.0;4.0;2.0;418.0;39.0;1507.0;1655;1532.0
3466;180.0;1D62DCA2;56FFE5DC;0.02;0.18;0.2;0.01;0.01;3.0;4.0;5.0;13.0;3501.0;39.0;1507.0;1643;1532.0
3465;180.0;759060D2;56FFE5DC;0.02;0.13;0.15;0.01;0.01;2.0;4.0;1.0;45.0;3706.0;39.0;1507.0;1645;1532.0
3464;180.0;218F5F81;56FFE5DC;0.02;0.17;0.19;0.01;0.01;1.0;4.0;7.0;51.0;2692.0;55.0;1507.0;1668;1532.0
3463;180.0;7E2190AD;C1DBC95B;0.01;0.29;0.33;0.01;0.02;1.0;1.0;3.0;27.0;3571.0;46.0;1491.0;1661;1531.0
3462;90.0;777146DE;4942A653;0.01;0.58;0.63;0.0;0.02;7.0;7.0;4.0;1.0;0.0;18.0;1480.0;1648;1525.0
3461;90.0;7618B214;DAF26177;0.0;0.42;0.46;0.0;0.01;6.0;7.0;5.0;12.0;3092.0;34.0;1480.0;1634;1525.0
3460;90.0;0DD6679B;DAF26177;0.01;0.51;0.56;0.0;0.02;5.0;7.0;1.0;44.0;3306.0;34.0;1480.0;1631;1525.0
3459;90.0;3D7FB240;DAF26177;0.0;0.43;0.46;0.0;0.01;4.0;7.0;3.0;26.0;3299.0;34.0;1480.0;1624;1525.0
3458;90.0;7D3BB352;DAF26177;0.0;0.37;0.4;0.0;0.01;3.0;7.0;7.0;50.0;2221.0;34.0;1480.0;1626;1525.0
3457;90.0;71E889B5;DAF26177;0.0;0.4;0.43;0.0;0.01;2.0;7.0;5.0;11.0;2853.0;18.0;1480.0;1609;1525.0
3456;90.0;86560DEF;7BF6FBDF;0.01;0.41;0.43;0.0;0.01;1.0;7.0;1.0;43.0;3050.0;34.0;1482.0;1662;1537.0
3455;90.0;CA54877A;656E5837;0.01;0.38;0.42;0.0;0.02;5.0;5.0;3.0;25.0;3036.0;34.0;1486.0;1641;1531.0
3454;90.0;5BA23E21;60EFAC81;0.01;0.44;0.48;0.02;0.05;4.0;5.0;7.0;49.0;1970.0;34.0;1480.0;1652;1540.0
3453;90.0;11451DC6;60EFAC81;0.01;0.43;0.46;0.02;0.05;3.0;5.0;5.0;10.0;2592.0;34.0;1480.0;1652;1540.0
3452;90.0;FB593777;B44BA138;0.01;0.35;0.37;0.01;0.04;2.0;5.0;1.0;42.0;2799.0;34.0;1482.0;1659;1542.0
3451;90.0;950E3937;59D14704;0.02;0.6;0.65;0.0;0.01;1.0;5.0;3.0;24.0;2734.0;44.0;1487.0;1643;1537.0
3450;90.0;FF637873;59D14704;0.02;0.6;0.64;0.0;0.01;2.0;7.0;7.0;48.0;1664.0;34.0;1487.0;1640;1537.0
3449;90.0;B0188263;59D14704;0.01;0.47;0.51;0.0;0.01;1.0;7.0;5.0;9.0;2297.0;44.0;1487.0;1655;1537.0
3448;90.0;27A00A90;6466E4EB;0.02;0.16;0.19;0.01;0.01;4.0;4.0;1.0;41.0;2513.0;34.0;1505.0;1656;1550.0
3447;90.0;861A0DB6;D115251A;0.01;0.42;0.45;0.0;0.0;3.0;4.0;3.0;23.0;2504.0;41.0;1483.0;1643;1523.0
3446;90.0;08E72091;D115251A;0.01;0.36;0.39;0.0;0.0;2.0;4.0;7.0;47.0;1442.0;41.0;1483.0;1630;1523.0
3445;90.0;010FCC4E;43B17A90;0.02;0.48;0.51;0.01;0.03;1.0;4.0;5.0;8.0;2068.0;57.0;1484.0;1668;1524.0
3444;90.0;86E50702;76E5EEFF;0.03;0.23;0.26;0.01;0.01;3.0;3.0;1.0;40.0;2272.0;34.0;1504.0;1653;1549.0
3443;90.0;96EC8D8F;76E5EEFF;0.03;0.25;0.29;0.01;0.01;2.0;3.0;3.0;22.0;2259.0;34.0;1504.0;1651;1549.0
3442;90.0;6BC1D58B;76E5EEFF;0.03;0.22;0.25;0.01;0.01;1.0;3.0;7.0;46.0;1179.0;34.0;1504.0;1667;1549.0
3441;90.0;17890C45;D36B37E7;0.01;0.41;0.47;0.0;0.0;1.0;1.0;6.0;54.0;1768.0;55.0;1480.0;1664;1525.0
3440;90.0;45FBB26C;D927D5F2;0.02;0.15;0.17;0.01;0.02;8.0;8.0;5.0;7.0;1755.0;32.0;1507.0;1689;1551.0
3438;90.0;497059B7;D927D5F2;0.02;0.13;0.15;0.01;0.02;6.0;8.0;3.0;21.0;1958.0;32.0;1507.0;1667;1551.0
3437;90.0;AE9068AF;D927D5F2;0.02;0.17;0.19;0.01;0.02;5.0;8.0;7.0;45.0;891.0;32.0;1507.0;1666;1551.0
3436;90.0;0DC5A27C;D927D5F2;0.02;0.16;0.18;0.01;0.02;4.0;8.0;6.0;53.0;1482.0;32.0;1507.0;1662;1551.0
3435;90.0;E2F8C655;D90699DC;0.02;0.32;0.35;0.01;0.02;3.0;8.0;5.0;6.0;1476.0;39.0;1495.0;1658;1545.0
3434;90.0;A2582ED7;D90699DC;0.02;0.26;0.28;0.01;0.02;2.0;8.0;1.0;38.0;1682.0;39.0;1495.0;1653;1545.0
3433;90.0;0FDD40AE;D90699DC;0.02;0.29;0.32;0.01;0.02;1.0;8.0;3.0;20.0;1686.0;44.0;1495.0;1672;1545.0
3432;90.0;792F362D;A38FF5CA;0.02;0.14;0.17;0.01;0.01;7.0;7.0;7.0;44.0;591.0;34.0;1507.0;1657;1547.0
3431;90.0;B3F89B2D;44661CD0;0.02;0.18;0.2;0.01;0.02;6.0;7.0;6.0;52.0;1183.0;32.0;1506.0;1660;1551.0
3430;90.0;426F62C4;44661CD0;0.02;0.15;0.16;0.01;0.02;5.0;7.0;5.0;5.0;1175.0;32.0;1506.0;1654;1551.0
3429;90.0;3A4BAF9A;44661CD0;0.02;0.15;0.17;0.01;0.02;4.0;7.0;1.0;37.0;1385.0;32.0;1506.0;1652;1551.0
3428;90.0;B9945255;44661CD0;0.02;0.19;0.21;0.01;0.02;3.0;7.0;3.0;19.0;1365.0;32.0;1506.0;1655;1551.0
3427;90.0;DEA918EB;44661CD0;0.02;0.19;0.21;0.01;0.02;2.0;7.0;7.0;43.0;293.0;32.0;1506.0;1653;1551.0
3426;90.0;1ED414B8;44661CD0;0.02;0.14;0.16;0.01;0.02;1.0;7.0;6.0;51.0;885.0;32.0;1506.0;1671;1551.0
3425;90.0;ED67C907;71A937D5;0.02;0.48;0.54;0.0;0.02;4.0;4.0;5.0;4.0;872.0;34.0;1487.0;1653;1542.0
3424;90.0;89485240;BFEB6EA0;0.02;0.48;0.54;0.0;0.02;3.0;4.0;1.0;36.0;1077.0;34.0;1483.0;1650;1538.0
3423;90.0;C4873873;BFEB6EA0;0.02;0.46;0.51;0.0;0.02;2.0;4.0;3.0;18.0;1077.0;34.0;1483.0;1642;1538.0
3422;90.0;A81CE039;92B3EDD4;0.02;0.19;0.24;0.01;0.01;1.0;4.0;7.0;42.0;0.0;39.0;1502.0;1691;1547.0
3421;90.0;E14F8CA4;7D015357;0.02;0.15;0.17;0.01;0.01;4.0;4.0;6.0;50.0;485.0;46.0;1506.0;1674;1551.0
3420;90.0;63FF1FB4;7D015357;0.03;0.21;0.23;0.02;0.01;3.0;8.0;5.0;3.0;484.0;46.0;1506.0;1674;1551.0
3419;90.0;12614D67;7D015357;0.02;0.14;0.15;0.01;0.01;2.0;8.0;1.0;35.0;696.0;46.0;1506.0;1671;1551.0
3418;90.0;250660AE;7D015357;0.02;0.16;0.18;0.01;0.01;1.0;8.0;3.0;17.0;677.0;55.0;1506.0;1696;1551.0
3417;90.0;E06792DA;D6C5A3D0;0.02;0.21;0.23;0.0;0.02;8.0;8.0;6.0;49.0;216.0;34.0;1501.0;1654;1546.0
3416;90.0;FA323A91;9C0993CD;0.02;0.53;0.58;0.0;0.02;7.0;8.0;5.0;2.0;210.0;34.0;1480.0;1647;1530.0
3415;90.0;9BBE7A36;9C0993CD;0.03;0.54;0.59;0.0;0.02;6.0;8.0;1.0;34.0;414.0;34.0;1480.0;1639;1530.0
3414;90.0;EDB1D36B;9C0993CD;0.02;0.49;0.54;0.0;0.02;5.0;8.0;3.0;16.0;415.0;46.0;1480.0;1637;1530.0
3413;90.0;23033AB3;9C0993CD;0.02;0.44;0.48;0.0;0.02;4.0;8.0;6.0;48.0;0.0;46.0;1480.0;1654;1530.0
3412;90.0;04A9DC8C;12A9E163;0.01;0.5;0.52;0.0;0.02;3.0;8.0;5.0;1.0;0.0;18.0;1476.0;1645;1521.0
3411;90.0;9C2B6A0F;12A9E163;0.01;0.58;0.6;0.0;0.03;2.0;8.0;1.0;33.0;0.0;18.0;1476.0;1639;1521.0
3410;90.0;5AA03CD1;E85F4719;0.0;0.44;0.47;0.0;0.02;1.0;8.0;3.0;15.0;0.0;34.0;1487.0;1666;1532.0
3409;90.0;99490E06;DAF26177;0.01;0.5;0.54;0.0;0.02;5.0;5.0;6.0;47.0;2916.0;34.0;1480.0;1629;1525.0
3408;90.0;04C80F56;DAF26177;0.0;0.45;0.49;0.0;0.01;4.0;9.0;1.0;32.0;1799.0;18.0;1480.0;1610;1525.0
3407;90.0;29318D1F;DAF26177;0.0;0.38;0.41;0.0;0.01;3.0;9.0;7.0;41.0;2873.0;18.0;1480.0;1609;1525.0
3406;90.0;5BA49929;DAF26177;0.01;0.5;0.54;0.0;0.02;2.0;9.0;8.0;59.0;2869.0;18.0;1480.0;1611;1525.0
3405;90.0;7070F8D5;74291B2A;0.0;0.44;0.48;0.0;0.01;1.0;9.0;6.0;46.0;2633.0;18.0;1480.0;1615;1525.0
3404;90.0;808CFF28;E294A4B5;0.0;0.06;0.09;0.0;0.24;3.0;3.0;1.0;31.0;1502.0;0.0;1509.0;1640;1549.0
3403;90.0;2EF566C0;E294A4B5;0.0;0.07;0.1;0.0;0.26;2.0;3.0;3.0;14.0;2564.0;0.0;1509.0;1630;1549.0
3402;90.0;1DD36177;E294A4B5;0.0;0.09;0.13;0.0;0.35;1.0;3.0;7.0;40.0;2573.0;0.0;1509.0;1649;1549.0
3401;90.0;0EC30B33;9C0993CD;0.02;0.44;0.48;0.0;0.02;9.0;9.0;8.0;58.0;2564.0;46.0;1480.0;1639;1530.0
3400;90.0;940AC77F;9C0993CD;0.02;0.49;0.54;0.0;0.02;8.0;9.0;6.0;45.0;2329.0;46.0;1480.0;1641;1530.0
3399;90.0;33B39E35;9C0993CD;0.02;0.54;0.59;0.0;0.02;7.0;9.0;1.0;30.0;1215.0;46.0;1480.0;1641;1530.0
3398;90.0;511F2797;9C0993CD;0.02;0.37;0.41;0.0;0.01;6.0;9.0;3.0;13.0;2273.0;51.0;1480.0;1639;1530.0
3397;90.0;AB0F215F;9C0993CD;0.02;0.44;0.48;0.0;0.02;5.0;9.0;7.0;39.0;2287.0;51.0;1480.0;1640;1530.0
3396;90.0;C5ED1C37;B5D5B9CA;0.01;0.38;0.42;0.0;0.02;4.0;9.0;8.0;57.0;2285.0;34.0;1480.0;1623;1525.0
3395;90.0;C6627D20;B5D5B9CA;0.01;0.52;0.57;0.0;0.02;3.0;9.0;6.0;44.0;2057.0;34.0;1480.0;1622;1525.0
3394;90.0;623B59E0;B1EBA22B;0.01;0.4;0.43;0.0;0.02;2.0;9.0;1.0;29.0;936.0;46.0;1480.0;1637;1525.0
3393;90.0;62C3BED3;B1EBA22B;0.01;0.43;0.46;0.0;0.02;1.0;9.0;3.0;12.0;2000.0;46.0;1480.0;1654;1525.0
3392;90.0;C68E5A15;46F56B8C;0.0;0.31;0.33;0.01;0.03;7.0;7.0;7.0;38.0;1999.0;34.0;1480.0;1642;1535.0
3391;90.0;12FF0D02;46F56B8C;0.01;0.43;0.47;0.01;0.04;6.0;7.0;8.0;56.0;1994.0;34.0;1480.0;1640;1535.0
3390;90.0;11106903;7320E76A;0.02;0.42;0.44;0.0;0.02;5.0;7.0;6.0;43.0;1764.0;18.0;1481.0;1635;1536.0
3389;90.0;1A82C935;5E203A14;0.01;0.44;0.47;0.0;0.01;4.0;7.0;1.0;28.0;653.0;34.0;1486.0;1638;1531.0
3388;90.0;0886C48A;E85F4719;0.01;0.55;0.58;0.0;0.02;3.0;7.0;3.0;11.0;1714.0;34.0;1487.0;1640;1532.0
3387;90.0;322F785D;E85F4719;0.01;0.65;0.68;0.0;0.03;2.0;7.0;7.0;37.0;1727.0;34.0;1487.0;1636;1532.0
3386;90.0;DC0135E0;1C61F0BD;0.0;0.67;0.72;0.01;0.06;1.0;7.0;8.0;55.0;1728.0;18.0;1474.0;1623;1509.0
3385;90.0;11ACEFB0;6657D710;0.01;0.34;0.41;0.0;0.0;6.0;6.0;6.0;42.0;1496.0;34.0;1493.0;1651;1543.0
3384;90.0;4CF3F626;6657D710;0.01;0.29;0.34;0.0;0.0;5.0;6.0;1.0;27.0;381.0;18.0;1493.0;1640;1543.0
3383;90.0;3283A59A;6657D710;0.01;0.4;0.47;0.0;0.0;4.0;6.0;3.0;10.0;1442.0;18.0;1493.0;1640;1543.0
3382;90.0;451D87C7;6466E4EB;0.03;0.2;0.24;0.01;0.02;3.0;6.0;7.0;36.0;1445.0;34.0;1505.0;1662;1550.0
3381;90.0;4AA22C6C;6466E4EB;0.02;0.19;0.23;0.01;0.01;2.0;6.0;8.0;54.0;1371.0;34.0;1505.0;1657;1550.0
3380;90.0;F8CF7EE9;D90699DC;0.02;0.24;0.26;0.0;0.02;2.0;7.0;6.0;41.0;1125.0;39.0;1495.0;1680;1545.0
3379;90.0;C006062E;D90699DC;0.02;0.34;0.38;0.01;0.02;1.0;7.0;1.0;26.0;0.0;39.0;1495.0;1696;1545.0
3378;90.0;847B5ED9;E9D2B793;0.0;0.44;0.49;0.01;0.1;5.0;5.0;3.0;9.0;1058.0;34.0;1480.0;1634;1520.0
3377;90.0;19591019;9970B431;0.0;0.34;0.41;0.01;0.07;4.0;5.0;5.0;76.0;554.0;34.0;1480.0;1632;1520.0
3376;90.0;D96FEBC9;B44BA138;0.01;0.32;0.34;0.01;0.04;3.0;5.0;7.0;35.0;1003.0;34.0;1482.0;1661;1542.0
3375;90.0;69E650A6;0A8B5BDF;0.01;0.38;0.41;0.01;0.02;2.0;5.0;8.0;53.0;987.0;41.0;1481.0;1655;1536.0
3374;90.0;57042712;0A8B5BDF;0.01;0.29;0.31;0.01;0.02;1.0;5.0;6.0;40.0;759.0;41.0;1481.0;1662;1536.0
3373;90.0;F45B4335;493EAF60;0.01;0.41;0.43;0.0;0.01;7.0;7.0;3.0;8.0;762.0;34.0;1486.0;1641;1531.0
3372;90.0;D5402C0B;67470249;0.01;0.37;0.41;0.0;0.02;6.0;7.0;5.0;75.0;269.0;34.0;1486.0;1636;1531.0
3371;90.0;058B15B1;67470249;0.01;0.46;0.53;0.0;0.02;5.0;7.0;7.0;34.0;731.0;34.0;1486.0;1635;1531.0
3370;90.0;3C115535;67470249;0.01;0.32;0.36;0.0;0.02;4.0;7.0;8.0;52.0;732.0;34.0;1486.0;1635;1531.0
3369;90.0;E0CE77EC;67470249;0.01;0.41;0.46;0.0;0.02;3.0;7.0;6.0;39.0;504.0;34.0;1486.0;1634;1531.0
3368;90.0;5FAC226A;D6BA9D02;0.02;0.42;0.44;0.0;0.02;2.0;7.0;3.0;7.0;498.0;34.0;1481.0;1631;1526.0
3367;90.0;1CB91819;D6BA9D02;0.02;0.51;0.53;0.0;0.02;1.0;7.0;5.0;74.0;0.0;34.0;1481.0;1661;1526.0
3366;90.0;A5F8521C;4AC24E4B;0.02;0.24;0.27;0.01;0.02;7.0;7.0;7.0;33.0;447.0;41.0;1501.0;1647;1541.0
3365;90.0;5F13B080;44661CD0;0.02;0.21;0.23;0.01;0.02;6.0;7.0;8.0;51.0;442.0;32.0;1506.0;1664;1551.0
3364;90.0;270524A9;44661CD0;0.02;0.17;0.19;0.01;0.02;5.0;7.0;6.0;38.0;208.0;32.0;1506.0;1651;1551.0
3363;90.0;A0BA8E3E;44661CD0;0.02;0.17;0.19;0.01;0.02;4.0;7.0;3.0;6.0;216.0;32.0;1506.0;1653;1551.0
3362;90.0;B40B4834;44661CD0;0.02;0.18;0.2;0.01;0.02;3.0;7.0;7.0;32.0;232.0;32.0;1506.0;1656;1551.0
3361;90.0;EAB8CB3C;44661CD0;0.02;0.14;0.15;0.01;0.02;2.0;7.0;8.0;50.0;236.0;32.0;1506.0;1653;1551.0
3360;90.0;405FB070;44661CD0;0.02;0.2;0.22;0.01;0.02;1.0;7.0;6.0;37.0;0.0;32.0;1506.0;1690;1551.0
3359;90.0;96B2B0C4;A38FF5CA;0.02;0.16;0.2;0.01;0.01;3.0;3.0;3.0;5.0;0.0;34.0;1507.0;1677;1547.0
3358;90.0;7F434390;A38FF5CA;0.03;0.19;0.24;0.01;0.01;2.0;3.0;7.0;31.0;0.0;34.0;1507.0;1659;1547.0
3357;90.0;77BF99A5;92B3EDD4;0.02;0.2;0.26;0.01;0.01;1.0;3.0;8.0;49.0;0.0;39.0;1502.0;1669;1547.0
3356;90.0;F3B17D7B;7D015357;0.03;0.2;0.23;0.02;0.01;3.0;3.0;6.0;36.0;8185.0;46.0;1506.0;1669;1551.0
3355;90.0;B4C6DBEF;7D015357;0.02;0.13;0.14;0.01;0.01;2.0;3.0;5.0;73.0;7386.0;46.0;1506.0;1661;1551.0
3354;90.0;579D9F8B;7D015357;0.02;0.14;0.16;0.01;0.01;1.0;6.0;3.0;4.0;858.0;53.0;1506.0;1694;1551.0
3353;90.0;C0D931A3;D927D5F2;0.03;0.19;0.22;0.01;0.03;9.0;9.0;7.0;30.0;8191.0;32.0;1507.0;1664;1551.0
3352;90.0;CE207B88;D927D5F2;0.02;0.13;0.14;0.01;0.02;8.0;9.0;8.0;48.0;8069.0;32.0;1507.0;1662;1551.0
3351;90.0;2305D0D6;D927D5F2;0.02;0.14;0.16;0.01;0.02;7.0;9.0;6.0;35.0;7890.0;32.0;1507.0;1661;1551.0
3350;90.0;F1C0C47F;D927D5F2;0.02;0.12;0.14;0.01;0.02;6.0;9.0;5.0;72.0;7097.0;32.0;1507.0;1658;1551.0
3349;90.0;015D559E;D927D5F2;0.02;0.18;0.2;0.01;0.02;5.0;9.0;3.0;3.0;565.0;32.0;1507.0;1666;1551.0
3348;90.0;BBAC792E;D927D5F2;0.02;0.13;0.15;0.01;0.02;4.0;9.0;7.0;29.0;7899.0;32.0;1507.0;1659;1551.0
3347;90.0;D5168BF1;D927D5F2;0.02;0.12;0.14;0.01;0.02;3.0;9.0;8.0;47.0;7768.0;32.0;1507.0;1669;1551.0
3346;90.0;FB1E8537;D927D5F2;0.02;0.18;0.2;0.01;0.02;2.0;9.0;6.0;34.0;7597.0;32.0;1507.0;1663;1551.0
3345;90.0;BF72FA8E;D927D5F2;0.02;0.19;0.21;0.01;0.02;1.0;9.0;5.0;71.0;6799.0;32.0;1507.0;1676;1551.0
3344;90.0;716BA6C7;C1BE9DD8;0.02;0.15;0.17;0.01;0.02;6.0;6.0;3.0;2.0;274.0;34.0;1507.0;1689;1551.0
3343;90.0;322F785D;E813A81E;0.03;0.22;0.25;0.01;0.01;5.0;6.0;7.0;28.0;7613.0;34.0;1507.0;1656;1552.0
3342;90.0;7B7238BE;71A937D5;0.02;0.51;0.58;0.0;0.03;4.0;6.0;8.0;46.0;7481.0;34.0;1487.0;1647;1542.0
3341;90.0;004469B9;71A937D5;0.02;0.42;0.47;0.0;0.02;3.0;6.0;6.0;33.0;7311.0;34.0;1487.0;1644;1542.0
3340;90.0;121E85EF;71A937D5;0.02;0.45;0.5;0.0;0.02;2.0;6.0;5.0;70.0;6517.0;34.0;1487.0;1647;1542.0
3339;90.0;A0118CC4;71A937D5;0.01;0.4;0.45;0.0;0.02;1.0;6.0;3.0;1.0;0.0;34.0;1487.0;1691;1542.0
3338;90.0;C0D931A3;BFEB6EA0;0.03;0.51;0.58;0.0;0.03;8.0;8.0;7.0;27.0;7343.0;34.0;1483.0;1642;1538.0
3337;90.0;C9C26D51;BFEB6EA0;0.02;0.46;0.51;0.0;0.02;7.0;8.0;8.0;45.0;7223.0;34.0;1483.0;1646;1538.0
3336;90.0;107C43C4;BFEB6EA0;0.02;0.44;0.5;0.0;0.02;6.0;8.0;6.0;32.0;7046.0;34.0;1483.0;1643;1538.0
3335;90.0;2F637DEF;BFEB6EA0;0.02;0.44;0.5;0.0;0.02;5.0;8.0;5.0;69.0;6245.0;34.0;1483.0;1640;1538.0
3334;90.0;4AE9F1DA;BFEB6EA0;0.02;0.39;0.44;0.0;0.02;4.0;8.0;7.0;26.0;7112.0;34.0;1483.0;1643;1538.0
3333;90.0;250660AE;BFEB6EA0;0.02;0.4;0.45;0.0;0.02;3.0;8.0;14.0;64.0;6800.0;34.0;1483.0;1642;1538.0
3332;90.0;8522E344;BFEB6EA0;0.02;0.32;0.36;0.0;0.02;2.0;8.0;8.0;44.0;6917.0;34.0;1483.0;1647;1538.0
3331;90.0;B230965D;BFEB6EA0;0.02;0.36;0.4;0.0;0.02;1.0;8.0;6.0;31.0;6741.0;34.0;1483.0;1656;1538.0
3330;90.0;483BF5DF;C21BA30D;0.0;0.74;0.8;0.0;0.0;4.0;4.0;5.0;68.0;5943.0;64.0;1462.0;1611;1497.0
3329;90.0;107D4DF9;C21BA30D;0.0;0.99;1.06;0.0;0.0;3.0;4.0;7.0;25.0;6807.0;64.0;1462.0;1606;1497.0
3328;90.0;17890C45;C21BA30D;0.0;1.01;1.09;0.0;0.0;2.0;4.0;14.0;63.0;6498.0;64.0;1462.0;1607;1497.0
3327;90.0;99C6E1F9;C21BA30D;0.0;0.99;1.06;0.0;0.0;1.0;4.0;8.0;43.0;6604.0;69.0;1462.0;1625;1497.0
3326;90.0;B293A060;DFBF368A;0.01;0.43;0.49;0.0;0.0;4.0;4.0;6.0;30.0;6427.0;57.0;1485.0;1648;1525.0
3325;90.0;218F5F81;DFBF368A;0.01;0.41;0.46;0.0;0.0;3.0;4.0;5.0;67.0;5636.0;57.0;1485.0;1643;1525.0
3324;90.0;EA64541F;A201F563;0.01;0.18;0.21;0.01;0.0;2.0;4.0;7.0;24.0;6507.0;34.0;1504.0;1651;1549.0
3323;90.0;75C23111;A201F563;0.02;0.25;0.28;0.01;0.0;1.0;4.0;14.0;62.0;6207.0;34.0;1504.0;1672;1549.0
3322;180.0;1040D485;07025389;0.02;0.35;0.39;0.01;0.02;6.0;6.0;8.0;42.0;6260.0;46.0;1497.0;1651;1537.0
3321;180.0;0DF5304F;07025389;0.02;0.36;0.4;0.01;0.02;5.0;6.0;5.0;66.0;5352.0;46.0;1497.0;1648;1537.0
3320;180.0;5E61BE9D;07025389;0.02;0.23;0.26;0.01;0.01;4.0;6.0;6.0;29.0;6043.0;46.0;1497.0;1649;1537.0
3319;180.0;C6C15034;07025389;0.02;0.29;0.32;0.01;0.02;3.0;6.0;7.0;23.0;6177.0;46.0;1497.0;1647;1537.0
3318;180.0;E2C27489;07025389;0.02;0.28;0.31;0.01;0.01;2.0;6.0;14.0;61.0;5889.0;46.0;1497.0;1651;1537.0
3317;180.0;49ACE0AF;07025389;0.01;0.23;0.26;0.01;0.01;1.0;6.0;8.0;41.0;6004.0;46.0;1497.0;1657;1537.0
3316;180.0;E1AEBAC4;07025389;0.02;0.31;0.35;0.01;0.02;6.0;6.0;5.0;65.0;5097.0;46.0;1497.0;1654;1537.0
3315;180.0;F86A691D;07025389;0.02;0.28;0.32;0.01;0.02;5.0;6.0;6.0;28.0;5787.0;46.0;1497.0;1653;1537.0
3314;180.0;3EE53BB5;07025389;0.02;0.34;0.37;0.01;0.02;4.0;6.0;7.0;22.0;5916.0;46.0;1497.0;1651;1537.0
3313;180.0;9F52F242;07025389;0.02;0.26;0.28;0.01;0.01;3.0;6.0;14.0;60.0;5620.0;46.0;1497.0;1650;1537.0
3312;180.0;406D3815;07025389;0.02;0.29;0.32;0.01;0.02;2.0;6.0;8.0;40.0;5740.0;46.0;1497.0;1650;1537.0
3311;180.0;50801AB0;07025389;0.02;0.35;0.39;0.01;0.02;1.0;6.0;5.0;64.0;4834.0;46.0;1497.0;1660;1537.0
3310;180.0;73C94768;07025389;0.02;0.31;0.34;0.01;0.02;6.0;6.0;6.0;27.0;5517.0;46.0;1497.0;1653;1537.0
3309;180.0;12D34451;07025389;0.02;0.33;0.36;0.01;0.02;5.0;6.0;7.0;21.0;5632.0;46.0;1497.0;1653;1537.0
3308;180.0;08F62FCC;07025389;0.02;0.3;0.33;0.01;0.02;4.0;6.0;8.0;39.0;5509.0;46.0;1497.0;1655;1537.0
3307;180.0;FE490B55;07025389;0.02;0.27;0.3;0.01;0.01;3.0;6.0;14.0;59.0;5283.0;46.0;1497.0;1654;1537.0
3306;180.0;BD7388C3;07025389;0.02;0.3;0.33;0.01;0.02;2.0;6.0;5.0;63.0;4536.0;46.0;1497.0;1651;1537.0
3305;180.0;726B2B97;07025389;0.02;0.25;0.27;0.01;0.01;1.0;6.0;6.0;26.0;5226.0;46.0;1497.0;1669;1537.0
3304;180.0;EDE21144;07025389;0.02;0.36;0.4;0.01;0.02;5.0;5.0;7.0;20.0;5358.0;46.0;1497.0;1655;1537.0
3303;180.0;C8251324;07025389;0.02;0.33;0.37;0.01;0.02;4.0;5.0;8.0;38.0;5236.0;46.0;1497.0;1662;1537.0
3302;180.0;E56BBD73;07025389;0.02;0.35;0.39;0.01;0.02;3.0;5.0;14.0;58.0;4998.0;46.0;1497.0;1651;1537.0
3301;180.0;4DA3DE1B;07025389;0.02;0.27;0.3;0.01;0.01;2.0;5.0;5.0;62.0;4252.0;46.0;1497.0;1661;1537.0
3300;180.0;2488F24A;07025389;0.02;0.32;0.36;0.01;0.02;1.0;5.0;6.0;25.0;4944.0;46.0;1497.0;1676;1537.0
3299;180.0;0F88777E;BF0B86FD;0.0;0.37;0.41;0.0;0.03;4.0;4.0;7.0;19.0;5069.0;46.0;1485.0;1646;1525.0
3298;180.0;02897A89;BF0B86FD;0.0;0.4;0.44;0.0;0.03;3.0;4.0;8.0;37.0;4941.0;46.0;1485.0;1636;1525.0
3297;180.0;A5C586C6;BF0B86FD;0.0;0.34;0.38;0.0;0.03;2.0;4.0;14.0;57.0;4716.0;46.0;1485.0;1634;1525.0
3296;180.0;AB0F215F;BF0B86FD;0.0;0.41;0.45;0.0;0.03;1.0;4.0;5.0;61.0;3976.0;46.0;1485.0;1659;1525.0
3295;180.0;58BE424B;2806A3F9;0.0;0.32;0.35;0.0;0.01;6.0;6.0;6.0;24.0;4664.0;39.0;1491.0;1649;1531.0
3294;180.0;CF965FC6;2806A3F9;0.01;0.39;0.43;0.0;0.02;5.0;6.0;7.0;18.0;4796.0;39.0;1491.0;1643;1531.0
3293;180.0;57456EF2;656E5837;0.02;0.4;0.44;0.0;0.02;4.0;6.0;8.0;36.0;4674.0;46.0;1486.0;1650;1531.0
3292;180.0;42D3C534;D6C5A3D0;0.02;0.18;0.2;0.0;0.02;3.0;6.0;14.0;56.0;4447.0;46.0;1501.0;1664;1546.0
3291;180.0;7B7238BE;D6C5A3D0;0.03;0.23;0.26;0.0;0.02;2.0;6.0;5.0;60.0;3707.0;46.0;1501.0;1676;1546.0
3290;180.0;B8F5A281;3BA0D398;0.0;0.43;0.47;0.0;0.03;1.0;6.0;6.0;23.0;4394.0;46.0;1488.0;1665;1528.0
3289;180.0;B2331101;E1B28665;0.01;0.38;0.42;0.0;0.01;6.0;6.0;7.0;17.0;4522.0;46.0;1492.0;1667;1547.0
3288;180.0;16A4EE64;E1B28665;0.0;0.35;0.38;0.0;0.01;5.0;6.0;8.0;35.0;4398.0;46.0;1492.0;1664;1547.0
3287;180.0;AC895E09;E1B28665;0.01;0.47;0.51;0.0;0.01;4.0;6.0;14.0;55.0;4170.0;46.0;1492.0;1653;1547.0
3286;180.0;7CBB25D8;E1B28665;0.01;0.43;0.46;0.0;0.01;3.0;6.0;5.0;59.0;3431.0;46.0;1492.0;1665;1547.0
3285;180.0;726B2B97;E1B28665;0.0;0.32;0.35;0.0;0.01;2.0;6.0;6.0;22.0;4117.0;46.0;1492.0;1658;1547.0
3284;180.0;BEAC4648;E1B28665;0.0;0.3;0.32;0.0;0.01;1.0;6.0;7.0;16.0;4201.0;57.0;1492.0;1676;1547.0
3283;180.0;860DF6F5;E1B28665;0.01;0.42;0.46;0.0;0.01;6.0;6.0;8.0;34.0;4082.0;46.0;1492.0;1666;1547.0
3282;180.0;B5BF314A;E1B28665;0.01;0.46;0.5;0.0;0.01;5.0;6.0;14.0;54.0;3860.0;46.0;1492.0;1668;1547.0
3281;180.0;F8FDC2EA;E1B28665;0.01;0.46;0.5;0.0;0.01;4.0;6.0;5.0;58.0;3110.0;46.0;1492.0;1668;1547.0
3280;180.0;5353A584;E1B28665;0.01;0.4;0.44;0.0;0.01;3.0;6.0;6.0;21.0;3793.0;46.0;1492.0;1670;1547.0
3279;180.0;ECC07CD8;E1B28665;0.01;0.42;0.45;0.0;0.01;2.0;6.0;7.0;15.0;3926.0;46.0;1492.0;1671;1547.0
3278;180.0;8204BD57;E1B28665;0.01;0.47;0.5;0.0;0.01;1.0;6.0;8.0;33.0;3805.0;57.0;1492.0;1686;1547.0
3277;180.0;7F8DFC93;E1B28665;0.0;0.29;0.32;0.0;0.01;6.0;6.0;14.0;53.0;3573.0;46.0;1492.0;1669;1547.0
3276;180.0;ABB4566C;E1B28665;0.01;0.44;0.48;0.0;0.01;5.0;6.0;5.0;57.0;2836.0;46.0;1492.0;1670;1547.0
3275;180.0;4CFE2351;E1B28665;0.01;0.41;0.44;0.0;0.01;4.0;6.0;6.0;20.0;3509.0;46.0;1492.0;1667;1547.0
3274;180.0;75624935;E1B28665;0.0;0.3;0.32;0.0;0.01;3.0;6.0;7.0;14.0;3634.0;46.0;1492.0;1668;1547.0
3273;180.0;2EF566C0;E1B28665;0.0;0.34;0.37;0.0;0.01;2.0;6.0;8.0;32.0;3497.0;46.0;1492.0;1667;1547.0
3272;180.0;3E51A384;E1B28665;0.0;0.35;0.38;0.0;0.01;1.0;6.0;14.0;52.0;3267.0;57.0;1492.0;1689;1547.0
3271;180.0;41DD8570;BDB26FB7;0.02;0.29;0.31;0.01;0.02;8.0;8.0;5.0;56.0;2528.0;51.0;1500.0;1671;1540.0
3270;180.0;D650049D;BDB26FB7;0.02;0.3;0.32;0.01;0.02;7.0;8.0;6.0;19.0;3212.0;51.0;1500.0;1671;1540.0
3269;180.0;012735D5;BDB26FB7;0.02;0.3;0.32;0.01;0.02;6.0;8.0;7.0;13.0;3342.0;51.0;1500.0;1666;1540.0
3268;180.0;F833B659;BDB26FB7;0.02;0.3;0.32;0.01;0.02;5.0;8.0;8.0;31.0;3219.0;51.0;1500.0;1665;1540.0
3267;180.0;CA75B483;BDB26FB7;0.02;0.25;0.27;0.01;0.02;4.0;8.0;14.0;51.0;2997.0;51.0;1500.0;1669;1540.0
3266;180.0;F5B15254;BDB26FB7;0.02;0.24;0.26;0.01;0.02;3.0;8.0;5.0;55.0;2249.0;51.0;1500.0;1670;1540.0
3265;180.0;CCAA97CD;BDB26FB7;0.02;0.29;0.32;0.01;0.02;2.0;8.0;6.0;18.0;2933.0;51.0;1500.0;1672;1540.0
3264;180.0;A9DDCA90;BDB26FB7;0.02;0.31;0.33;0.01;0.02;1.0;8.0;7.0;12.0;3063.0;51.0;1500.0;1683;1540.0
3263;180.0;22D32970;46F56B8C;0.01;0.46;0.49;0.01;0.04;7.0;7.0;8.0;30.0;2942.0;39.0;1480.0;1644;1525.0
3262;180.0;6B90C247;46F56B8C;0.01;0.38;0.41;0.01;0.03;6.0;7.0;14.0;50.0;2718.0;39.0;1480.0;1636;1525.0
3261;180.0;2D88427F;46F56B8C;0.0;0.35;0.38;0.01;0.03;5.0;7.0;5.0;54.0;1983.0;39.0;1480.0;1637;1525.0
3260;180.0;0F82DAC0;46F56B8C;0.01;0.42;0.46;0.01;0.03;4.0;7.0;6.0;17.0;2672.0;39.0;1480.0;1634;1525.0
3259;180.0;1FD52395;46F56B8C;0.01;0.42;0.45;0.01;0.03;3.0;7.0;7.0;11.0;2794.0;39.0;1480.0;1634;1525.0
3258;180.0;16488E65;46F56B8C;0.01;0.41;0.45;0.01;0.03;2.0;7.0;8.0;29.0;2673.0;39.0;1480.0;1637;1525.0
3257;180.0;9C9C7B62;46F56B8C;0.0;0.32;0.35;0.01;0.03;1.0;7.0;14.0;49.0;2446.0;51.0;1480.0;1657;1525.0
3256;180.0;E2381318;9C5F9BFA;0.01;0.28;0.31;0.0;0.01;7.0;7.0;5.0;53.0;1706.0;51.0;1490.0;1664;1535.0
3255;180.0;3DFE1492;9C5F9BFA;0.01;0.4;0.43;0.0;0.02;6.0;7.0;6.0;16.0;2393.0;46.0;1490.0;1651;1535.0
3254;180.0;4875A3ED;9C5F9BFA;0.01;0.28;0.31;0.0;0.01;5.0;7.0;7.0;10.0;2526.0;41.0;1490.0;1643;1535.0
3253;180.0;D650049D;9C5F9BFA;0.01;0.35;0.38;0.0;0.02;4.0;7.0;8.0;28.0;2408.0;46.0;1490.0;1648;1535.0
3252;180.0;E2381318;9C5F9BFA;0.01;0.28;0.31;0.0;0.01;3.0;7.0;14.0;48.0;2167.0;46.0;1490.0;1650;1535.0
3251;180.0;E2381318;9C5F9BFA;0.01;0.28;0.31;0.0;0.01;2.0;7.0;5.0;52.0;1424.0;46.0;1490.0;1658;1535.0
3250;180.0;5353A584;9C5F9BFA;0.01;0.36;0.39;0.0;0.02;1.0;7.0;6.0;15.0;2117.0;51.0;1490.0;1660;1535.0
3249;180.0;CC2C0734;4AC24E4B;0.02;0.26;0.3;0.01;0.02;7.0;7.0;7.0;9.0;2251.0;51.0;1501.0;1665;1546.0
3248;180.0;BA1AEFAB;4AC24E4B;0.02;0.27;0.31;0.01;0.02;6.0;7.0;8.0;27.0;2130.0;51.0;1501.0;1660;1546.0
3247;180.0;91FFF185;4AC24E4B;0.02;0.24;0.27;0.01;0.02;5.0;7.0;14.0;47.0;1908.0;51.0;1501.0;1670;1546.0
3246;180.0;953897F1;4AC24E4B;0.02;0.25;0.29;0.01;0.02;4.0;7.0;5.0;51.0;1166.0;51.0;1501.0;1663;1546.0
3241;180.0;F6E9CBDF;35C7C29B;0.02;0.29;0.31;0.01;0.0;3.0;4.0;5.0;50.0;872.0;69.0;1501.0;1701;1551.0
3240;180.0;9E484D01;35C7C29B;0.01;0.24;0.26;0.01;0.0;2.0;4.0;6.0;13.0;1546.0;69.0;1501.0;1698;1551.0
3239;180.0;4230979D;35C7C29B;0.02;0.32;0.34;0.01;0.0;1.0;4.0;7.0;7.0;1650.0;69.0;1501.0;1700;1551.0
3238;180.0;AB934790;6466E4EB;0.03;0.22;0.27;0.01;0.02;6.0;6.0;8.0;25.0;1524.0;46.0;1505.0;1658;1545.0
3237;180.0;B0F306DD;6466E4EB;0.03;0.2;0.24;0.01;0.02;5.0;6.0;14.0;45.0;1295.0;46.0;1505.0;1647;1545.0
3236;180.0;7E26B1BD;6466E4EB;0.03;0.23;0.27;0.01;0.02;4.0;6.0;5.0;49.0;560.0;46.0;1505.0;1663;1545.0
3235;180.0;AE1EE9E5;D927D5F2;0.02;0.14;0.15;0.01;0.02;3.0;6.0;6.0;12.0;1230.0;46.0;1507.0;1675;1552.0
3234;180.0;C2D5A525;D927D5F2;0.02;0.15;0.17;0.01;0.02;2.0;6.0;7.0;6.0;1355.0;46.0;1507.0;1664;1552.0
3233;180.0;F83E550E;D927D5F2;0.02;0.15;0.17;0.01;0.02;1.0;6.0;8.0;24.0;1234.0;46.0;1507.0;1679;1552.0
3232;180.0;50801AB0;B5D5B9CA;0.01;0.57;0.63;0.0;0.03;7.0;7.0;14.0;44.0;1015.0;39.0;1480.0;1630;1520.0
3231;180.0;48303D66;87C78AB7;0.0;0.4;0.47;0.0;0.0;6.0;7.0;5.0;48.0;270.0;32.0;1480.0;1630;1525.0
3230;180.0;7355DFD1;87C78AB7;0.01;0.47;0.55;0.0;0.0;5.0;7.0;6.0;11.0;960.0;32.0;1480.0;1617;1525.0
3229;180.0;A209525D;87C78AB7;0.01;0.52;0.61;0.0;0.0;4.0;7.0;7.0;5.0;1097.0;32.0;1480.0;1619;1525.0
3228;180.0;6CC41E7E;87C78AB7;0.0;0.39;0.46;0.0;0.0;3.0;7.0;8.0;23.0;974.0;46.0;1480.0;1626;1525.0
3227;180.0;A5457FF3;87C78AB7;0.0;0.42;0.49;0.0;0.0;2.0;7.0;14.0;43.0;753.0;32.0;1480.0;1616;1525.0
3226;180.0;7AAB2D4E;87C78AB7;0.01;0.52;0.61;0.0;0.0;1.0;7.0;5.0;47.0;0.0;46.0;1480.0;1669;1525.0
3225;180.0;0EE78882;B4CD6E45;0.0;0.7;0.73;0.0;0.02;4.0;4.0;6.0;10.0;670.0;46.0;1475.0;1619;1510.0
3224;180.0;60D49347;B4CD6E45;0.0;0.68;0.71;0.0;0.02;3.0;4.0;7.0;4.0;798.0;46.0;1475.0;1620;1510.0
3223;180.0;385D0D31;B4CD6E45;0.0;0.86;0.9;0.0;0.02;2.0;4.0;8.0;22.0;669.0;46.0;1475.0;1622;1510.0
3222;180.0;E707F2A7;B4CD6E45;0.0;0.89;0.93;0.0;0.03;1.0;4.0;14.0;42.0;446.0;55.0;1475.0;1638;1510.0
3221;180.0;B1EB7838;56FFE5DC;0.02;0.15;0.17;0.01;0.01;4.0;4.0;6.0;9.0;450.0;39.0;1507.0;1651;1532.0
3220;180.0;C9498CEA;56FFE5DC;0.02;0.2;0.22;0.01;0.01;3.0;4.0;7.0;3.0;580.0;39.0;1507.0;1648;1532.0
3219;180.0;7930A68D;56FFE5DC;0.02;0.13;0.15;0.01;0.01;2.0;4.0;8.0;21.0;452.0;39.0;1507.0;1646;1532.0
3218;180.0;DBF37738;56FFE5DC;0.02;0.16;0.18;0.01;0.01;1.0;4.0;14.0;41.0;223.0;55.0;1507.0;1678;1532.0
3217;180.0;00875E6C;27DBEE1F;0.0;1.13;1.18;0.0;0.0;3.0;3.0;6.0;8.0;222.0;62.0;1462.0;1622;1488.0
3216;180.0;CA8FBAAC;27DBEE1F;0.0;0.88;0.91;0.0;0.0;2.0;3.0;7.0;2.0;350.0;62.0;1462.0;1628;1488.0
3215;180.0;99598567;4D302CE7;0.0;0.83;0.86;0.0;0.0;1.0;3.0;8.0;20.0;224.0;69.0;1460.0;1620;1485.0
3214;180.0;396C5B79;493EAF60;0.01;0.32;0.34;0.0;0.01;4.0;4.0;14.0;40.0;0.0;46.0;1486.0;1667;1521.0
3213;180.0;695769F8;67470249;0.01;0.32;0.36;0.0;0.02;3.0;4.0;6.0;7.0;0.0;51.0;1486.0;1674;1526.0
3211;180.0;8033FE23;67470249;0.01;0.45;0.51;0.0;0.02;2.0;4.0;7.0;1.0;0.0;51.0;1486.0;1679;1526.0
3212;180.0;9A4803DA;67470249;0.01;0.39;0.45;0.0;0.02;1.0;4.0;8.0;19.0;0.0;51.0;1486.0;1662;1526.0
3210;180.0;E7D5EA66;45DCD23D;0.01;0.2;0.26;0.0;0.0;6.0;6.0;6.0;6.0;1317.0;46.0;1501.0;1648;1543.0
3209;180.0;51354B26;CC996FCB;0.02;0.18;0.21;0.0;0.0;5.0;6.0;1.0;25.0;3511.0;48.0;1510.0;1665;1550.0
3208;180.0;C21A83D9;CC996FCB;0.02;0.22;0.26;0.0;0.0;4.0;6.0;8.0;18.0;3563.0;48.0;1510.0;1662;1550.0
3207;180.0;5C62B52E;CC996FCB;0.02;0.18;0.21;0.0;0.0;3.0;6.0;14.0;39.0;4788.0;48.0;1510.0;1664;1550.0
3206;180.0;545C683E;CC996FCB;0.02;0.18;0.21;0.0;0.0;2.0;6.0;6.0;5.0;1107.0;48.0;1510.0;1665;1550.0
3205;180.0;D8A9FE0E;CC996FCB;0.02;0.22;0.26;0.0;0.0;1.0;6.0;1.0;24.0;3280.0;48.0;1510.0;1681;1550.0
3204;180.0;30C33EB8;76884E9D;0.0;0.76;0.8;0.01;0.07;5.0;5.0;8.0;17.0;3320.0;46.0;1474.0;1620;1509.0
3203;180.0;BCD73304;76884E9D;0.0;0.89;0.95;0.02;0.08;4.0;5.0;14.0;38.0;4536.0;46.0;1474.0;1619;1509.0
3202;180.0;8751861A;76884E9D;0.0;0.65;0.69;0.01;0.06;3.0;5.0;6.0;4.0;858.0;46.0;1474.0;1622;1509.0
3201;180.0;C933CB64;22ADB3F3;0.0;0.68;0.71;0.01;0.05;2.0;5.0;1.0;23.0;3057.0;46.0;1476.0;1616;1501.0
3200;180.0;56FFA879;E154DB61;0.0;0.85;0.95;0.0;0.0;1.0;5.0;8.0;16.0;3090.0;69.0;1465.0;1620;1490.0
3199;180.0;3F99EA3E;D249F467;0.02;0.16;0.19;0.01;0.01;5.0;5.0;14.0;37.0;4314.0;46.0;1504.0;1672;1549.0
3198;180.0;75C2FC9C;6466E4EB;0.03;0.22;0.27;0.01;0.02;4.0;5.0;6.0;3.0;617.0;46.0;1505.0;1664;1545.0
3197;180.0;701704EB;6466E4EB;0.02;0.18;0.21;0.01;0.01;3.0;5.0;1.0;22.0;2808.0;46.0;1505.0;1671;1545.0
3196;180.0;497795BF;35C7C29B;0.01;0.26;0.28;0.01;0.0;2.0;5.0;8.0;15.0;2788.0;69.0;1501.0;1708;1551.0
3195;180.0;7057B77A;35C7C29B;0.02;0.33;0.35;0.01;0.0;1.0;5.0;5.0;46.0;3316.0;69.0;1501.0;1694;1551.0
3194;180.0;697D8113;F1291CB0;0.03;0.25;0.27;0.01;0.03;7.0;7.0;14.0;36.0;3956.0;55.0;1506.0;1672;1546.0
3193;180.0;E360027E;F1291CB0;0.02;0.18;0.19;0.01;0.02;6.0;7.0;6.0;2.0;282.0;51.0;1506.0;1658;1546.0
3192;180.0;96C99192;F1291CB0;0.02;0.21;0.23;0.01;0.02;5.0;7.0;1.0;21.0;2472.0;55.0;1506.0;1666;1546.0
3191;180.0;77A10942;F1291CB0;0.02;0.2;0.22;0.01;0.02;4.0;7.0;8.0;14.0;2513.0;55.0;1506.0;1666;1546.0
3190;180.0;3D05250D;CC18C404;0.02;0.16;0.18;0.01;0.02;3.0;7.0;5.0;45.0;3030.0;51.0;1506.0;1669;1551.0
3189;180.0;EA65D1E7;CC18C404;0.02;0.16;0.18;0.01;0.02;2.0;7.0;14.0;35.0;3672.0;51.0;1506.0;1668;1551.0
3188;180.0;F59AC05F;CC18C404;0.02;0.21;0.24;0.01;0.02;1.0;7.0;6.0;1.0;0.0;55.0;1506.0;1714;1551.0
3187;180.0;EBAB0328;4AC24E4B;0.02;0.21;0.24;0.01;0.01;7.0;7.0;1.0;20.0;2193.0;51.0;1501.0;1654;1546.0
3186;180.0;AC7EEB71;4AC24E4B;0.02;0.2;0.22;0.01;0.01;6.0;7.0;8.0;13.0;2238.0;51.0;1501.0;1655;1546.0
3185;180.0;4A0774A1;4AC24E4B;0.02;0.27;0.31;0.01;0.02;5.0;7.0;5.0;44.0;2766.0;51.0;1501.0;1655;1546.0
3184;180.0;0A13D217;016FEFC0;0.02;0.27;0.31;0.01;0.03;4.0;7.0;14.0;34.0;3405.0;46.0;1502.0;1658;1542.0
3183;180.0;B8659FE3;1FCFE9BD;0.03;0.27;0.29;0.01;0.03;3.0;7.0;1.0;19.0;1957.0;46.0;1500.0;1656;1540.0
3182;180.0;107D4DF9;04751D20;0.02;0.22;0.24;0.01;0.02;2.0;7.0;8.0;12.0;2009.0;46.0;1506.0;1677;1551.0
3181;180.0;5BA23E21;04751D20;0.03;0.27;0.29;0.01;0.03;1.0;7.0;5.0;43.0;2540.0;51.0;1506.0;1683;1551.0
3180;180.0;4517DFEF;2E90E747;0.01;0.21;0.24;0.01;0.02;5.0;5.0;4.0;61.0;3041.0;46.0;1499.0;1663;1539.0
3179;180.0;3733095B;2E90E747;0.02;0.27;0.31;0.01;0.02;4.0;5.0;14.0;33.0;3132.0;46.0;1499.0;1649;1539.0
3178;180.0;1A9C944B;2E90E747;0.02;0.29;0.33;0.01;0.02;3.0;5.0;1.0;18.0;1692.0;46.0;1499.0;1649;1539.0
3177;180.0;6F1769AE;C696558F;0.02;0.19;0.21;0.0;0.02;2.0;5.0;8.0;11.0;1732.0;46.0;1505.0;1660;1535.0
3176;180.0;BF919951;92B3EDD4;0.03;0.22;0.28;0.01;0.01;1.0;5.0;5.0;42.0;2260.0;55.0;1502.0;1673;1537.0
3175;180.0;64407B42;163D1351;0.02;0.23;0.25;0.0;0.02;7.0;7.0;4.0;60.0;2765.0;51.0;1503.0;1665;1548.0
3174;180.0;DC3B5C76;163D1351;0.02;0.18;0.2;0.0;0.02;6.0;7.0;14.0;32.0;2854.0;51.0;1503.0;1673;1548.0
3173;180.0;28C7F363;163D1351;0.02;0.19;0.21;0.0;0.02;5.0;7.0;1.0;17.0;1423.0;51.0;1503.0;1664;1548.0
3172;180.0;0A3BDFA4;163D1351;0.02;0.21;0.24;0.0;0.02;4.0;7.0;8.0;10.0;1472.0;51.0;1503.0;1669;1548.0
3171;180.0;7BCE9216;163D1351;0.02;0.17;0.18;0.0;0.02;3.0;7.0;5.0;41.0;1988.0;51.0;1503.0;1664;1548.0
3170;180.0;569933ED;163D1351;0.02;0.23;0.26;0.0;0.02;2.0;7.0;4.0;59.0;2493.0;51.0;1503.0;1673;1548.0
3169;180.0;E4B37ED3;163D1351;0.02;0.26;0.29;0.0;0.02;1.0;7.0;14.0;31.0;2582.0;55.0;1503.0;1683;1548.0
3168;180.0;27D82ECD;163D1351;0.02;0.2;0.22;0.0;0.02;7.0;7.0;1.0;16.0;1152.0;51.0;1503.0;1673;1548.0
3167;180.0;FB2B3016;163D1351;0.02;0.18;0.2;0.0;0.02;6.0;7.0;8.0;9.0;1203.0;51.0;1503.0;1665;1548.0
3166;180.0;44B812FD;163D1351;0.03;0.26;0.29;0.0;0.03;5.0;7.0;5.0;40.0;1730.0;51.0;1503.0;1672;1548.0
3165;180.0;39B33A46;163D1351;0.02;0.19;0.21;0.0;0.02;4.0;7.0;4.0;58.0;2228.0;51.0;1503.0;1669;1548.0
3164;180.0;785501B9;163D1351;0.02;0.19;0.2;0.0;0.02;3.0;7.0;14.0;30.0;2317.0;51.0;1503.0;1674;1548.0
3163;180.0;A0606A56;163D1351;0.02;0.24;0.26;0.0;0.02;2.0;7.0;1.0;15.0;882.0;51.0;1503.0;1667;1548.0
3162;180.0;64A149A2;163D1351;0.02;0.19;0.21;0.0;0.02;1.0;7.0;8.0;8.0;932.0;55.0;1503.0;1695;1548.0
3161;180.0;15E525D8;163D1351;0.03;0.27;0.3;0.0;0.03;7.0;7.0;5.0;39.0;1457.0;51.0;1503.0;1675;1548.0
3160;180.0;27A00A90;163D1351;0.02;0.17;0.19;0.0;0.02;6.0;7.0;4.0;57.0;1960.0;51.0;1503.0;1674;1548.0
3159;180.0;92B29C29;163D1351;0.02;0.24;0.26;0.0;0.02;5.0;7.0;14.0;29.0;2054.0;51.0;1503.0;1668;1548.0
3158;180.0;019421F8;163D1351;0.02;0.25;0.27;0.0;0.02;4.0;7.0;1.0;14.0;613.0;51.0;1503.0;1667;1548.0
3157;180.0;1A7E85B6;163D1351;0.02;0.22;0.24;0.0;0.02;3.0;7.0;8.0;7.0;654.0;51.0;1503.0;1678;1548.0
3156;180.0;8EF4A17E;163D1351;0.02;0.24;0.27;0.0;0.02;2.0;7.0;5.0;38.0;1179.0;51.0;1503.0;1665;1548.0
3155;180.0;DD1DF517;163D1351;0.03;0.27;0.29;0.0;0.03;1.0;7.0;4.0;56.0;1680.0;55.0;1503.0;1689;1548.0
3154;180.0;6E0A857B;217DAC59;0.03;0.53;0.56;0.0;0.03;5.0;5.0;14.0;28.0;1764.0;51.0;1483.0;1639;1523.0
3153;180.0;79D182A0;E25D9AF5;0.02;0.49;0.53;0.0;0.02;4.0;5.0;1.0;13.0;326.0;46.0;1486.0;1641;1531.0
3152;180.0;3496C1A3;249A7E68;0.01;0.38;0.41;0.0;0.02;3.0;5.0;5.0;37.0;939.0;46.0;1484.0;1631;1519.0
3151;180.0;8D59271E;67470249;0.01;0.45;0.51;0.0;0.02;2.0;5.0;8.0;6.0;301.0;51.0;1486.0;1653;1526.0
3149;180.0;EBBFCDB5;07025389;0.02;0.27;0.3;0.01;0.01;3.0;5.0;14.0;27.0;1427.0;46.0;1497.0;1649;1537.0
3148;180.0;5FA28888;07025389;0.02;0.28;0.31;0.01;0.02;2.0;5.0;1.0;12.0;0.0;46.0;1497.0;1679;1537.0
3147;180.0;77A10942;07025389;0.02;0.29;0.33;0.01;0.02;1.0;5.0;5.0;36.0;624.0;46.0;1497.0;1664;1537.0
3146;180.0;31173CFE;07025389;0.02;0.28;0.31;0.01;0.02;5.0;5.0;8.0;5.0;0.0;46.0;1497.0;1682;1537.0
3145;180.0;54B001BC;07025389;0.02;0.27;0.3;0.01;0.01;4.0;5.0;4.0;54.0;1082.0;46.0;1497.0;1654;1537.0
3144;180.0;AB8982C1;07025389;0.02;0.29;0.32;0.01;0.02;3.0;5.0;14.0;26.0;1162.0;46.0;1497.0;1648;1537.0
3143;180.0;73B68A58;07025389;0.02;0.36;0.4;0.01;0.02;1.0;5.0;5.0;35.0;298.0;46.0;1497.0;1651;1537.0
3142;180.0;D60FB224;07025389;0.01;0.23;0.26;0.01;0.01;5.0;7.0;8.0;5.0;998.0;46.0;1497.0;1662;1537.0
3141;180.0;3E12C196;07025389;0.02;0.25;0.28;0.01;0.01;4.0;7.0;4.0;53.0;726.0;46.0;1497.0;1650;1537.0
3140;180.0;FE4E7367;07025389;0.02;0.28;0.31;0.01;0.01;3.0;7.0;1.0;10.0;745.0;46.0;1497.0;1648;1537.0
3139;180.0;8BB56BA7;07025389;0.01;0.23;0.26;0.01;0.01;2.0;7.0;14.0;25.0;758.0;46.0;1497.0;1659;1537.0
3138;180.0;8BC38E9F;07025389;0.02;0.31;0.34;0.01;0.02;1.0;7.0;5.0;34.0;0.0;46.0;1497.0;1681;1537.0
3137;180.0;241B2B6B;07025389;0.01;0.23;0.25;0.01;0.01;7.0;7.0;8.0;4.0;707.0;46.0;1497.0;1647;1537.0
3136;180.0;7A4961C5;07025389;0.02;0.36;0.39;0.01;0.02;6.0;7.0;4.0;52.0;451.0;46.0;1497.0;1647;1537.0
3135;180.0;7EBD4845;07025389;0.02;0.26;0.29;0.01;0.01;5.0;7.0;1.0;9.0;473.0;46.0;1497.0;1645;1537.0
3134;180.0;26150D3D;07025389;0.02;0.24;0.27;0.01;0.01;4.0;7.0;14.0;24.0;482.0;46.0;1497.0;1650;1537.0
3133;180.0;D60FB224;07025389;0.01;0.23;0.26;0.01;0.01;3.0;7.0;8.0;3.0;476.0;46.0;1497.0;1655;1537.0
3132;180.0;621595A3;07025389;0.02;0.26;0.28;0.01;0.01;2.0;7.0;4.0;51.0;220.0;46.0;1497.0;1651;1537.0
3131;180.0;3E415801;07025389;0.02;0.35;0.39;0.01;0.02;1.0;7.0;1.0;8.0;242.0;46.0;1497.0;1670;1537.0
3130;180.0;F0A09B9A;5871DF5A;0.01;0.27;0.3;0.01;0.03;6.0;6.0;14.0;23.0;255.0;46.0;1486.0;1657;1536.0
3129;180.0;8930D6C5;9CF45E8B;0.01;0.4;0.42;0.01;0.02;5.0;6.0;8.0;2.0;253.0;51.0;1475.0;1649;1525.0
3128;180.0;3510CCB7;9CF45E8B;0.01;0.4;0.42;0.01;0.02;4.0;6.0;4.0;50.0;0.0;51.0;1475.0;1651;1525.0
3127;180.0;48605BDD;46F56B8C;0.01;0.43;0.46;0.01;0.03;3.0;6.0;1.0;7.0;0.0;39.0;1480.0;1655;1525.0
3126;180.0;946D7A76;46F56B8C;0.01;0.42;0.46;0.01;0.03;2.0;6.0;14.0;22.0;0.0;39.0;1480.0;1652;1525.0
3125;180.0;4FF1DAC8;46F56B8C;0.01;0.45;0.49;0.01;0.04;1.0;6.0;8.0;1.0;0.0;55.0;1480.0;1700;1525.0
3124;180.0;45A65A88;DD4524C7;0.03;0.61;0.63;0.01;0.0;5.0;5.0;4.0;49.0;5437.0;41.0;1480.0;1627;1515.0
3123;180.0;06F9B071;DD4524C7;0.02;0.47;0.49;0.01;0.0;4.0;5.0;3.0;59.0;0.0;46.0;1480.0;1644;1515.0
3122;180.0;195416EA;DD4524C7;0.02;0.51;0.53;0.01;0.0;3.0;5.0;1.0;6.0;1475.0;46.0;1480.0;1627;1515.0
3121;180.0;9A130B83;DD4524C7;0.02;0.48;0.5;0.01;0.0;2.0;5.0;5.0;33.0;7851.0;46.0;1480.0;1626;1515.0
3120;180.0;176F48C3;DD4524C7;0.02;0.53;0.55;0.01;0.0;1.0;5.0;14.0;21.0;5921.0;46.0;1480.0;1643;1515.0
3119;180.0;6DEE7954;F8C74014;0.01;0.48;0.5;0.0;0.0;5.0;5.0;4.0;48.0;5122.0;46.0;1488.0;1642;1523.0
3118;180.0;2CF9F044;F8C74014;0.01;0.46;0.47;0.0;0.0;4.0;5.0;1.0;5.0;1229.0;46.0;1488.0;1645;1523.0
3117;180.0;89EB9A79;2A8BED63;0.02;0.48;0.5;0.0;0.0;3.0;5.0;5.0;32.0;7599.0;46.0;1488.0;1642;1528.0
3116;180.0;FBDCF902;2A8BED63;0.02;0.58;0.6;0.0;0.0;2.0;5.0;14.0;20.0;5687.0;46.0;1488.0;1641;1528.0
3115;180.0;4BD5C25D;2A8BED63;0.02;0.57;0.6;0.0;0.0;1.0;5.0;4.0;47.0;4898.0;51.0;1488.0;1662;1528.0
3114;180.0;982BFD92;07025389;0.02;0.34;0.37;0.01;0.02;3.0;3.0;3.0;58.0;7331.0;46.0;1497.0;1657;1537.0
3113;180.0;C00D4212;07025389;0.02;0.34;0.38;0.01;0.02;2.0;3.0;1.0;4.0;951.0;46.0;1497.0;1662;1537.0
3112;180.0;77DBD0AB;07025389;0.02;0.26;0.29;0.01;0.01;5.0;7.0;5.0;31.0;7324.0;46.0;1497.0;1659;1537.0
3111;180.0;38C578A0;07025389;0.02;0.29;0.32;0.01;0.02;4.0;7.0;14.0;19.0;5410.0;46.0;1497.0;1662;1537.0
3110;180.0;BCF27BAA;07025389;0.02;0.31;0.35;0.01;0.02;3.0;7.0;4.0;46.0;4615.0;46.0;1497.0;1667;1537.0
3109;180.0;A258C1D5;07025389;0.01;0.23;0.26;0.01;0.01;2.0;6.0;3.0;57.0;7037.0;46.0;1497.0;1666;1537.0
3107;180.0;942861A0;07025389;0.02;0.32;0.35;0.01;0.02;1.0;6.0;1.0;3.0;547.0;46.0;1497.0;1679;1537.0
3108;180.0;98A0E910;67470249;0.01;0.48;0.54;0.0;0.03;1.0;1.0;5.0;30.0;7032.0;51.0;1486.0;1659;1526.0
3106;180.0;E3A967D8;3BDE0B1A;0.02;0.28;0.3;0.0;0.0;4.0;4.0;14.0;18.0;5062.0;46.0;1497.0;1649;1537.0
3105;180.0;1F946944;3BDE0B1A;0.01;0.22;0.24;0.0;0.0;3.0;4.0;4.0;45.0;4261.0;46.0;1497.0;1650;1537.0
3104;180.0;353EA0EE;3BDE0B1A;0.01;0.24;0.26;0.0;0.0;2.0;4.0;3.0;56.0;6684.0;46.0;1497.0;1645;1537.0
3103;180.0;100EAC85;DFBF368A;0.01;0.45;0.51;0.0;0.0;1.0;4.0;5.0;29.0;6741.0;57.0;1485.0;1670;1525.0
3102;180.0;D46C6DCF;163D1351;0.02;0.21;0.23;0.0;0.02;6.0;6.0;1.0;2.0;266.0;51.0;1503.0;1678;1548.0
3101;180.0;457B036C;6E5EEB11;0.01;0.19;0.21;0.0;0.02;5.0;6.0;14.0;17.0;4781.0;46.0;1503.0;1668;1543.0
3100;180.0;451D87C7;6E5EEB11;0.02;0.22;0.24;0.0;0.02;4.0;6.0;4.0;44.0;3993.0;46.0;1503.0;1668;1543.0
3099;180.0;CAFE9C33;6E5EEB11;0.02;0.22;0.24;0.0;0.02;3.0;6.0;3.0;55.0;6424.0;46.0;1503.0;1659;1543.0
3098;180.0;C933CB64;6E5EEB11;0.01;0.21;0.23;0.0;0.02;2.0;6.0;5.0;28.0;6477.0;46.0;1503.0;1661;1543.0
3097;180.0;08EF06FD;6E5EEB11;0.02;0.24;0.26;0.0;0.02;1.0;6.0;1.0;1.0;0.0;46.0;1503.0;1693;1543.0
3096;90.0;A6A9F3DE;96956A01;0.02;0.19;0.22;0.01;0.02;3.0;3.0;14.0;16.0;4402.0;46.0;1500.0;1666;1540.0
3095;90.0;6386F207;96956A01;0.02;0.18;0.2;0.01;0.02;2.0;3.0;4.0;43.0;3595.0;46.0;1500.0;1660;1540.0
3094;90.0;02897A89;1169CAE4;0.02;0.19;0.22;0.0;0.02;1.0;3.0;3.0;54.0;6019.0;18.0;1502.0;1652;1542.0
3093;90.0;87258B74;A2E1A153;0.03;0.18;0.23;0.0;0.0;2.0;2.0;5.0;27.0;5969.0;34.0;1500.0;1651;1540.0
3092;90.0;EA19F29A;A2E1A153;0.02;0.13;0.16;0.0;0.0;2.0;3.0;14.0;15.0;4062.0;34.0;1500.0;1647;1540.0
3091;90.0;FA920867;A2E1A153;0.02;0.12;0.16;0.0;0.0;1.0;3.0;4.0;42.0;3268.0;41.0;1500.0;1668;1540.0
3090;90.0;33B39E35;BF0B86FD;0.0;0.5;0.55;0.0;0.04;4.0;4.0;3.0;53.0;5703.0;34.0;1485.0;1640;1525.0
3089;90.0;2624E4C5;BF0B86FD;0.0;0.48;0.53;0.0;0.04;3.0;4.0;5.0;26.0;5740.0;34.0;1485.0;1636;1525.0
3088;90.0;ABD0DA92;BF0B86FD;0.0;0.37;0.4;0.0;0.03;2.0;4.0;14.0;14.0;3833.0;34.0;1485.0;1630;1525.0
3087;90.0;38439490;BF0B86FD;0.0;0.42;0.47;0.0;0.03;1.0;4.0;4.0;41.0;3041.0;34.0;1485.0;1652;1525.0
3086;90.0;C7A014A0;60EFAC81;0.01;0.3;0.32;0.01;0.03;9.0;9.0;3.0;52.0;5465.0;34.0;1480.0;1657;1540.0
3085;90.0;519692ED;43608E5D;0.01;0.63;0.66;0.0;0.08;8.0;9.0;7.0;47.0;1855.0;18.0;1485.0;1638;1535.0
3084;90.0;795A3716;3BA0D398;0.0;0.39;0.43;0.0;0.03;7.0;9.0;5.0;25.0;5463.0;18.0;1488.0;1630;1533.0
3083;90.0;9E70B160;12A9E163;0.01;0.46;0.48;0.0;0.02;6.0;9.0;14.0;13.0;3552.0;18.0;1476.0;1610;1521.0
3082;90.0;A1EC7859;12A9E163;0.01;0.46;0.48;0.0;0.02;5.0;9.0;4.0;40.0;2760.0;18.0;1476.0;1610;1521.0
3081;90.0;319C7CE4;12A9E163;0.01;0.47;0.49;0.0;0.02;4.0;9.0;3.0;51.0;5182.0;18.0;1476.0;1603;1521.0
3080;90.0;3826FC83;263123F2;0.01;0.52;0.54;0.0;0.02;3.0;9.0;7.0;46.0;1558.0;34.0;1480.0;1627;1525.0
3079;90.0;6B90C247;7BF6FBDF;0.02;0.47;0.5;0.0;0.01;2.0;9.0;5.0;24.0;5164.0;34.0;1482.0;1643;1537.0
3078;90.0;E41873B9;7BF6FBDF;0.01;0.39;0.41;0.0;0.01;1.0;9.0;14.0;12.0;3252.0;34.0;1482.0;1658;1537.0
3077;90.0;38C578A0;7BF6FBDF;0.02;0.46;0.49;0.0;0.01;10.0;10.0;4.0;39.0;2455.0;18.0;1482.0;1631;1537.0
3076;90.0;86B85C7C;7BF6FBDF;0.01;0.42;0.45;0.0;0.01;9.0;10.0;3.0;50.0;4882.0;34.0;1482.0;1643;1537.0
3075;90.0;8131B379;7BF6FBDF;0.02;0.49;0.52;0.0;0.01;8.0;10.0;7.0;45.0;1266.0;34.0;1482.0;1643;1537.0
3074;90.0;4AC69651;7BF6FBDF;0.02;0.58;0.62;0.0;0.01;7.0;10.0;5.0;23.0;4868.0;34.0;1482.0;1644;1537.0
3073;90.0;0409003D;7BF6FBDF;0.01;0.39;0.42;0.0;0.01;6.0;10.0;14.0;11.0;2951.0;34.0;1482.0;1644;1537.0
3072;90.0;9389F45D;7BF6FBDF;0.01;0.44;0.46;0.0;0.01;5.0;10.0;4.0;38.0;2146.0;34.0;1482.0;1641;1537.0
3071;90.0;6A8459EA;7BF6FBDF;0.02;0.53;0.56;0.0;0.01;4.0;10.0;3.0;49.0;4571.0;34.0;1482.0;1644;1537.0
3070;90.0;6DA5AD61;7BF6FBDF;0.01;0.4;0.43;0.0;0.01;3.0;10.0;7.0;44.0;953.0;34.0;1482.0;1647;1537.0
3069;90.0;7AF42BDE;7BF6FBDF;0.02;0.54;0.58;0.0;0.01;2.0;10.0;5.0;22.0;4550.0;34.0;1482.0;1639;1537.0
3068;90.0;B88E8C24;7BF6FBDF;0.02;0.55;0.58;0.0;0.01;1.0;10.0;14.0;10.0;2645.0;34.0;1482.0;1661;1537.0
3067;90.0;B063F1F7;7BF6FBDF;0.02;0.47;0.5;0.0;0.01;10.0;10.0;4.0;37.0;1789.0;34.0;1482.0;1652;1537.0
3066;90.0;9106878E;7BF6FBDF;0.02;0.53;0.56;0.0;0.01;9.0;10.0;3.0;48.0;4209.0;34.0;1482.0;1640;1537.0
3064;90.0;1D0AB9E9;7BF6FBDF;0.01;0.44;0.47;0.0;0.01;7.0;10.0;14.0;9.0;2334.0;34.0;1482.0;1640;1537.0
3063;90.0;A77477D4;7BF6FBDF;0.02;0.51;0.55;0.0;0.01;6.0;10.0;5.0;21.0;4134.0;34.0;1482.0;1644;1537.0
3062;90.0;B4C6DBEF;7BF6FBDF;0.01;0.36;0.39;0.0;0.01;5.0;10.0;4.0;36.0;1479.0;34.0;1482.0;1642;1537.0
3060;90.0;7CFEFB39;7BF6FBDF;0.01;0.43;0.45;0.0;0.01;3.0;10.0;7.0;42.0;288.0;34.0;1482.0;1641;1537.0
3059;90.0;71A1FD8D;7BF6FBDF;0.01;0.39;0.42;0.0;0.01;2.0;10.0;14.0;8.0;2038.0;34.0;1482.0;1645;1537.0
3058;90.0;810DADBD;7BF6FBDF;0.02;0.46;0.49;0.0;0.01;1.0;10.0;5.0;20.0;3836.0;34.0;1482.0;1658;1537.0
3057;90.0;AC5A9682;59D14704;0.02;0.54;0.58;0.0;0.01;10.0;10.0;4.0;35.0;1188.0;34.0;1487.0;1646;1537.0
3056;90.0;E388A519;59D14704;0.02;0.63;0.68;0.0;0.01;9.0;10.0;3.0;46.0;3612.0;34.0;1487.0;1645;1537.0
3055;90.0;A46BD93A;59D14704;0.01;0.42;0.45;0.0;0.01;8.0;10.0;7.0;41.0;0.0;34.0;1487.0;1660;1537.0
3054;90.0;8FBCE973;59D14704;0.01;0.42;0.45;0.0;0.01;7.0;10.0;14.0;7.0;1752.0;34.0;1487.0;1640;1537.0
3053;90.0;7946CFEE;59D14704;0.02;0.58;0.62;0.0;0.01;6.0;10.0;5.0;19.0;3548.0;34.0;1487.0;1640;1537.0
3052;90.0;BE549482;59D14704;0.02;0.63;0.68;0.0;0.01;5.0;10.0;4.0;34.0;891.0;34.0;1487.0;1641;1537.0
3051;90.0;13D18471;59D14704;0.02;0.61;0.66;0.0;0.01;4.0;10.0;3.0;45.0;3310.0;34.0;1487.0;1643;1537.0
3050;90.0;AD40F18B;59D14704;0.01;0.5;0.54;0.0;0.01;3.0;10.0;14.0;6.0;1503.0;34.0;1487.0;1653;1537.0
3049;90.0;0B04BD96;59D14704;0.01;0.49;0.53;0.0;0.01;2.0;10.0;5.0;18.0;3294.0;34.0;1487.0;1648;1537.0
3048;90.0;93B99A2C;59D14704;0.01;0.48;0.52;0.0;0.01;1.0;10.0;4.0;33.0;600.0;44.0;1487.0;1661;1537.0
3047;90.0;F8CE0FBD;59D14704;0.02;0.53;0.57;0.0;0.01;10.0;10.0;7.0;40.0;863.0;34.0;1487.0;1644;1537.0
3046;90.0;EE056E63;59D14704;0.02;0.57;0.62;0.0;0.01;9.0;10.0;3.0;44.0;2964.0;34.0;1487.0;1647;1537.0
3045;90.0;F468F64B;59D14704;0.02;0.6;0.64;0.0;0.01;8.0;10.0;14.0;5.0;1159.0;34.0;1487.0;1656;1537.0
3044;90.0;8B1D4233;59D14704;0.01;0.48;0.52;0.0;0.01;7.0;10.0;5.0;17.0;2958.0;34.0;1487.0;1650;1537.0
3043;90.0;F9459389;59D14704;0.01;0.47;0.51;0.0;0.01;6.0;10.0;4.0;32.0;296.0;34.0;1487.0;1646;1537.0
3042;90.0;27D82ECD;59D14704;0.01;0.49;0.53;0.0;0.01;5.0;10.0;7.0;39.0;566.0;34.0;1487.0;1650;1537.0
3041;90.0;63F6FCA0;59D14704;0.02;0.65;0.7;0.0;0.01;4.0;10.0;3.0;43.0;2665.0;34.0;1487.0;1642;1537.0
3040;90.0;64D3D09C;59D14704;0.02;0.58;0.63;0.0;0.01;3.0;10.0;14.0;4.0;852.0;34.0;1487.0;1644;1537.0
3039;90.0;566CBEB6;59D14704;0.02;0.55;0.59;0.0;0.01;2.0;10.0;5.0;16.0;2644.0;34.0;1487.0;1645;1537.0
3038;90.0;BC980FCC;59D14704;0.01;0.45;0.49;0.0;0.01;1.0;10.0;4.0;31.0;0.0;48.0;1487.0;1680;1537.0
3037;90.0;AE433FD5;84F4F88C;0.01;0.08;0.1;0.0;0.0;9.0;9.0;7.0;38.0;272.0;18.0;1522.0;1656;1557.0
3036;90.0;96EC8D8F;0D8E4DE0;0.01;0.23;0.25;0.01;0.0;8.0;9.0;3.0;42.0;2382.0;34.0;1509.0;1663;1554.0
3035;90.0;A89466AE;E72FD3E4;0.02;0.19;0.22;0.0;0.0;7.0;9.0;14.0;3.0;578.0;34.0;1506.0;1669;1551.0
3034;90.0;FD63D48F;87C78AB7;0.01;0.45;0.53;0.0;0.0;6.0;9.0;5.0;15.0;2381.0;34.0;1480.0;1626;1525.0
3033;90.0;4F835B79;9C0993CD;0.02;0.39;0.43;0.0;0.01;5.0;9.0;6.0;65.0;3134.0;34.0;1480.0;1632;1530.0
3032;90.0;E56BBD73;9C0993CD;0.03;0.54;0.59;0.0;0.02;4.0;9.0;7.0;37.0;0.0;51.0;1480.0;1657;1530.0
3031;90.0;7083FE7C;5C6E672A;0.02;0.43;0.45;0.0;0.02;3.0;9.0;3.0;41.0;2108.0;34.0;1483.0;1632;1528.0
3030;90.0;9364342B;DAF26177;0.0;0.43;0.47;0.0;0.01;2.0;9.0;14.0;2.0;300.0;18.0;1480.0;1628;1525.0
3029;90.0;E5604AE7;E85F4719;0.0;0.46;0.49;0.0;0.02;1.0;9.0;5.0;14.0;2096.0;18.0;1487.0;1637;1532.0
3028;90.0;2309109C;E294A4B5;0.0;0.08;0.11;0.0;0.29;4.0;4.0;6.0;64.0;2842.0;0.0;1509.0;1635;1549.0
3027;90.0;F347946D;E294A4B5;0.0;0.08;0.11;0.0;0.3;3.0;4.0;4.0;30.0;1923.0;0.0;1509.0;1635;1549.0
3026;90.0;96AA8746;E294A4B5;0.0;0.08;0.11;0.0;0.3;2.0;4.0;3.0;40.0;1797.0;0.0;1509.0;1635;1549.0
3025;90.0;4DD1A18B;E294A4B5;0.0;0.09;0.12;0.0;0.34;1.0;4.0;14.0;1.0;0.0;0.0;1509.0;1667;1549.0
3024;90.0;24E416E6;B44BA138;0.01;0.45;0.48;0.01;0.06;6.0;6.0;5.0;13.0;1796.0;34.0;1482.0;1664;1542.0
3023;90.0;4386C76E;00FFEE90;0.01;0.43;0.47;0.01;0.03;5.0;6.0;6.0;63.0;2541.0;18.0;1489.0;1636;1534.0
3022;90.0;96BA453F;6466E4EB;0.02;0.18;0.22;0.01;0.01;4.0;6.0;7.0;36.0;1796.0;34.0;1505.0;1659;1550.0
3021;90.0;F6AF7916;C1BE9DD8;0.03;0.19;0.21;0.01;0.03;3.0;6.0;4.0;29.0;1575.0;34.0;1507.0;1663;1551.0
3020;90.0;AF2D12AE;C1BE9DD8;0.02;0.16;0.18;0.01;0.02;2.0;6.0;3.0;39.0;1455.0;34.0;1507.0;1669;1551.0
3019;90.0;5CABE708;4C9F89E7;0.02;0.13;0.14;0.01;0.02;1.0;6.0;5.0;12.0;1509.0;34.0;1512.0;1683;1557.0
3018;90.0;17366E5C;D2630227;0.02;0.25;0.29;0.01;0.0;4.0;4.0;6.0;62.0;2253.0;34.0;1493.0;1637;1533.0
3017;90.0;7353D386;D2630227;0.02;0.37;0.42;0.01;0.0;3.0;4.0;7.0;35.0;1482.0;34.0;1493.0;1642;1533.0
3016;90.0;019544F6;D90699DC;0.02;0.25;0.28;0.01;0.02;1.0;4.0;3.0;38.0;1156.0;44.0;1495.0;1667;1545.0
3015;90.0;829FEB21;D90699DC;0.02;0.33;0.37;0.01;0.02;4.0;7.0;4.0;28.0;1148.0;39.0;1495.0;1656;1545.0
3014;90.0;8EB51EC1;D90699DC;0.02;0.26;0.28;0.01;0.02;3.0;7.0;5.0;11.0;1138.0;39.0;1495.0;1656;1545.0
3013;90.0;C8FB02F6;D90699DC;0.02;0.29;0.32;0.01;0.02;2.0;7.0;6.0;61.0;1889.0;39.0;1495.0;1653;1545.0
3012;90.0;DD1DEAF1;D90699DC;0.03;0.39;0.43;0.01;0.03;1.0;7.0;7.0;34.0;1147.0;39.0;1495.0;1676;1545.0
3011;90.0;8DEBBA60;17D537B5;0.02;0.14;0.16;0.01;0.02;8.0;8.0;3.0;37.0;871.0;18.0;1509.0;1656;1554.0
3010;90.0;6313F27B;D927D5F2;0.02;0.18;0.21;0.01;0.02;7.0;8.0;4.0;27.0;874.0;32.0;1507.0;1663;1551.0
3009;90.0;05B459DC;D927D5F2;0.02;0.19;0.21;0.01;0.02;6.0;8.0;5.0;10.0;865.0;32.0;1507.0;1660;1551.0
3008;90.0;524C977E;D927D5F2;0.02;0.16;0.18;0.01;0.02;5.0;8.0;6.0;60.0;1615.0;32.0;1507.0;1664;1551.0
3007;90.0;EC2E781A;D927D5F2;0.02;0.14;0.16;0.01;0.02;4.0;8.0;7.0;33.0;873.0;32.0;1507.0;1662;1551.0
3006;90.0;1DA8D75D;D927D5F2;0.02;0.14;0.16;0.01;0.02;3.0;8.0;3.0;36.0;587.0;32.0;1507.0;1662;1551.0
3005;90.0;E00A1F01;D927D5F2;0.02;0.16;0.18;0.01;0.02;2.0;8.0;4.0;26.0;582.0;32.0;1507.0;1657;1551.0
3004;90.0;8FB20B59;B4E0CC84;0.02;0.17;0.19;0.01;0.02;1.0;8.0;5.0;9.0;569.0;34.0;1507.0;1674;1552.0
3003;90.0;32A6F848;A410176C;0.02;0.14;0.18;0.01;0.01;5.0;5.0;6.0;59.0;1310.0;57.0;1502.0;1694;1557.0
3002;90.0;12FF0D02;A410176C;0.02;0.2;0.26;0.01;0.01;4.0;5.0;7.0;32.0;569.0;57.0;1502.0;1691;1557.0
3001;90.0;95E438DD;A410176C;0.02;0.15;0.19;0.01;0.01;3.0;5.0;3.0;35.0;283.0;57.0;1502.0;1688;1557.0
3000;90.0;82EFAF6B;A410176C;0.02;0.15;0.2;0.01;0.01;2.0;5.0;4.0;25.0;264.0;57.0;1502.0;1680;1557.0
2999;90.0;2812AE92;A410176C;0.02;0.14;0.18;0.01;0.01;1.0;5.0;5.0;8.0;267.0;57.0;1502.0;1700;1557.0
2998;90.0;5DABEEE2;71A937D5;0.01;0.39;0.44;0.0;0.02;7.0;7.0;6.0;58.0;1019.0;34.0;1487.0;1648;1542.0
2997;90.0;496DC159;71A937D5;0.01;0.37;0.41;0.0;0.02;6.0;7.0;7.0;31.0;278.0;34.0;1487.0;1648;1542.0
2996;90.0;1A110862;71A937D5;0.02;0.45;0.5;0.0;0.02;5.0;7.0;3.0;34.0;0.0;34.0;1487.0;1677;1542.0
2995;90.0;5CABE708;BFEB6EA0;0.02;0.33;0.38;0.0;0.02;4.0;7.0;4.0;24.0;0.0;34.0;1483.0;1661;1538.0
2994;90.0;010EC3AC;BFEB6EA0;0.02;0.47;0.53;0.0;0.02;3.0;7.0;5.0;7.0;0.0;34.0;1483.0;1673;1538.0
2993;90.0;4C6D9666;BFEB6EA0;0.02;0.37;0.42;0.0;0.02;2.0;7.0;6.0;57.0;759.0;34.0;1483.0;1654;1538.0
2992;90.0;B470CBF4;BFEB6EA0;0.02;0.33;0.37;0.0;0.02;1.0;7.0;7.0;30.0;0.0;46.0;1483.0;1669;1538.0
2991;90.0;99CFDF6D;9DBCC3D3;0.02;0.18;0.2;0.0;0.02;8.0;8.0;3.0;33.0;853.0;39.0;1502.0;1666;1552.0
2990;90.0;785501B9;9DBCC3D3;0.02;0.18;0.2;0.0;0.02;7.0;8.0;4.0;23.0;586.0;39.0;1502.0;1661;1552.0
2989;90.0;DD7F1140;4D27ECED;0.02;0.2;0.23;0.01;0.0;6.0;8.0;6.0;56.0;298.0;34.0;1502.0;1653;1547.0
2988;90.0;4C9742DC;92B3EDD4;0.03;0.21;0.28;0.01;0.01;5.0;8.0;5.0;6.0;525.0;39.0;1502.0;1659;1547.0
2987;90.0;0DD6679B;7D015357;0.02;0.18;0.2;0.01;0.01;4.0;8.0;7.0;29.0;514.0;46.0;1506.0;1663;1551.0
2986;90.0;7AE181A0;7D015357;0.02;0.18;0.2;0.01;0.01;3.0;8.0;3.0;32.0;558.0;41.0;1506.0;1655;1551.0
2985;90.0;A0EDBF03;7D015357;0.02;0.19;0.21;0.01;0.01;2.0;8.0;4.0;22.0;283.0;46.0;1506.0;1673;1551.0
2984;90.0;44468734;7D015357;0.02;0.13;0.15;0.01;0.01;1.0;8.0;6.0;55.0;0.0;48.0;1506.0;1693;1551.0
2983;90.0;FA323A91;CC18C404;0.02;0.25;0.27;0.01;0.02;7.0;7.0;5.0;5.0;217.0;18.0;1506.0;1658;1551.0
2982;90.0;37E5E1B0;F2951EE4;0.01;0.3;0.33;0.01;0.02;6.0;7.0;7.0;28.0;219.0;34.0;1496.0;1657;1536.0
2981;90.0;438B584C;493EAF60;0.01;0.49;0.52;0.0;0.01;5.0;7.0;3.0;31.0;272.0;34.0;1486.0;1628;1531.0
2980;90.0;7A33CD5C;249A7E68;0.02;0.41;0.44;0.0;0.02;4.0;7.0;4.0;21.0;0.0;41.0;1484.0;1639;1519.0
2979;90.0;6E0064DF;44661CD0;0.02;0.2;0.22;0.01;0.02;3.0;7.0;5.0;4.0;0.0;32.0;1506.0;1681;1551.0
2978;90.0;FCF552C7;44661CD0;0.02;0.17;0.19;0.01;0.02;2.0;7.0;7.0;27.0;0.0;32.0;1506.0;1682;1551.0
2977;90.0;28A141D1;44661CD0;0.02;0.2;0.22;0.01;0.02;1.0;7.0;3.0;30.0;0.0;39.0;1506.0;1692;1551.0
2976;180.0;C56AED84;76E5EEFF;0.03;0.25;0.29;0.01;0.01;3.0;3.0;7.0;26.0;2065.0;55.0;1504.0;1670;1549.0
2975;180.0;5542350D;DFBF368A;0.01;0.4;0.45;0.0;0.0;2.0;5.0;4.0;20.0;289.0;57.0;1485.0;1654;1525.0
2974;180.0;038F16D9;DFBF368A;0.01;0.48;0.55;0.0;0.0;1.0;5.0;5.0;3.0;635.0;57.0;1485.0;1674;1525.0
2973;180.0;849EB76E;163D1351;0.02;0.18;0.2;0.0;0.02;7.0;7.0;6.0;54.0;9214.0;51.0;1503.0;1675;1548.0
2972;180.0;2156AF31;163D1351;0.02;0.19;0.21;0.0;0.02;6.0;7.0;3.0;29.0;8141.0;51.0;1503.0;1665;1548.0
2971;180.0;091A5A08;163D1351;0.02;0.22;0.24;0.0;0.02;5.0;7.0;7.0;25.0;1725.0;51.0;1503.0;1673;1548.0
2970;180.0;C4873873;163D1351;0.02;0.24;0.26;0.0;0.02;4.0;7.0;4.0;19.0;0.0;51.0;1503.0;1675;1548.0
2969;180.0;C4500E1A;163D1351;0.02;0.22;0.24;0.0;0.02;3.0;7.0;5.0;2.0;344.0;51.0;1503.0;1678;1548.0
2968;180.0;C6A7A4B3;163D1351;0.02;0.25;0.27;0.0;0.02;2.0;7.0;6.0;53.0;8861.0;51.0;1503.0;1669;1548.0
2967;180.0;962E2E13;163D1351;0.02;0.23;0.25;0.0;0.02;1.0;7.0;3.0;28.0;7790.0;55.0;1503.0;1692;1548.0
2966;180.0;B5BF314A;E2EF030B;0.02;0.24;0.28;0.01;0.03;3.0;3.0;7.0;24.0;1378.0;46.0;1502.0;1655;1547.0
2965;180.0;DE24F633;E2EF030B;0.02;0.24;0.28;0.01;0.03;2.0;3.0;15.0;64.0;8532.0;46.0;1502.0;1660;1547.0
2964;180.0;5A1CA2BA;7D501556;0.01;0.14;0.16;0.01;0.02;1.0;3.0;5.0;1.0;0.0;51.0;1503.0;1706;1543.0
2963;180.0;E044D9B9;71A937D5;0.01;0.4;0.45;0.0;0.02;3.0;3.0;6.0;52.0;8595.0;46.0;1487.0;1642;1522.0
2962;180.0;FABCD3E1;71A937D5;0.02;0.5;0.57;0.0;0.03;2.0;3.0;7.0;23.0;1162.0;51.0;1487.0;1643;1522.0
2961;180.0;B846ABA5;71A937D5;0.02;0.45;0.5;0.0;0.02;1.0;3.0;4.0;18.0;5179.0;51.0;1487.0;1652;1522.0
2960;180.0;E56BBD73;F8C74014;0.02;0.64;0.66;0.0;0.01;6.0;6.0;15.0;63.0;8237.0;46.0;1488.0;1631;1523.0
2959;180.0;32640378;F8C74014;0.02;0.53;0.55;0.0;0.01;5.0;6.0;3.0;27.0;7325.0;46.0;1488.0;1627;1523.0
2958;180.0;2E2DC7E5;F8C74014;0.02;0.57;0.59;0.0;0.01;4.0;6.0;6.0;51.0;8285.0;46.0;1488.0;1639;1523.0
2957;180.0;89AE2004;F4C6D02B;0.02;0.57;0.63;0.0;0.05;3.0;6.0;7.0;22.0;827.0;18.0;1487.0;1621;1527.0
2956;180.0;54CBAC7F;CF354F29;0.01;0.84;0.98;0.0;0.01;2.0;6.0;4.0;17.0;4835.0;51.0;1470.0;1640;1510.0
2955;180.0;E8B2672E;CF354F29;0.01;0.89;1.04;0.0;0.01;1.0;6.0;15.0;62.0;7923.0;57.0;1470.0;1646;1510.0
2954;180.0;ADE76723;D22BFB79;0.01;0.4;0.44;0.01;0.06;6.0;6.0;3.0;26.0;7028.0;46.0;1480.0;1658;1540.0
2953;180.0;63F6FCA0;D6C5A3D0;0.03;0.23;0.25;0.0;0.02;5.0;6.0;6.0;50.0;7997.0;46.0;1501.0;1665;1546.0
2952;180.0;8924CFC0;D6C5A3D0;0.02;0.16;0.18;0.0;0.01;4.0;6.0;7.0;21.0;562.0;46.0;1501.0;1664;1546.0
2951;180.0;FEB3D727;D6C5A3D0;0.02;0.19;0.21;0.0;0.02;3.0;6.0;4.0;16.0;4571.0;46.0;1501.0;1664;1546.0
2950;180.0;6277249A;D6C5A3D0;0.02;0.17;0.19;0.0;0.01;2.0;6.0;15.0;61.0;7655.0;46.0;1501.0;1665;1546.0
2949;180.0;C51A7FF0;D6C5A3D0;0.02;0.15;0.16;0.0;0.01;1.0;6.0;3.0;25.0;6731.0;55.0;1501.0;1688;1546.0
2948;180.0;2A7E5AFE;9C0993CD;0.02;0.48;0.53;0.0;0.02;6.0;6.0;6.0;49.0;7705.0;46.0;1480.0;1638;1515.0
2947;180.0;A5FE3E56;3BA0D398;0.0;0.42;0.46;0.0;0.03;5.0;6.0;7.0;20.0;276.0;46.0;1488.0;1651;1528.0
2946;180.0;C465AA43;3BA0D398;0.0;0.36;0.4;0.0;0.03;4.0;6.0;4.0;15.0;4288.0;32.0;1488.0;1635;1528.0
2945;180.0;17F7C9EA;CC996FCB;0.02;0.22;0.26;0.0;0.0;3.0;6.0;15.0;60.0;7374.0;48.0;1510.0;1664;1550.0
2944;180.0;91CB64D7;CC996FCB;0.02;0.18;0.21;0.0;0.0;2.0;6.0;3.0;24.0;6470.0;48.0;1510.0;1663;1550.0
2943;180.0;D8883B2D;FA84F82E;0.01;0.06;0.09;0.0;0.0;1.0;6.0;6.0;48.0;7436.0;51.0;1527.0;1712;1572.0
2942;180.0;5BCDB55D;332091CC;0.01;0.61;0.67;0.01;0.0;5.0;5.0;7.0;19.0;0.0;46.0;1486.0;1653;1516.0
2941;180.0;98E0AE1E;332091CC;0.01;0.47;0.52;0.01;0.0;4.0;5.0;4.0;14.0;4016.0;46.0;1486.0;1622;1516.0
2940;180.0;B33A68A3;332091CC;0.01;0.41;0.46;0.01;0.0;3.0;5.0;15.0;59.0;7100.0;46.0;1486.0;1633;1516.0
2939;180.0;C1D1A7E2;332091CC;0.01;0.46;0.51;0.01;0.0;2.0;5.0;3.0;23.0;6165.0;46.0;1486.0;1626;1516.0
2938;180.0;8380F089;332091CC;0.01;0.61;0.67;0.01;0.0;1.0;5.0;6.0;47.0;7132.0;51.0;1486.0;1652;1516.0
2937;180.0;DA5B32DF;E1B28665;0.01;0.41;0.45;0.0;0.01;6.0;6.0;4.0;13.0;3689.0;46.0;1492.0;1670;1547.0
2936;180.0;F98EC60C;E1B28665;0.01;0.4;0.43;0.0;0.01;5.0;6.0;15.0;58.0;6774.0;46.0;1492.0;1658;1547.0
2935;180.0;5C62B52E;E1B28665;0.0;0.36;0.39;0.0;0.01;4.0;6.0;3.0;22.0;5872.0;46.0;1492.0;1676;1547.0
2934;180.0;8AD16109;E1B28665;0.0;0.3;0.33;0.0;0.01;3.0;6.0;7.0;18.0;4914.0;46.0;1492.0;1677;1547.0
2933;180.0;27A662A3;E1B28665;0.0;0.34;0.37;0.0;0.01;2.0;6.0;6.0;46.0;6764.0;46.0;1492.0;1674;1547.0
2932;180.0;85EBFAEC;E1B28665;0.0;0.3;0.32;0.0;0.01;1.0;6.0;4.0;12.0;3393.0;57.0;1492.0;1690;1547.0
2931;180.0;41B4BE24;E1B28665;0.01;0.38;0.41;0.0;0.01;6.0;6.0;15.0;57.0;6431.0;46.0;1492.0;1673;1547.0
2930;180.0;A56AED5C;E1B28665;0.01;0.47;0.5;0.0;0.01;5.0;6.0;3.0;21.0;5531.0;46.0;1492.0;1668;1547.0
2929;180.0;C93248FC;E1B28665;0.0;0.33;0.35;0.0;0.01;4.0;6.0;7.0;17.0;4594.0;46.0;1492.0;1673;1547.0
2928;180.0;BB353588;E1B28665;0.0;0.3;0.33;0.0;0.01;3.0;6.0;6.0;45.0;6439.0;46.0;1492.0;1672;1547.0
2927;180.0;A10AC0B0;E1B28665;0.01;0.38;0.41;0.0;0.01;2.0;6.0;4.0;11.0;3050.0;46.0;1492.0;1675;1547.0
2926;180.0;5DABEEE2;E1B28665;0.0;0.35;0.38;0.0;0.01;1.0;6.0;15.0;56.0;6132.0;57.0;1492.0;1687;1547.0
2925;180.0;6B23D9DB;E1B28665;0.01;0.38;0.41;0.0;0.01;6.0;6.0;3.0;20.0;5228.0;46.0;1492.0;1670;1547.0
2924;180.0;9389F45D;E1B28665;0.0;0.35;0.38;0.0;0.01;5.0;6.0;7.0;16.0;4298.0;46.0;1492.0;1673;1547.0
2923;180.0;1B512795;E1B28665;0.01;0.37;0.4;0.0;0.01;4.0;6.0;6.0;44.0;6150.0;46.0;1492.0;1669;1547.0
2922;180.0;08D04927;E1B28665;0.01;0.42;0.46;0.0;0.01;3.0;6.0;4.0;10.0;2772.0;46.0;1492.0;1671;1547.0
2921;180.0;611B5CB9;E1B28665;0.01;0.43;0.47;0.0;0.01;2.0;6.0;15.0;55.0;5860.0;46.0;1492.0;1674;1547.0
2920;180.0;0FDD40AE;E1B28665;0.0;0.35;0.38;0.0;0.01;1.0;6.0;3.0;19.0;4946.0;57.0;1492.0;1693;1547.0
2919;180.0;256FC629;F852E2F5;0.01;0.38;0.41;0.01;0.05;7.0;7.0;7.0;15.0;4004.0;55.0;1470.0;1635;1515.0
2918;180.0;FF76A665;F852E2F5;0.01;0.41;0.44;0.01;0.06;6.0;7.0;6.0;43.0;5855.0;55.0;1470.0;1629;1515.0
2917;180.0;25EFBEB7;F852E2F5;0.01;0.46;0.49;0.02;0.06;5.0;7.0;4.0;9.0;2487.0;55.0;1470.0;1631;1515.0
2916;180.0;5D9EA31B;19008928;0.01;0.44;0.49;0.0;0.02;4.0;7.0;15.0;54.0;5565.0;46.0;1474.0;1653;1530.0
2915;180.0;D96FEBC9;19008928;0.01;0.44;0.48;0.0;0.02;3.0;7.0;3.0;18.0;4664.0;46.0;1474.0;1646;1530.0
2914;180.0;78A83B7C;9C5F9BFA;0.01;0.4;0.43;0.0;0.02;2.0;7.0;7.0;14.0;3716.0;46.0;1490.0;1664;1535.0
2913;180.0;76EF4A5A;BE0EA08D;0.02;0.26;0.28;0.0;0.02;1.0;7.0;6.0;42.0;5568.0;46.0;1497.0;1669;1537.0
2912;180.0;E3AEF225;9970B431;0.0;0.47;0.57;0.01;0.1;4.0;4.0;4.0;8.0;2199.0;34.0;1480.0;1639;1520.0
2911;180.0;F1D2F8E8;9970B431;0.0;0.31;0.38;0.01;0.07;3.0;4.0;15.0;53.0;5270.0;34.0;1480.0;1631;1520.0
2910;180.0;7A33CD5C;9970B431;0.0;0.37;0.45;0.01;0.08;2.0;4.0;3.0;17.0;4369.0;25.0;1480.0;1620;1520.0
2909;180.0;6B8D634C;9970B431;0.0;0.37;0.45;0.01;0.08;1.0;4.0;7.0;13.0;3429.0;39.0;1480.0;1643;1520.0
2908;180.0;74925B2A;9970B431;0.0;0.43;0.52;0.01;0.09;4.0;4.0;6.0;41.0;5268.0;34.0;1480.0;1635;1520.0
2907;180.0;865AAE69;9970B431;0.0;0.43;0.53;0.01;0.09;3.0;4.0;4.0;7.0;1893.0;34.0;1480.0;1627;1520.0
2906;180.0;1543A579;9970B431;0.0;0.46;0.56;0.01;0.1;2.0;4.0;15.0;52.0;4968.0;34.0;1480.0;1624;1520.0
2905;180.0;2FD44681;9970B431;0.0;0.34;0.41;0.01;0.07;1.0;4.0;3.0;16.0;4060.0;39.0;1480.0;1649;1520.0
2904;180.0;F11EA254;E9D2B793;0.0;0.32;0.35;0.01;0.07;5.0;5.0;7.0;12.0;3115.0;25.0;1480.0;1625;1520.0
2903;180.0;1FA809F2;53FB7813;0.0;0.36;0.44;0.0;0.08;4.0;5.0;6.0;40.0;4967.0;34.0;1480.0;1627;1520.0
2902;180.0;3D38FA48;53FB7813;0.01;0.42;0.51;0.0;0.09;3.0;5.0;4.0;6.0;1598.0;34.0;1480.0;1623;1520.0
2901;180.0;5FDEFC5A;E1C94594;0.02;0.3;0.32;0.0;0.0;2.0;5.0;15.0;51.0;4667.0;46.0;1494.0;1646;1534.0
2900;180.0;DE2E1932;E1C94594;0.01;0.28;0.3;0.0;0.0;1.0;5.0;3.0;15.0;3767.0;46.0;1494.0;1665;1534.0
2899;180.0;9B076395;4AC24E4B;0.03;0.28;0.32;0.01;0.02;7.0;7.0;7.0;11.0;2833.0;51.0;1501.0;1664;1546.0
2898;180.0;7651B2F5;4AC24E4B;0.02;0.25;0.28;0.01;0.02;6.0;7.0;6.0;39.0;4680.0;51.0;1501.0;1666;1546.0
2897;180.0;E3AEF225;4AC24E4B;0.03;0.28;0.31;0.01;0.02;5.0;7.0;4.0;5.0;1308.0;51.0;1501.0;1663;1546.0
2896;180.0;71C42970;4AC24E4B;0.02;0.25;0.29;0.01;0.02;4.0;7.0;15.0;50.0;4395.0;46.0;1501.0;1667;1546.0
2895;180.0;99DD9BA7;4AC24E4B;0.02;0.24;0.27;0.01;0.02;3.0;7.0;3.0;14.0;3492.0;46.0;1501.0;1664;1546.0
2894;180.0;B872AE3B;93142261;0.02;0.21;0.24;0.01;0.01;2.0;7.0;7.0;10.0;2558.0;46.0;1501.0;1661;1536.0
2893;180.0;4D457C73;2BDF3AD2;0.02;0.26;0.29;0.01;0.0;1.0;7.0;6.0;38.0;4410.0;46.0;1506.0;1684;1541.0
2892;180.0;C58252D8;F1291CB0;0.02;0.17;0.19;0.01;0.02;7.0;7.0;4.0;4.0;1038.0;51.0;1506.0;1676;1546.0
2891;180.0;AFFDFBEA;F1291CB0;0.02;0.15;0.17;0.01;0.02;6.0;7.0;15.0;49.0;4125.0;51.0;1506.0;1671;1546.0
2890;180.0;3678BFFE;F1291CB0;0.02;0.19;0.22;0.01;0.02;5.0;7.0;3.0;13.0;3223.0;51.0;1506.0;1679;1546.0
2889;180.0;2F4091B6;F1291CB0;0.02;0.19;0.21;0.01;0.02;4.0;7.0;7.0;9.0;2281.0;51.0;1506.0;1682;1546.0
2888;180.0;7FD5F4C7;F1291CB0;0.02;0.19;0.21;0.01;0.02;3.0;7.0;6.0;37.0;4021.0;51.0;1506.0;1666;1546.0
2887;180.0;0BC3D539;F1291CB0;0.02;0.16;0.18;0.01;0.02;2.0;7.0;4.0;3.0;637.0;55.0;1506.0;1687;1546.0
2886;180.0;EA825C53;F1291CB0;0.02;0.21;0.23;0.01;0.02;1.0;7.0;15.0;48.0;3727.0;60.0;1506.0;1691;1546.0
2885;180.0;E7482DA7;DFB6F1D3;0.01;0.44;0.46;0.0;0.0;4.0;4.0;3.0;12.0;2826.0;51.0;1485.0;1655;1525.0
2884;180.0;BC7CA69F;7AFEE53C;0.01;0.3;0.32;0.0;0.0;3.0;4.0;7.0;8.0;1871.0;39.0;1488.0;1639;1528.0
2883;180.0;2A874D49;B87AB689;0.01;0.43;0.49;0.0;0.01;2.0;4.0;6.0;36.0;3722.0;46.0;1487.0;1638;1527.0
2882;180.0;AC0873A5;B87AB689;0.01;0.36;0.41;0.0;0.01;1.0;4.0;4.0;2.0;359.0;46.0;1487.0;1652;1527.0
2881;180.0;F93444CA;CC18C404;0.02;0.18;0.2;0.01;0.02;5.0;5.0;3.0;11.0;2523.0;46.0;1506.0;1663;1551.0
2880;180.0;D231B01C;CC18C404;0.03;0.25;0.28;0.01;0.03;4.0;5.0;15.0;47.0;3319.0;51.0;1506.0;1667;1551.0
2879;180.0;1E081B40;04751D20;0.02;0.19;0.2;0.01;0.02;3.0;5.0;7.0;7.0;1533.0;46.0;1506.0;1674;1551.0
2878;180.0;9FB472F4;04751D20;0.02;0.17;0.19;0.01;0.02;2.0;5.0;6.0;35.0;3367.0;46.0;1506.0;1670;1551.0
2877;180.0;A6F24263;04751D20;0.02;0.22;0.24;0.01;0.02;1.0;5.0;4.0;1.0;0.0;51.0;1506.0;1720;1551.0
2876;180.0;1D855E47;5A195F30;0.01;0.5;0.52;0.0;0.03;7.0;7.0;3.0;10.0;2235.0;46.0;1487.0;1647;1527.0
2875;180.0;38ED9BEF;71A937D5;0.02;0.46;0.51;0.0;0.02;6.0;7.0;15.0;46.0;3015.0;51.0;1487.0;1655;1522.0
2874;180.0;86283565;2374C9B3;0.02;0.21;0.24;0.01;0.02;5.0;7.0;7.0;6.0;1233.0;46.0;1502.0;1663;1542.0
2873;180.0;C2B42E0C;2374C9B3;0.02;0.15;0.18;0.01;0.02;4.0;7.0;6.0;34.0;3081.0;46.0;1502.0;1657;1542.0
2872;180.0;C3F9EB18;92B3EDD4;0.02;0.19;0.24;0.01;0.01;3.0;7.0;3.0;9.0;2004.0;46.0;1502.0;1659;1537.0
2871;180.0;534A670E;4D27ECED;0.02;0.23;0.27;0.01;0.0;2.0;7.0;15.0;45.0;2802.0;46.0;1502.0;1663;1542.0
2870;180.0;4F95F414;4D27ECED;0.02;0.16;0.18;0.01;0.0;1.0;7.0;7.0;5.0;1024.0;46.0;1502.0;1670;1542.0
2869;180.0;1CB91819;56FFE5DC;0.02;0.19;0.22;0.01;0.01;4.0;4.0;6.0;33.0;2874.0;39.0;1507.0;1653;1532.0
2868;180.0;3D38FA48;56FFE5DC;0.02;0.18;0.21;0.01;0.01;3.0;4.0;3.0;8.0;1795.0;39.0;1507.0;1648;1532.0
2867;180.0;940AC77F;56FFE5DC;0.02;0.18;0.21;0.01;0.01;2.0;4.0;15.0;44.0;2583.0;39.0;1507.0;1639;1532.0
2866;180.0;347EC14A;56FFE5DC;0.02;0.14;0.16;0.01;0.01;1.0;4.0;7.0;4.0;799.0;55.0;1507.0;1673;1532.0
2865;180.0;6F852933;4D302CE7;0.0;1.0;1.04;0.0;0.0;4.0;4.0;6.0;32.0;2636.0;64.0;1460.0;1613;1485.0
2864;180.0;D7C52F4E;4D302CE7;0.0;0.8;0.84;0.0;0.0;3.0;4.0;3.0;7.0;1550.0;64.0;1460.0;1607;1485.0
2863;180.0;D21ABEC0;4D302CE7;0.0;0.82;0.86;0.0;0.0;2.0;4.0;15.0;43.0;2329.0;64.0;1460.0;1605;1485.0
2862;180.0;00C2645A;4D302CE7;0.0;1.08;1.13;0.0;0.0;1.0;4.0;7.0;3.0;541.0;69.0;1460.0;1642;1485.0
2861;180.0;714F7912;027DF228;0.0;0.93;0.99;0.0;0.0;3.0;3.0;6.0;31.0;2391.0;62.0;1463.0;1612;1489.0
2860;180.0;5FA0450B;0731C1FB;0.0;0.97;1.04;0.01;0.0;2.0;3.0;3.0;6.0;1322.0;62.0;1462.0;1603;1488.0
2859;180.0;E81B3588;0731C1FB;0.0;1.14;1.23;0.01;0.0;1.0;3.0;15.0;42.0;2117.0;62.0;1462.0;1615;1488.0
2858;180.0;85608ED1;D249F467;0.02;0.18;0.22;0.01;0.01;6.0;6.0;7.0;2.0;306.0;46.0;1504.0;1681;1549.0
2857;180.0;1A110862;6466E4EB;0.03;0.21;0.26;0.01;0.02;5.0;6.0;6.0;30.0;2148.0;46.0;1505.0;1655;1545.0
2856;180.0;A6B83D02;6466E4EB;0.02;0.17;0.21;0.01;0.01;4.0;6.0;3.0;5.0;1069.0;46.0;1505.0;1656;1545.0
2855;180.0;3CEC1290;493EAF60;0.01;0.46;0.49;0.0;0.01;3.0;6.0;15.0;41.0;1849.0;46.0;1486.0;1637;1521.0
2854;180.0;C9EA2F5F;493EAF60;0.01;0.38;0.4;0.0;0.01;2.0;6.0;8.0;56.0;1887.0;46.0;1486.0;1635;1521.0
2853;180.0;A281D573;23BBD4A0;0.01;0.34;0.38;0.0;0.0;1.0;6.0;7.0;1.0;0.0;46.0;1485.0;1695;1525.0
2852;180.0;987C3439;217DAC59;0.02;0.41;0.43;0.0;0.02;7.0;7.0;6.0;29.0;1838.0;51.0;1483.0;1642;1523.0
2851;180.0;5AD5DD69;E25D9AF5;0.02;0.46;0.5;0.0;0.02;6.0;7.0;3.0;4.0;750.0;46.0;1486.0;1646;1531.0
2850;180.0;B4C6DBEF;E25D9AF5;0.01;0.32;0.34;0.0;0.02;5.0;7.0;15.0;40.0;1544.0;46.0;1486.0;1649;1531.0
2849;180.0;172CD283;E25D9AF5;0.02;0.47;0.5;0.0;0.02;4.0;7.0;8.0;55.0;1591.0;46.0;1486.0;1648;1531.0
2848;180.0;74169200;E25D9AF5;0.02;0.48;0.51;0.0;0.02;3.0;7.0;6.0;28.0;1590.0;46.0;1486.0;1646;1531.0
2847;180.0;A26BBB38;E25D9AF5;0.02;0.45;0.49;0.0;0.02;2.0;7.0;3.0;3.0;501.0;46.0;1486.0;1662;1531.0
2846;180.0;821C6160;67470249;0.01;0.46;0.52;0.0;0.02;1.0;7.0;15.0;39.0;1287.0;55.0;1486.0;1677;1526.0
2845;180.0;03DAF5B6;281A1554;0.0;0.49;0.51;0.01;0.0;3.0;3.0;8.0;54.0;1334.0;57.0;1486.0;1697;1541.0
2844;180.0;D8918F88;281A1554;0.01;0.65;0.67;0.01;0.0;2.0;3.0;6.0;27.0;1342.0;57.0;1486.0;1696;1541.0
2843;180.0;D797B9A1;281A1554;0.01;0.62;0.65;0.01;0.0;1.0;3.0;3.0;2.0;269.0;57.0;1486.0;1704;1541.0
2842;180.0;2DB4D4E4;281A1554;0.01;0.7;0.73;0.01;0.0;3.0;3.0;15.0;38.0;1052.0;57.0;1486.0;1694;1541.0
2841;180.0;7C829E0C;281A1554;0.0;0.52;0.53;0.01;0.0;2.0;3.0;8.0;53.0;1081.0;57.0;1486.0;1686;1541.0
2840;180.0;59F0D302;281A1554;0.01;0.56;0.58;0.01;0.0;1.0;3.0;6.0;26.0;1085.0;57.0;1486.0;1701;1541.0
2839;180.0;D965E2DC;48815118;0.0;0.45;0.47;0.01;0.0;3.0;3.0;3.0;1.0;0.0;62.0;1486.0;1706;1541.0
2838;180.0;5A41B050;48815118;0.01;0.63;0.67;0.01;0.0;2.0;3.0;1.0;63.0;228.0;62.0;1486.0;1666;1541.0
2837;180.0;95EB8205;48815118;0.0;0.45;0.47;0.01;0.0;1.0;3.0;15.0;37.0;723.0;62.0;1486.0;1688;1541.0
2836;180.0;69CC0799;4C9F89E7;0.02;0.15;0.16;0.01;0.02;5.0;5.0;8.0;52.0;768.0;46.0;1512.0;1689;1557.0
2835;180.0;E2381318;D927D5F2;0.02;0.13;0.15;0.01;0.02;4.0;5.0;6.0;25.0;783.0;46.0;1507.0;1673;1552.0
2834;180.0;4B3B9BE3;D927D5F2;0.03;0.19;0.21;0.01;0.03;3.0;5.0;1.0;62.0;0.0;46.0;1507.0;1682;1552.0
2833;180.0;DDEEB0DF;C696558F;0.02;0.16;0.18;0.0;0.02;2.0;5.0;15.0;36.0;502.0;46.0;1505.0;1660;1535.0
2832;180.0;BF5BE836;60B76B26;0.02;0.18;0.21;0.01;0.02;1.0;5.0;8.0;51.0;516.0;46.0;1504.0;1667;1544.0
2831;90.0;68FE4862;60EFAC81;0.01;0.33;0.35;0.01;0.04;7.0;7.0;6.0;24.0;456.0;34.0;1480.0;1652;1540.0
2830;90.0;44D6FA16;60EFAC81;0.01;0.33;0.36;0.02;0.04;6.0;7.0;15.0;35.0;225.0;34.0;1480.0;1644;1540.0
2829;90.0;BC175C00;656E5837;0.01;0.31;0.34;0.0;0.02;5.0;7.0;14.0;56.0;233.0;18.0;1486.0;1623;1531.0
2828;90.0;C5854550;656E5837;0.01;0.38;0.42;0.0;0.02;4.0;7.0;8.0;50.0;220.0;34.0;1486.0;1634;1531.0
2827;90.0;504F53E7;D6C5A3D0;0.03;0.23;0.25;0.0;0.02;3.0;7.0;6.0;23.0;228.0;34.0;1501.0;1660;1546.0
2826;90.0;4B1505FC;D6C5A3D0;0.02;0.22;0.24;0.0;0.02;2.0;7.0;15.0;34.0;0.0;34.0;1501.0;1669;1546.0
2825;90.0;729E5D8A;D6C5A3D0;0.02;0.19;0.21;0.0;0.02;1.0;7.0;14.0;55.0;0.0;34.0;1501.0;1682;1546.0
2824;90.0;AD4379E9;76E5EEFF;0.03;0.24;0.28;0.01;0.01;2.0;2.0;8.0;49.0;0.0;34.0;1504.0;1680;1549.0
2823;90.0;4BF7019E;76E5EEFF;0.03;0.25;0.29;0.01;0.01;1.0;2.0;6.0;22.0;0.0;34.0;1504.0;1684;1549.0
2822;90.0;0EE78882;DFBF368A;0.01;0.38;0.44;0.0;0.0;2.0;2.0;14.0;54.0;7006.0;57.0;1485.0;1654;1525.0
2821;90.0;7B38199E;DFBF368A;0.01;0.49;0.55;0.0;0.0;1.0;2.0;15.0;33.0;565.0;57.0;1485.0;1655;1525.0
2820;90.0;DD6710C8;96956A01;0.02;0.22;0.25;0.01;0.02;3.0;3.0;8.0;48.0;278.0;46.0;1500.0;1663;1540.0
2819;90.0;6DA5AD61;D36B37E7;0.01;0.34;0.39;0.0;0.0;2.0;3.0;1.0;61.0;6330.0;41.0;1480.0;1636;1525.0
2818;90.0;DE3ADD79;D36B37E7;0.01;0.42;0.48;0.0;0.0;1.0;3.0;14.0;53.0;6787.0;53.0;1480.0;1661;1525.0
2817;90.0;C0102A8B;E72FD3E4;0.02;0.21;0.24;0.0;0.0;6.0;6.0;6.0;21.0;6281.0;34.0;1506.0;1662;1551.0
2816;90.0;5126BBDD;CC996FCB;0.02;0.16;0.18;0.0;0.0;5.0;6.0;15.0;32.0;282.0;34.0;1510.0;1662;1555.0
2815;90.0;8BACAD4E;3BA0D398;0.0;0.34;0.37;0.0;0.03;4.0;6.0;8.0;47.0;0.0;18.0;1488.0;1642;1533.0
2814;90.0;F0DBEFAB;3BA0D398;0.0;0.39;0.43;0.0;0.03;3.0;6.0;1.0;60.0;6061.0;18.0;1488.0;1620;1533.0
2813;90.0;097FD6A1;3BA0D398;0.0;0.32;0.36;0.0;0.02;2.0;6.0;14.0;52.0;6505.0;18.0;1488.0;1628;1533.0
2812;90.0;AD1C9E7B;703CB22C;0.02;0.48;0.5;0.0;0.02;1.0;6.0;6.0;20.0;5991.0;34.0;1486.0;1656;1531.0
2811;90.0;4208219F;E294A4B5;0.0;0.09;0.13;0.0;0.34;4.0;4.0;15.0;31.0;0.0;0.0;1509.0;1652;1549.0
2810;90.0;0AA7F280;E294A4B5;0.0;0.08;0.11;0.0;0.3;2.0;4.0;1.0;59.0;5608.0;0.0;1509.0;1639;1549.0
2809;90.0;BEBE1AC9;E294A4B5;0.0;0.07;0.1;0.0;0.26;1.0;4.0;6.0;19.0;5534.0;0.0;1509.0;1642;1549.0
2808;90.0;7F8DFC93;E294A4B5;0.0;0.06;0.08;0.0;0.22;2.0;5.0;14.0;52.0;6584.0;0.0;1509.0;1630;1549.0
2807;90.0;814C51C1;E294A4B5;0.0;0.08;0.12;0.0;0.33;1.0;5.0;15.0;30.0;7389.0;0.0;1509.0;1641;1549.0
2806;90.0;EA825C53;E9D2B793;0.0;0.4;0.44;0.01;0.09;6.0;6.0;8.0;45.0;4800.0;34.0;1480.0;1634;1520.0
2805;90.0;64071221;E9D2B793;0.0;0.47;0.52;0.01;0.1;5.0;6.0;1.0;58.0;5243.0;34.0;1480.0;1628;1520.0
2804;90.0;86B3F5BD;E9D2B793;0.0;0.34;0.38;0.01;0.07;4.0;6.0;6.0;18.0;5239.0;18.0;1480.0;1621;1520.0
2803;90.0;755BEBF6;E9D2B793;0.0;0.35;0.38;0.01;0.07;3.0;6.0;14.0;51.0;6274.0;18.0;1480.0;1618;1520.0
2802;90.0;7C081BBC;E9D2B793;0.0;0.33;0.36;0.01;0.07;2.0;6.0;15.0;29.0;7077.0;18.0;1480.0;1628;1520.0
2801;90.0;8CF118F5;E9D2B793;0.0;0.3;0.33;0.01;0.07;1.0;6.0;8.0;44.0;4492.0;18.0;1480.0;1638;1520.0
2800;90.0;3786CA7F;F1291CB0;0.02;0.19;0.21;0.01;0.02;3.0;3.0;1.0;57.0;4936.0;55.0;1506.0;1691;1551.0
2799;90.0;42957A42;F1291CB0;0.02;0.2;0.23;0.01;0.02;2.0;3.0;6.0;17.0;4840.0;55.0;1506.0;1683;1551.0
2798;90.0;10E8C614;F1291CB0;0.02;0.23;0.25;0.01;0.02;1.0;3.0;14.0;50.0;5885.0;60.0;1506.0;1690;1551.0
2797;90.0;04C80F56;6657D710;0.01;0.31;0.37;0.0;0.0;5.0;5.0;15.0;28.0;6689.0;18.0;1493.0;1632;1543.0
2796;90.0;6450653B;6657D710;0.01;0.4;0.48;0.0;0.0;4.0;5.0;8.0;43.0;4095.0;18.0;1493.0;1632;1543.0
2795;90.0;D82A4B67;7BF6FBDF;0.01;0.45;0.48;0.0;0.01;3.0;5.0;1.0;56.0;4542.0;34.0;1482.0;1655;1537.0
2794;90.0;A1D32B3B;7BF6FBDF;0.02;0.49;0.52;0.0;0.01;2.0;5.0;6.0;16.0;4526.0;34.0;1482.0;1655;1537.0
2793;90.0;7F9D50B0;7BF6FBDF;0.02;0.55;0.58;0.0;0.01;1.0;5.0;14.0;49.0;5573.0;34.0;1482.0;1660;1537.0
2792;90.0;50853BE9;9C0993CD;0.02;0.39;0.43;0.0;0.01;6.0;6.0;15.0;27.0;6391.0;34.0;1480.0;1643;1530.0
2791;90.0;D4365A86;9C0993CD;0.02;0.53;0.58;0.0;0.02;5.0;6.0;8.0;42.0;3806.0;51.0;1480.0;1650;1530.0
2790;90.0;78FA2B6A;9C0993CD;0.02;0.46;0.5;0.0;0.02;4.0;6.0;1.0;55.0;4257.0;51.0;1480.0;1651;1530.0
2789;90.0;BA254CBC;9C0993CD;0.02;0.35;0.39;0.0;0.01;3.0;6.0;6.0;15.0;4183.0;51.0;1480.0;1648;1530.0
2788;90.0;465F1188;9C0993CD;0.03;0.55;0.6;0.0;0.02;1.0;6.0;15.0;26.0;6100.0;51.0;1480.0;1642;1530.0
2787;90.0;DE2E1932;9C0993CD;0.02;0.42;0.46;0.0;0.01;3.0;8.0;14.0;48.0;5168.0;51.0;1480.0;1645;1530.0
2786;90.0;D8B38D8F;87C78AB7;0.01;0.48;0.55;0.0;0.0;2.0;8.0;8.0;41.0;3461.0;34.0;1480.0;1631;1525.0
2785;90.0;CE2E1F28;12A9E163;0.01;0.44;0.46;0.0;0.02;1.0;8.0;1.0;54.0;3906.0;18.0;1476.0;1636;1521.0
2784;90.0;9A13014D;B44BA138;0.01;0.43;0.46;0.01;0.06;3.0;3.0;6.0;14.0;3897.0;34.0;1482.0;1679;1542.0
2783;90.0;6450653B;B44BA138;0.01;0.44;0.46;0.01;0.06;2.0;3.0;15.0;25.0;5804.0;34.0;1482.0;1657;1542.0
2782;90.0;172CD283;B44BA138;0.01;0.41;0.43;0.01;0.05;1.0;3.0;14.0;47.0;4869.0;39.0;1482.0;1664;1542.0
2781;90.0;86E50702;0A8B5BDF;0.01;0.41;0.43;0.01;0.02;4.0;7.0;1.0;53.0;3602.0;41.0;1481.0;1647;1536.0
2780;90.0;F066AC6A;0A8B5BDF;0.01;0.38;0.4;0.01;0.02;3.0;7.0;8.0;40.0;3031.0;41.0;1481.0;1649;1536.0
2779;90.0;496DC159;0A8B5BDF;0.01;0.33;0.35;0.01;0.02;2.0;7.0;6.0;13.0;3513.0;41.0;1481.0;1649;1536.0
2778;90.0;B22A4B24;0A8B5BDF;0.01;0.4;0.43;0.01;0.02;1.0;7.0;15.0;24.0;5425.0;41.0;1481.0;1667;1536.0
2777;90.0;249E1ECF;59D14704;0.02;0.64;0.7;0.0;0.01;10.0;10.0;14.0;46.0;4494.0;34.0;1487.0;1647;1537.0
2776;90.0;7E07B133;59D14704;0.02;0.51;0.55;0.0;0.01;9.0;10.0;1.0;52.0;3287.0;34.0;1487.0;1646;1537.0
2775;90.0;EFA5D0FE;59D14704;0.02;0.51;0.55;0.0;0.01;8.0;10.0;8.0;39.0;2721.0;34.0;1487.0;1644;1537.0
2774;90.0;7D3D5777;59D14704;0.01;0.43;0.46;0.0;0.01;7.0;10.0;6.0;12.0;3214.0;34.0;1487.0;1642;1537.0
2773;90.0;F83E550E;59D14704;0.01;0.5;0.54;0.0;0.01;6.0;10.0;15.0;23.0;5131.0;34.0;1487.0;1643;1537.0
2772;90.0;7BD0B924;59D14704;0.01;0.48;0.52;0.0;0.01;5.0;10.0;14.0;45.0;4204.0;34.0;1487.0;1644;1537.0
2771;90.0;9B37EAF4;59D14704;0.02;0.65;0.7;0.0;0.01;4.0;10.0;1.0;51.0;2982.0;34.0;1487.0;1642;1537.0
2770;90.0;92BA2F00;59D14704;0.01;0.47;0.5;0.0;0.01;3.0;10.0;8.0;38.0;2424.0;34.0;1487.0;1644;1537.0
2769;90.0;1DDA852D;59D14704;0.01;0.5;0.54;0.0;0.01;2.0;10.0;6.0;11.0;2925.0;34.0;1487.0;1648;1537.0
2768;90.0;B7B3CEC4;59D14704;0.01;0.49;0.53;0.0;0.01;1.0;10.0;15.0;22.0;4814.0;44.0;1487.0;1655;1537.0
2767;90.0;9BE32D26;D90699DC;0.02;0.36;0.39;0.01;0.02;8.0;8.0;14.0;44.0;3869.0;39.0;1495.0;1669;1545.0
2766;90.0;D678B4C7;D90699DC;0.02;0.29;0.32;0.01;0.02;7.0;8.0;1.0;50.0;2651.0;39.0;1495.0;1669;1545.0
2765;90.0;32B455EE;D90699DC;0.02;0.3;0.33;0.01;0.02;6.0;8.0;8.0;37.0;2095.0;39.0;1495.0;1664;1545.0
2764;90.0;C1746364;D90699DC;0.02;0.27;0.3;0.01;0.02;5.0;8.0;6.0;10.0;2598.0;39.0;1495.0;1662;1545.0
2763;90.0;00A115CC;D90699DC;0.02;0.29;0.32;0.01;0.02;4.0;8.0;15.0;21.0;4514.0;39.0;1495.0;1665;1545.0
2762;90.0;41B4BE24;D90699DC;0.02;0.31;0.34;0.01;0.02;3.0;8.0;14.0;43.0;3584.0;39.0;1495.0;1653;1545.0
2761;90.0;AEA134EB;D90699DC;0.02;0.26;0.29;0.01;0.02;2.0;8.0;1.0;49.0;2370.0;39.0;1495.0;1660;1545.0
2760;90.0;5EDA2DDB;D90699DC;0.02;0.25;0.28;0.01;0.02;1.0;8.0;8.0;36.0;1812.0;39.0;1495.0;1671;1545.0
2759;90.0;72757E05;4C9F89E7;0.02;0.14;0.16;0.01;0.02;8.0;8.0;6.0;9.0;2313.0;34.0;1512.0;1670;1557.0
2758;90.0;E7C44672;17D537B5;0.02;0.13;0.15;0.01;0.02;7.0;8.0;15.0;20.0;4223.0;18.0;1509.0;1652;1554.0
2757;90.0;7BD0B924;D927D5F2;0.02;0.14;0.16;0.01;0.02;6.0;8.0;14.0;42.0;3291.0;32.0;1507.0;1664;1551.0
2756;90.0;8E34A173;D927D5F2;0.02;0.16;0.18;0.01;0.02;5.0;8.0;1.0;48.0;2086.0;32.0;1507.0;1659;1551.0
2755;90.0;4B413A83;D927D5F2;0.02;0.19;0.21;0.01;0.02;4.0;8.0;8.0;35.0;1524.0;32.0;1507.0;1658;1551.0
2754;90.0;BBAC792E;D927D5F2;0.02;0.13;0.15;0.01;0.02;3.0;8.0;6.0;8.0;2013.0;32.0;1507.0;1654;1551.0
2753;90.0;3AFF94D6;D927D5F2;0.02;0.17;0.2;0.01;0.02;2.0;8.0;15.0;19.0;3917.0;32.0;1507.0;1656;1551.0
2752;90.0;92845D64;9DBCC3D3;0.03;0.25;0.28;0.0;0.03;1.0;8.0;14.0;41.0;3002.0;39.0;1502.0;1682;1552.0
2751;90.0;A2A7A664;ADF66D45;0.02;0.15;0.17;0.01;0.01;8.0;8.0;1.0;47.0;1758.0;34.0;1507.0;1651;1547.0
2750;90.0;0ED3B47F;22C5A4BE;0.02;0.17;0.2;0.01;0.0;7.0;8.0;8.0;34.0;1198.0;18.0;1511.0;1650;1552.0
2749;90.0;429B5ED9;22C5A4BE;0.02;0.15;0.17;0.01;0.0;6.0;8.0;6.0;7.0;1698.0;18.0;1511.0;1651;1552.0
2748;90.0;6F525853;BFEB6EA0;0.02;0.35;0.4;0.0;0.02;5.0;8.0;14.0;40.0;2748.0;34.0;1483.0;1644;1538.0
2747;90.0;72757E05;BFEB6EA0;0.02;0.37;0.42;0.0;0.02;4.0;8.0;15.0;18.0;3561.0;34.0;1483.0;1642;1538.0
2746;90.0;402C987E;BFEB6EA0;0.02;0.45;0.51;0.0;0.02;3.0;8.0;1.0;46.0;1477.0;34.0;1483.0;1637;1538.0
2745;90.0;3D05250D;BFEB6EA0;0.02;0.33;0.37;0.0;0.02;2.0;8.0;8.0;33.0;917.0;34.0;1483.0;1646;1538.0
2743;90.0;21BC0A95;E25D9AF5;0.02;0.42;0.45;0.0;0.02;5.0;5.0;14.0;39.0;2463.0;34.0;1486.0;1635;1531.0
2742;90.0;246DC97B;67470249;0.01;0.36;0.41;0.0;0.02;4.0;5.0;15.0;17.0;3280.0;34.0;1486.0;1635;1531.0
2741;90.0;B85DA4E8;67470249;0.01;0.43;0.48;0.0;0.02;3.0;5.0;1.0;45.0;1203.0;34.0;1486.0;1634;1531.0
2740;90.0;6DA5AD61;67470249;0.01;0.34;0.39;0.0;0.02;2.0;5.0;8.0;32.0;644.0;34.0;1486.0;1634;1531.0
2739;90.0;1C2ABA38;249A7E68;0.02;0.52;0.56;0.0;0.03;1.0;5.0;6.0;5.0;1141.0;46.0;1484.0;1646;1519.0
2738;90.0;768EA2BC;C21BA30D;0.0;1.07;1.15;0.0;0.0;3.0;3.0;14.0;38.0;2184.0;64.0;1462.0;1620;1497.0
2737;90.0;55728F09;C21BA30D;0.0;0.8;0.86;0.0;0.0;2.0;3.0;15.0;16.0;2991.0;64.0;1462.0;1607;1497.0
2736;90.0;7E3E862D;C21BA30D;0.0;0.83;0.89;0.0;0.0;1.0;3.0;1.0;44.0;897.0;69.0;1462.0;1629;1497.0
2735;90.0;A9E90DD3;71A937D5;0.01;0.33;0.37;0.0;0.02;3.0;3.0;8.0;31.0;319.0;34.0;1487.0;1650;1542.0
2734;90.0;8530919E;71A937D5;0.01;0.4;0.45;0.0;0.02;2.0;3.0;6.0;4.0;822.0;34.0;1487.0;1641;1542.0
2733;90.0;59A2951F;71A937D5;0.02;0.42;0.47;0.0;0.02;1.0;3.0;14.0;37.0;1872.0;34.0;1487.0;1665;1542.0
2732;90.0;6FAD0B42;71A937D5;0.02;0.48;0.54;0.0;0.02;3.0;6.0;15.0;15.0;2643.0;34.0;1487.0;1647;1542.0
2731;90.0;370F9B83;71A937D5;0.01;0.39;0.44;0.0;0.02;2.0;6.0;1.0;43.0;556.0;34.0;1487.0;1647;1542.0
2730;90.0;90843A21;71A937D5;0.02;0.42;0.47;0.0;0.02;1.0;6.0;8.0;30.0;0.0;34.0;1487.0;1680;1542.0
2729;90.0;0E4C68D3;76884E9D;0.0;0.8;0.85;0.01;0.07;5.0;5.0;6.0;3.0;483.0;34.0;1474.0;1617;1509.0
2728;90.0;59313572;1C61F0BD;0.0;0.86;0.93;0.01;0.08;4.0;5.0;14.0;36.0;1519.0;18.0;1474.0;1604;1509.0
2727;90.0;9EC93181;9970B431;0.0;0.45;0.54;0.01;0.1;3.0;5.0;15.0;14.0;2324.0;18.0;1480.0;1611;1520.0
2726;90.0;CDB36E37;9970B431;0.0;0.43;0.52;0.01;0.09;2.0;5.0;1.0;42.0;241.0;34.0;1480.0;1625;1520.0
2725;90.0;017C2CBB;9970B431;0.0;0.44;0.53;0.01;0.09;1.0;5.0;6.0;2.0;238.0;34.0;1480.0;1662;1520.0
2724;90.0;BCF27BAA;7D015357;0.02;0.18;0.2;0.01;0.01;4.0;4.0;14.0;35.0;1276.0;46.0;1506.0;1670;1551.0
2723;90.0;230A36F4;7D015357;0.02;0.19;0.22;0.01;0.01;3.0;4.0;15.0;13.0;2083.0;46.0;1506.0;1657;1551.0
2722;90.0;D0F3CACF;7D015357;0.02;0.15;0.17;0.01;0.01;2.0;4.0;1.0;41.0;0.0;46.0;1506.0;1683;1551.0
2721;90.0;A31A42BF;7D015357;0.02;0.15;0.17;0.01;0.01;1.0;4.0;6.0;1.0;0.0;53.0;1506.0;1707;1551.0
2720;90.0;06B20CFD;4D27ECED;0.03;0.24;0.28;0.01;0.0;4.0;4.0;14.0;34.0;1052.0;34.0;1502.0;1651;1547.0
2719;90.0;5BA49929;C696558F;0.02;0.22;0.24;0.0;0.02;3.0;4.0;5.0;55.0;0.0;34.0;1505.0;1688;1555.0
2718;90.0;08E72091;C696558F;0.02;0.19;0.21;0.0;0.02;2.0;4.0;15.0;12.0;1538.0;34.0;1505.0;1666;1555.0
2717;90.0;F1D6BF31;92B3EDD4;0.02;0.14;0.19;0.01;0.01;1.0;4.0;14.0;34.0;1201.0;46.0;1502.0;1662;1547.0
2716;90.0;A0BA8E3E;9970B431;0.0;0.37;0.45;0.01;0.08;1.0;6.0;1.0;40.0;1240.0;34.0;1480.0;1634;1520.0
2715;180.0;2C424453;9970B431;0.0;0.32;0.39;0.01;0.07;2.0;2.0;15.0;11.0;1235.0;25.0;1480.0;1619;1520.0
2714;180.0;89485240;9970B431;0.0;0.45;0.54;0.01;0.1;1.0;2.0;8.0;29.0;1096.0;25.0;1480.0;1637;1520.0
2713;180.0;C58F150C;F852E2F5;0.0;0.35;0.38;0.01;0.05;2.0;2.0;14.0;33.0;847.0;55.0;1470.0;1635;1515.0
2712;180.0;9E3125CF;F852E2F5;0.01;0.47;0.5;0.02;0.07;1.0;2.0;1.0;39.0;860.0;60.0;1470.0;1650;1515.0
2711;180.0;56930C7A;9970B431;0.0;0.41;0.5;0.01;0.09;4.0;6.0;15.0;10.0;923.0;25.0;1480.0;1613;1520.0
2710;180.0;0DCA2EE1;9970B431;0.0;0.3;0.37;0.01;0.07;3.0;6.0;8.0;28.0;808.0;34.0;1480.0;1621;1520.0
2709;180.0;C5D4BD44;9970B431;0.0;0.33;0.4;0.01;0.07;2.0;6.0;14.0;32.0;568.0;34.0;1480.0;1620;1520.0
2708;180.0;4517DFEF;9970B431;0.0;0.33;0.4;0.01;0.07;1.0;6.0;1.0;38.0;609.0;39.0;1480.0;1634;1520.0
2707;180.0;88E11C8F;CF2602FA;0.0;0.52;0.55;0.0;0.0;2.0;2.0;15.0;9.0;637.0;62.0;1470.0;1648;1515.0
2706;180.0;02A25BE9;CF2602FA;0.0;0.48;0.51;0.0;0.0;1.0;2.0;8.0;27.0;516.0;74.0;1470.0;1660;1515.0
2705;180.0;8C3E496D;53C00FD5;0.01;0.42;0.45;0.0;0.02;4.0;4.0;14.0;31.0;241.0;46.0;1483.0;1630;1523.0
2704;180.0;3E12C196;53C00FD5;0.01;0.42;0.45;0.0;0.02;3.0;4.0;1.0;37.0;282.0;46.0;1483.0;1633;1523.0
2703;180.0;7BB72CED;B5D5B9CA;0.01;0.51;0.57;0.0;0.02;2.0;4.0;15.0;8.0;351.0;46.0;1480.0;1641;1520.0
2702;180.0;47A6C22E;87C78AB7;0.01;0.5;0.58;0.0;0.0;1.0;4.0;8.0;26.0;232.0;46.0;1480.0;1657;1525.0
2701;180.0;2488F24A;398F4446;0.01;0.42;0.45;0.02;0.02;4.0;4.0;14.0;30.0;0.0;51.0;1480.0;1687;1530.0
2700;180.0;E598F43D;46F56B8C;0.01;0.46;0.5;0.01;0.04;3.0;4.0;1.0;36.0;0.0;39.0;1480.0;1658;1525.0
2698;180.0;5386EA7C;46F56B8C;0.01;0.42;0.45;0.01;0.03;2.0;4.0;15.0;7.0;0.0;39.0;1480.0;1652;1525.0
2699;180.0;FC2E9FB6;46F56B8C;0.0;0.33;0.36;0.01;0.03;1.0;4.0;8.0;25.0;0.0;51.0;1480.0;1685;1525.0
2697;180.0;7CFEFB39;46F56B8C;0.0;0.35;0.38;0.01;0.03;3.0;3.0;5.0;54.0;4160.0;39.0;1480.0;1627;1525.0
2696;180.0;DD7EC5E9;46F56B8C;0.0;0.31;0.34;0.01;0.03;2.0;3.0;1.0;35.0;4171.0;39.0;1480.0;1635;1525.0
2695;180.0;C3A4527B;46F56B8C;0.01;0.38;0.41;0.01;0.03;1.0;3.0;14.0;29.0;3932.0;51.0;1480.0;1656;1525.0
2694;180.0;E7C44672;502F0F5B;0.01;0.38;0.4;0.01;0.05;5.0;5.0;8.0;24.0;3901.0;51.0;1470.0;1626;1515.0
2693;180.0;399B6273;502F0F5B;0.01;0.38;0.4;0.01;0.05;4.0;5.0;15.0;6.0;1375.0;51.0;1470.0;1620;1515.0
2692;180.0;5C761192;502F0F5B;0.01;0.54;0.57;0.02;0.07;3.0;5.0;5.0;53.0;3860.0;46.0;1470.0;1627;1515.0
2691;180.0;BA254CBC;502F0F5B;0.0;0.35;0.38;0.01;0.05;2.0;5.0;1.0;34.0;3857.0;46.0;1470.0;1626;1515.0
2690;180.0;E83C6955;502F0F5B;0.01;0.52;0.56;0.02;0.07;1.0;5.0;14.0;28.0;3636.0;51.0;1470.0;1647;1515.0
2689;180.0;38ED9BEF;76E5EEFF;0.03;0.23;0.26;0.01;0.01;7.0;7.0;8.0;23.0;3613.0;55.0;1504.0;1670;1549.0
2688;180.0;35EEF3C0;76E5EEFF;0.03;0.25;0.29;0.01;0.01;6.0;7.0;15.0;5.0;1093.0;46.0;1504.0;1663;1549.0
2687;180.0;A43C3427;07025389;0.02;0.3;0.33;0.01;0.02;5.0;7.0;5.0;52.0;3580.0;46.0;1497.0;1667;1537.0
2686;180.0;9D590BE7;07025389;0.02;0.27;0.29;0.01;0.01;4.0;7.0;1.0;33.0;3596.0;46.0;1497.0;1666;1537.0
2685;180.0;1C450CFA;07025389;0.02;0.36;0.4;0.01;0.02;3.0;7.0;14.0;27.0;3380.0;46.0;1497.0;1666;1537.0
2684;180.0;E3F439B4;07025389;0.02;0.3;0.33;0.01;0.02;2.0;7.0;8.0;22.0;3344.0;46.0;1497.0;1663;1537.0
2683;180.0;ED67C907;07025389;0.02;0.33;0.37;0.01;0.02;1.0;7.0;15.0;4.0;824.0;51.0;1497.0;1673;1537.0
2682;180.0;A8ADE61C;392BEDA4;0.02;0.22;0.24;0.01;0.02;7.0;7.0;5.0;51.0;3314.0;46.0;1504.0;1660;1544.0
2681;180.0;A89457D0;163D1351;0.02;0.23;0.26;0.0;0.02;6.0;7.0;1.0;32.0;3319.0;46.0;1503.0;1668;1548.0
2680;180.0;7009DADE;163D1351;0.02;0.24;0.26;0.0;0.02;5.0;7.0;14.0;26.0;3101.0;46.0;1503.0;1669;1548.0
2679;180.0;E3F439B4;163D1351;0.02;0.23;0.25;0.0;0.02;4.0;7.0;8.0;21.0;3072.0;46.0;1503.0;1664;1548.0
2678;180.0;B8DD794F;163D1351;0.02;0.24;0.26;0.0;0.02;3.0;7.0;15.0;3.0;557.0;46.0;1503.0;1674;1548.0
2677;180.0;7D0C3A74;6E5EEB11;0.01;0.17;0.19;0.0;0.02;2.0;7.0;5.0;50.0;3043.0;46.0;1503.0;1661;1543.0
2676;180.0;0855C983;A201F563;0.01;0.18;0.2;0.01;0.0;1.0;7.0;1.0;31.0;3050.0;51.0;1504.0;1671;1544.0
2675;180.0;519692ED;96956A01;0.03;0.23;0.25;0.01;0.03;6.0;6.0;14.0;25.0;2832.0;46.0;1500.0;1658;1540.0
2674;180.0;100418DD;C25E798C;0.02;0.18;0.2;0.01;0.0;5.0;6.0;8.0;20.0;2810.0;46.0;1496.0;1646;1536.0
2673;180.0;3678BFFE;8C409667;0.02;0.18;0.21;0.01;0.0;4.0;6.0;15.0;2.0;294.0;41.0;1504.0;1662;1539.0
2672;180.0;1E89A926;8C409667;0.02;0.22;0.25;0.01;0.0;3.0;6.0;5.0;49.0;2779.0;46.0;1504.0;1652;1539.0
2671;180.0;6DEE7954;8C409667;0.02;0.17;0.19;0.01;0.0;2.0;6.0;1.0;30.0;2787.0;46.0;1504.0;1662;1539.0
2670;180.0;E2B1682E;8C409667;0.02;0.2;0.23;0.01;0.0;1.0;6.0;14.0;24.0;2574.0;46.0;1504.0;1665;1539.0
2669;180.0;7F8E7C0B;140FBCCD;0.0;0.2;0.24;0.0;0.0;2.0;2.0;8.0;19.0;2547.0;46.0;1494.0;1642;1534.0
2668;180.0;68B7B649;140FBCCD;0.01;0.23;0.27;0.0;0.0;1.0;2.0;15.0;1.0;0.0;46.0;1494.0;1702;1534.0
2667;180.0;85725B11;DD4524C7;0.02;0.57;0.6;0.01;0.0;6.0;6.0;5.0;48.0;2477.0;46.0;1480.0;1628;1515.0
2666;180.0;7CD34D37;DD4524C7;0.02;0.5;0.52;0.01;0.0;5.0;6.0;1.0;29.0;2458.0;46.0;1480.0;1626;1515.0
2665;180.0;D000FCEC;5C6E672A;0.02;0.47;0.51;0.01;0.02;4.0;6.0;14.0;23.0;2229.0;46.0;1483.0;1630;1518.0
2664;180.0;4BCA33B9;5C6E672A;0.02;0.54;0.57;0.01;0.02;3.0;6.0;8.0;18.0;2207.0;46.0;1483.0;1625;1518.0
2663;180.0;37D29B2F;B4CD6E45;0.0;0.58;0.61;0.0;0.02;2.0;6.0;5.0;47.0;2193.0;46.0;1475.0;1616;1510.0
2662;180.0;74CB7160;B4CD6E45;0.0;0.85;0.88;0.0;0.02;1.0;6.0;1.0;28.0;2180.0;55.0;1475.0;1648;1510.0
2661;180.0;35AA0819;76884E9D;0.0;0.77;0.81;0.01;0.07;5.0;5.0;14.0;22.0;1957.0;46.0;1474.0;1618;1509.0
2660;180.0;176F48C3;76884E9D;0.0;0.77;0.82;0.01;0.07;4.0;5.0;8.0;17.0;1941.0;46.0;1474.0;1630;1509.0
2659;180.0;21F2A70F;76884E9D;0.0;0.77;0.82;0.01;0.07;3.0;5.0;5.0;46.0;1926.0;46.0;1474.0;1627;1509.0
2658;180.0;BEC9B856;22ADB3F3;0.0;0.89;0.93;0.01;0.07;2.0;5.0;1.0;27.0;1931.0;46.0;1476.0;1618;1501.0
2657;180.0;67B70BF4;22ADB3F3;0.0;0.56;0.58;0.01;0.04;1.0;5.0;14.0;21.0;1707.0;46.0;1476.0;1624;1501.0
2656;180.0;2A85A77F;703CB22C;0.02;0.55;0.57;0.0;0.02;3.0;3.0;8.0;16.0;1695.0;46.0;1486.0;1663;1536.0
2655;180.0;2E12F21A;703CB22C;0.02;0.65;0.67;0.0;0.02;1.0;2.0;4.0;60.0;886.0;46.0;1486.0;1662;1536.0
2654;180.0;FABCD3E1;703CB22C;0.03;0.67;0.69;0.0;0.03;3.0;4.0;5.0;45.0;1553.0;46.0;1486.0;1654;1536.0
2652;180.0;A491EA4F;703CB22C;0.02;0.45;0.46;0.0;0.02;1.0;4.0;14.0;20.0;1331.0;46.0;1486.0;1665;1536.0
2651;180.0;0C433220;7E7D0B4D;0.01;0.43;0.45;0.01;0.0;8.0;8.0;8.0;15.0;1331.0;51.0;1480.0;1643;1525.0
2650;180.0;753EFEE3;CE732BD3;0.01;0.32;0.34;0.0;0.01;7.0;8.0;4.0;59.0;587.0;46.0;1490.0;1645;1535.0
2649;180.0;FC3AD815;5E203A14;0.01;0.48;0.5;0.0;0.01;6.0;8.0;5.0;44.0;1261.0;46.0;1486.0;1638;1526.0
2648;180.0;9D369DD4;5E203A14;0.0;0.35;0.37;0.0;0.01;5.0;8.0;1.0;25.0;1272.0;46.0;1486.0;1639;1526.0
2647;180.0;07D5AAAD;9C5F9BFA;0.01;0.3;0.33;0.0;0.01;4.0;8.0;14.0;19.0;1052.0;46.0;1490.0;1653;1535.0
2646;180.0;C5F5E57B;9C5F9BFA;0.01;0.31;0.34;0.0;0.01;3.0;8.0;8.0;14.0;1053.0;46.0;1490.0;1648;1535.0
2645;180.0;051A6EF0;9C5F9BFA;0.01;0.31;0.34;0.0;0.01;2.0;8.0;4.0;58.0;315.0;46.0;1490.0;1649;1535.0
2644;180.0;B5BF314A;9C5F9BFA;0.01;0.41;0.45;0.0;0.02;1.0;8.0;5.0;43.0;969.0;51.0;1490.0;1668;1535.0
2643;180.0;1D644D5A;6C955C02;0.01;0.4;0.44;0.0;0.0;4.0;4.0;1.0;24.0;980.0;51.0;1483.0;1643;1528.0
2642;180.0;1822E81E;6C955C02;0.02;0.54;0.59;0.0;0.0;3.0;4.0;14.0;18.0;753.0;51.0;1483.0;1644;1528.0
2641;180.0;83925B5A;6C955C02;0.01;0.37;0.4;0.0;0.0;2.0;4.0;8.0;13.0;735.0;51.0;1483.0;1640;1528.0
2640;180.0;78D4E1E8;6C955C02;0.01;0.38;0.42;0.0;0.0;1.0;4.0;4.0;57.0;0.0;55.0;1483.0;1693;1528.0
2639;180.0;0E038D6D;F852E2F5;0.01;0.51;0.54;0.02;0.07;7.0;7.0;5.0;42.0;684.0;51.0;1470.0;1636;1515.0
2638;180.0;A3B878E8;F852E2F5;0.01;0.39;0.41;0.01;0.05;6.0;7.0;1.0;23.0;692.0;51.0;1470.0;1636;1515.0
2637;180.0;05B459DC;F852E2F5;0.01;0.53;0.57;0.02;0.07;5.0;7.0;14.0;17.0;459.0;51.0;1470.0;1633;1515.0
2636;180.0;1D921387;F852E2F5;0.01;0.44;0.47;0.02;0.06;4.0;7.0;8.0;12.0;455.0;51.0;1470.0;1626;1515.0
2635;180.0;5029FE01;F852E2F5;0.01;0.52;0.56;0.02;0.07;3.0;7.0;5.0;41.0;445.0;55.0;1470.0;1635;1515.0
2634;180.0;3029CC37;F852E2F5;0.01;0.38;0.41;0.01;0.05;2.0;7.0;1.0;22.0;448.0;51.0;1470.0;1635;1515.0
2633;180.0;7E75BDDC;F852E2F5;0.01;0.46;0.49;0.02;0.06;1.0;7.0;14.0;16.0;226.0;57.0;1470.0;1658;1515.0
2632;180.0;1053CFF7;F852E2F5;0.0;0.36;0.38;0.01;0.05;7.0;7.0;8.0;11.0;226.0;51.0;1470.0;1640;1515.0
2631;180.0;59A2951F;F852E2F5;0.01;0.45;0.48;0.02;0.06;6.0;7.0;5.0;40.0;222.0;51.0;1470.0;1634;1515.0
2630;180.0;ED6EC0F4;F852E2F5;0.01;0.4;0.43;0.01;0.06;5.0;7.0;1.0;21.0;232.0;51.0;1470.0;1635;1515.0
2629;180.0;5AF5C25E;F852E2F5;0.01;0.36;0.39;0.01;0.05;4.0;7.0;14.0;15.0;0.0;51.0;1470.0;1660;1515.0
2628;180.0;559F6E93;F852E2F5;0.01;0.37;0.4;0.01;0.05;3.0;7.0;8.0;10.0;0.0;51.0;1470.0;1661;1515.0
2627;180.0;310A7D84;F852E2F5;0.01;0.54;0.58;0.02;0.08;2.0;7.0;5.0;39.0;0.0;51.0;1470.0;1656;1515.0
2626;180.0;D8CF4294;F852E2F5;0.01;0.48;0.51;0.02;0.07;1.0;7.0;1.0;20.0;0.0;55.0;1470.0;1679;1515.0
2625;180.0;7C9DEF6B;CC996FCB;0.02;0.16;0.18;0.0;0.0;5.0;5.0;14.0;14.0;2274.0;48.0;1510.0;1662;1550.0
2624;180.0;87742F2F;84F339B7;0.01;0.34;0.38;0.0;0.02;4.0;5.0;8.0;9.0;2292.0;46.0;1496.0;1661;1541.0
2623;180.0;3177EB15;3BA0D398;0.0;0.49;0.54;0.0;0.04;3.0;5.0;5.0;38.0;2328.0;46.0;1488.0;1646;1528.0
2622;180.0;E87C99BE;3BA0D398;0.0;0.37;0.4;0.0;0.03;2.0;5.0;4.0;56.0;9946.0;46.0;1488.0;1640;1528.0
2621;180.0;D35D943C;3BA0D398;0.0;0.46;0.51;0.0;0.04;1.0;5.0;1.0;19.0;5394.0;46.0;1488.0;1656;1528.0
2620;180.0;B675C058;263123F2;0.01;0.52;0.55;0.0;0.02;7.0;7.0;14.0;13.0;1996.0;46.0;1480.0;1644;1525.0
2619;180.0;329B06F3;B5D5B9CA;0.01;0.55;0.61;0.0;0.02;6.0;7.0;8.0;8.0;2001.0;39.0;1480.0;1621;1520.0
2618;180.0;32A0ECDD;87C78AB7;0.01;0.46;0.53;0.0;0.0;5.0;7.0;5.0;37.0;2034.0;32.0;1480.0;1614;1525.0
2617;180.0;4949394B;87C78AB7;0.01;0.54;0.62;0.0;0.0;4.0;7.0;4.0;55.0;9673.0;32.0;1480.0;1633;1525.0
2616;180.0;F6BFE4C9;87C78AB7;0.0;0.39;0.46;0.0;0.0;3.0;7.0;1.0;18.0;5116.0;32.0;1480.0;1633;1525.0
2615;180.0;DF484954;87C78AB7;0.01;0.5;0.58;0.0;0.0;2.0;7.0;14.0;12.0;1720.0;32.0;1480.0;1636;1525.0
2614;180.0;5CABE708;7BF6FBDF;0.01;0.38;0.4;0.0;0.01;1.0;7.0;8.0;7.0;1724.0;46.0;1480.0;1660;1525.0
2613;180.0;32E9F01D;F852E2F5;0.01;0.51;0.55;0.02;0.07;7.0;7.0;5.0;36.0;1762.0;51.0;1470.0;1646;1515.0
2612;180.0;1A110862;F852E2F5;0.01;0.48;0.51;0.02;0.07;6.0;7.0;4.0;54.0;9401.0;51.0;1470.0;1635;1515.0
2611;180.0;113BBDA6;F852E2F5;0.0;0.35;0.38;0.01;0.05;5.0;7.0;1.0;17.0;4854.0;51.0;1470.0;1635;1515.0
2610;180.0;31B80180;F852E2F5;0.01;0.42;0.45;0.01;0.06;4.0;7.0;14.0;11.0;1455.0;51.0;1470.0;1635;1515.0
2609;180.0;00C7181A;F852E2F5;0.01;0.42;0.45;0.01;0.06;3.0;7.0;8.0;6.0;1468.0;51.0;1470.0;1632;1515.0
2608;180.0;5A6861BC;F852E2F5;0.01;0.39;0.41;0.01;0.05;2.0;7.0;5.0;35.0;1500.0;51.0;1470.0;1622;1515.0
2607;180.0;EBB94AE3;F852E2F5;0.01;0.54;0.58;0.02;0.08;1.0;7.0;4.0;53.0;9134.0;55.0;1470.0;1639;1515.0
2606;180.0;27B3C420;F852E2F5;0.01;0.52;0.56;0.02;0.07;7.0;7.0;1.0;16.0;4579.0;51.0;1470.0;1628;1515.0
2605;180.0;DC5E7810;F852E2F5;0.01;0.45;0.48;0.02;0.06;6.0;7.0;14.0;10.0;1173.0;51.0;1470.0;1625;1515.0
2604;180.0;5FC0C7F5;F852E2F5;0.01;0.55;0.58;0.02;0.08;5.0;7.0;8.0;5.0;1186.0;51.0;1470.0;1626;1515.0
2603;180.0;2AD95B5A;F852E2F5;0.01;0.44;0.47;0.02;0.06;4.0;7.0;5.0;34.0;1213.0;51.0;1470.0;1628;1515.0
2602;180.0;C077DA79;F852E2F5;0.01;0.54;0.58;0.02;0.08;3.0;7.0;4.0;52.0;8844.0;51.0;1470.0;1624;1515.0
2601;180.0;7DCE2537;F852E2F5;0.01;0.44;0.47;0.02;0.06;2.0;7.0;1.0;15.0;4290.0;51.0;1470.0;1620;1515.0
2600;180.0;B3377889;F852E2F5;0.01;0.48;0.51;0.02;0.07;1.0;7.0;14.0;9.0;891.0;55.0;1470.0;1655;1515.0
2599;180.0;69BE1433;4AC24E4B;0.02;0.2;0.23;0.01;0.01;6.0;6.0;8.0;4.0;894.0;51.0;1501.0;1672;1546.0
2598;180.0;D5168BF1;4AC24E4B;0.02;0.18;0.21;0.01;0.01;5.0;6.0;5.0;33.0;930.0;51.0;1501.0;1667;1546.0
2597;180.0;C4137210;4AC24E4B;0.02;0.24;0.27;0.01;0.02;4.0;6.0;4.0;51.0;8565.0;51.0;1501.0;1670;1546.0
2596;180.0;29B1E6F6;93142261;0.02;0.25;0.28;0.01;0.02;3.0;6.0;1.0;14.0;4006.0;46.0;1501.0;1655;1536.0
2595;180.0;556AC8FA;93142261;0.02;0.21;0.24;0.01;0.01;2.0;6.0;14.0;8.0;606.0;46.0;1501.0;1650;1536.0
2594;180.0;1F8EFC41;423E5208;0.02;0.25;0.27;0.01;0.01;1.0;6.0;8.0;3.0;607.0;46.0;1501.0;1684;1546.0
2593;180.0;D650049D;A7996D9D;0.02;0.21;0.23;0.01;0.02;3.0;3.0;5.0;32.0;641.0;46.0;1505.0;1666;1550.0
2592;180.0;BF919951;04751D20;0.03;0.27;0.3;0.01;0.03;2.0;3.0;4.0;50.0;8245.0;46.0;1506.0;1668;1551.0
2591;180.0;D22B5C97;04751D20;0.02;0.26;0.28;0.01;0.02;1.0;3.0;1.0;13.0;3694.0;53.0;1506.0;1677;1551.0
2590;180.0;07B1DEFA;E1C94594;0.02;0.34;0.37;0.0;0.0;8.0;8.0;14.0;7.0;292.0;46.0;1494.0;1655;1534.0
2589;180.0;0F7546AC;67470249;0.01;0.42;0.47;0.0;0.02;7.0;8.0;8.0;2.0;309.0;51.0;1486.0;1657;1526.0
2588;180.0;3DA7A878;67470249;0.01;0.49;0.55;0.0;0.03;6.0;8.0;5.0;31.0;341.0;51.0;1486.0;1638;1526.0
2587;180.0;22EFD013;67470249;0.01;0.44;0.5;0.0;0.02;5.0;8.0;4.0;49.0;7952.0;51.0;1486.0;1651;1526.0
2586;180.0;895BF207;249A7E68;0.02;0.42;0.45;0.0;0.02;4.0;8.0;1.0;12.0;3404.0;46.0;1484.0;1634;1519.0
2585;180.0;93FCC707;E25D9AF5;0.02;0.42;0.45;0.0;0.02;3.0;8.0;14.0;6.0;0.0;46.0;1486.0;1672;1531.0
2584;180.0;8259F38C;2BA96869;0.01;0.38;0.41;0.0;0.02;2.0;8.0;8.0;1.0;0.0;46.0;1486.0;1676;1526.0
2583;180.0;9B076395;2BA96869;0.01;0.52;0.56;0.0;0.03;1.0;8.0;5.0;30.0;0.0;51.0;1486.0;1684;1526.0
2582;180.0;E8B2672E;71A937D5;0.02;0.47;0.53;0.0;0.02;2.0;2.0;4.0;48.0;7586.0;51.0;1487.0;1663;1532.0
2581;180.0;0FB549BB;71A937D5;0.02;0.46;0.52;0.0;0.02;1.0;2.0;1.0;11.0;2877.0;51.0;1487.0;1667;1532.0
2580;180.0;FA920867;D927D5F2;0.02;0.13;0.15;0.01;0.02;4.0;6.0;3.0;67.0;832.0;46.0;1507.0;1679;1552.0
2579;180.0;2F8E7E59;D927D5F2;0.02;0.16;0.18;0.01;0.02;3.0;6.0;14.0;5.0;1127.0;46.0;1507.0;1669;1552.0
2578;180.0;FA920867;D927D5F2;0.02;0.13;0.15;0.01;0.02;2.0;6.0;5.0;29.0;2468.0;46.0;1507.0;1670;1552.0
2577;180.0;15397C27;D927D5F2;0.02;0.15;0.17;0.01;0.02;1.0;6.0;4.0;47.0;7153.0;46.0;1507.0;1692;1552.0
2576;180.0;23E9C473;60B76B26;0.02;0.21;0.24;0.01;0.02;4.0;4.0;1.0;10.0;2595.0;46.0;1504.0;1671;1544.0
2575;180.0;513E9015;60B76B26;0.02;0.16;0.19;0.01;0.02;3.0;4.0;3.0;66.0;557.0;46.0;1504.0;1661;1544.0
2574;180.0;D6F8C99A;60B76B26;0.02;0.19;0.22;0.01;0.02;2.0;4.0;14.0;4.0;864.0;46.0;1504.0;1667;1544.0
2573;180.0;4CF3F626;92B3EDD4;0.02;0.15;0.2;0.01;0.01;1.0;4.0;5.0;28.0;2206.0;55.0;1502.0;1670;1537.0
2572;180.0;B582468E;E1B28665;0.01;0.43;0.47;0.0;0.01;8.0;8.0;4.0;46.0;6887.0;46.0;1492.0;1671;1547.0
2571;180.0;C54E125D;E1B28665;0.01;0.41;0.45;0.0;0.01;7.0;8.0;1.0;9.0;2335.0;46.0;1492.0;1670;1547.0
2570;180.0;5551D51D;E1B28665;0.0;0.36;0.39;0.0;0.01;6.0;8.0;3.0;65.0;286.0;46.0;1492.0;1673;1547.0
2569;180.0;F2CADB2E;E1B28665;0.0;0.29;0.31;0.0;0.01;5.0;8.0;14.0;3.0;589.0;46.0;1492.0;1677;1547.0
2568;180.0;C5F5E57B;E1B28665;0.0;0.35;0.38;0.0;0.01;4.0;8.0;5.0;27.0;1924.0;46.0;1492.0;1674;1547.0
2567;180.0;6AB486A4;E1B28665;0.01;0.38;0.41;0.0;0.01;3.0;8.0;4.0;45.0;6600.0;46.0;1492.0;1674;1547.0
2566;180.0;D2F3E0D4;E1B28665;0.01;0.37;0.4;0.0;0.01;2.0;8.0;1.0;8.0;2047.0;46.0;1492.0;1671;1547.0
2565;180.0;D48689C4;E1B28665;0.0;0.31;0.34;0.0;0.01;1.0;8.0;3.0;64.0;0.0;57.0;1492.0;1692;1547.0
2564;180.0;92DC65D4;D22BFB79;0.01;0.29;0.32;0.01;0.04;6.0;6.0;14.0;2.0;296.0;46.0;1480.0;1662;1540.0
2563;180.0;2CF9F044;D22BFB79;0.01;0.32;0.36;0.01;0.04;5.0;6.0;5.0;26.0;1629.0;46.0;1480.0;1662;1540.0
2562;180.0;808E1C7E;D22BFB79;0.01;0.38;0.42;0.01;0.05;4.0;6.0;4.0;44.0;6304.0;46.0;1480.0;1652;1540.0
2561;180.0;60DE7B3B;D22BFB79;0.01;0.29;0.33;0.01;0.04;3.0;6.0;1.0;7.0;1750.0;46.0;1480.0;1657;1540.0
2560;180.0;F2DF2FD9;D22BFB79;0.01;0.41;0.45;0.01;0.06;2.0;6.0;6.0;52.0;0.0;46.0;1480.0;1663;1540.0
2559;180.0;C651488B;99C55861;0.01;0.31;0.36;0.01;0.01;1.0;6.0;14.0;1.0;0.0;46.0;1491.0;1688;1526.0
2558;180.0;55C13128;1EF55151;0.0;0.31;0.37;0.0;0.07;7.0;7.0;5.0;25.0;1332.0;34.0;1480.0;1637;1520.0
2557;180.0;E0679E6E;9970B431;0.0;0.45;0.55;0.01;0.1;6.0;7.0;4.0;43.0;6008.0;34.0;1480.0;1620;1520.0
2556;180.0;59B15FD6;9970B431;0.0;0.31;0.38;0.01;0.07;5.0;7.0;3.0;63.0;7010.0;34.0;1480.0;1622;1520.0
2555;180.0;CF529D7D;5871DF5A;0.01;0.29;0.32;0.01;0.03;4.0;7.0;1.0;6.0;1384.0;46.0;1486.0;1648;1536.0
2554;180.0;800C96A4;00FFEE90;0.01;0.34;0.37;0.01;0.02;3.0;7.0;5.0;24.0;1088.0;51.0;1489.0;1650;1534.0
2553;180.0;63E536F9;00FFEE90;0.01;0.29;0.32;0.01;0.02;2.0;7.0;4.0;42.0;5754.0;51.0;1489.0;1646;1534.0
2552;180.0;997B1733;00FFEE90;0.01;0.27;0.3;0.01;0.02;1.0;7.0;3.0;62.0;6759.0;51.0;1489.0;1668;1534.0
2551;180.0;63078C40;9C5F9BFA;0.01;0.28;0.31;0.0;0.01;7.0;7.0;1.0;5.0;1139.0;46.0;1490.0;1656;1535.0
2550;180.0;75495E75;9C5F9BFA;0.01;0.4;0.44;0.0;0.02;6.0;7.0;5.0;23.0;848.0;46.0;1490.0;1642;1535.0
2549;180.0;2CE6F83D;9C5F9BFA;0.01;0.4;0.44;0.0;0.02;5.0;7.0;4.0;41.0;5526.0;46.0;1490.0;1655;1535.0
2548;180.0;A258C1D5;9C5F9BFA;0.01;0.26;0.29;0.0;0.01;4.0;7.0;3.0;61.0;6537.0;46.0;1490.0;1642;1535.0
2547;180.0;D237DD82;9C5F9BFA;0.01;0.38;0.41;0.0;0.02;3.0;7.0;1.0;4.0;913.0;46.0;1490.0;1657;1535.0
2546;180.0;A84C68E6;9C5F9BFA;0.01;0.38;0.42;0.0;0.02;2.0;7.0;5.0;22.0;619.0;41.0;1490.0;1641;1535.0
2545;180.0;0F82DAC0;9C5F9BFA;0.01;0.37;0.4;0.0;0.02;1.0;7.0;4.0;40.0;5304.0;51.0;1490.0;1665;1535.0
2544;180.0;F55C6E5A;56FFE5DC;0.02;0.17;0.19;0.01;0.01;4.0;4.0;3.0;60.0;6319.0;39.0;1507.0;1653;1532.0
2543;180.0;268BBAE5;56FFE5DC;0.02;0.18;0.21;0.01;0.01;3.0;4.0;6.0;51.0;6323.0;39.0;1507.0;1646;1532.0
2542;180.0;252E6D94;56FFE5DC;0.02;0.16;0.18;0.01;0.01;2.0;4.0;1.0;3.0;645.0;39.0;1507.0;1654;1532.0
2541;180.0;CC2C0734;56FFE5DC;0.02;0.19;0.21;0.01;0.01;1.0;4.0;5.0;21.0;345.0;55.0;1507.0;1678;1532.0
2540;180.0;525A5974;E154DB61;0.0;0.81;0.91;0.0;0.0;9.0;9.0;4.0;39.0;5007.0;64.0;1465.0;1615;1490.0
2539;180.0;9049A8FA;E154DB61;0.0;0.76;0.85;0.0;0.0;8.0;9.0;3.0;59.0;6007.0;64.0;1465.0;1610;1490.0
2538;180.0;7965FC99;E154DB61;0.0;1.07;1.2;0.0;0.0;7.0;9.0;6.0;50.0;5993.0;64.0;1465.0;1606;1490.0
2537;180.0;77CA4D50;E154DB61;0.0;0.89;0.99;0.0;0.0;6.0;9.0;1.0;2.0;310.0;64.0;1465.0;1623;1490.0
2536;180.0;D6F8C99A;E154DB61;0.0;0.9;1.0;0.0;0.0;5.0;9.0;5.0;20.0;0.0;64.0;1465.0;1628;1490.0
2535;180.0;80C12DFE;E154DB61;0.0;0.93;1.04;0.0;0.0;4.0;9.0;4.0;38.0;4666.0;64.0;1465.0;1614;1490.0
2534;180.0;C02F1752;E154DB61;0.0;0.97;1.08;0.0;0.0;3.0;9.0;3.0;58.0;5669.0;64.0;1465.0;1605;1490.0
2533;180.0;35AA0819;E154DB61;0.0;0.95;1.06;0.0;0.0;2.0;9.0;6.0;49.0;5666.0;64.0;1465.0;1609;1490.0
2532;180.0;5CBC7394;E154DB61;0.0;1.02;1.14;0.0;0.0;1.0;9.0;1.0;1.0;0.0;69.0;1465.0;1648;1490.0
2531;180.0;840F518F;56FFE5DC;0.02;0.19;0.21;0.01;0.01;4.0;4.0;15.0;64.0;5454.0;39.0;1507.0;1649;1532.0
2530;180.0;57042712;56FFE5DC;0.02;0.13;0.15;0.01;0.01;3.0;4.0;4.0;37.0;4393.0;39.0;1507.0;1640;1532.0
2529;180.0;DD7F1140;56FFE5DC;0.02;0.17;0.19;0.01;0.01;2.0;4.0;3.0;57.0;5391.0;39.0;1507.0;1642;1532.0
2528;180.0;E0C15374;56FFE5DC;0.02;0.13;0.15;0.01;0.01;1.0;4.0;6.0;48.0;5370.0;55.0;1507.0;1673;1532.0
2527;180.0;C17F2DB0;E154DB61;0.0;0.91;1.02;0.0;0.0;8.0;8.0;5.0;19.0;5372.0;64.0;1465.0;1607;1490.0
2526;180.0;7EBD4845;E154DB61;0.0;0.79;0.89;0.0;0.0;7.0;8.0;15.0;63.0;5147.0;64.0;1465.0;1604;1490.0
2525;180.0;100EAC85;E154DB61;0.0;1.02;1.13;0.0;0.0;6.0;8.0;4.0;36.0;4050.0;64.0;1465.0;1604;1490.0
2524;180.0;7CD34D37;E154DB61;0.0;0.91;1.02;0.0;0.0;5.0;8.0;6.0;47.0;5103.0;64.0;1465.0;1615;1490.0
2523;180.0;69616F3F;E154DB61;0.0;0.96;1.07;0.0;0.0;4.0;8.0;3.0;56.0;4984.0;64.0;1465.0;1604;1490.0
2522;180.0;84FAAF59;E154DB61;0.0;0.9;1.0;0.0;0.0;3.0;8.0;5.0;18.0;5026.0;64.0;1465.0;1605;1490.0
2521;180.0;E188567F;E154DB61;0.0;0.88;0.98;0.0;0.0;2.0;8.0;15.0;62.0;4788.0;64.0;1465.0;1609;1490.0
2520;180.0;2F4091B6;E154DB61;0.0;0.87;0.97;0.0;0.0;1.0;8.0;4.0;35.0;3730.0;69.0;1465.0;1625;1490.0
2519;180.0;44B812FD;56FFE5DC;0.03;0.2;0.23;0.02;0.01;4.0;4.0;6.0;46.0;4798.0;39.0;1507.0;1650;1532.0
2518;180.0;16E8B637;56FFE5DC;0.02;0.14;0.16;0.01;0.01;3.0;4.0;3.0;55.0;4693.0;39.0;1507.0;1646;1532.0
2517;180.0;E7061F9A;56FFE5DC;0.02;0.18;0.21;0.01;0.01;2.0;4.0;5.0;17.0;4749.0;39.0;1507.0;1644;1532.0
2516;180.0;53237157;56FFE5DC;0.02;0.18;0.2;0.01;0.01;1.0;4.0;15.0;61.0;4528.0;55.0;1507.0;1678;1532.0
2515;180.0;411A8711;0731C1FB;0.0;0.85;0.91;0.01;0.0;5.0;5.0;4.0;34.0;3459.0;62.0;1462.0;1613;1488.0
2514;180.0;3E28CC9A;0731C1FB;0.0;1.02;1.1;0.01;0.0;4.0;5.0;6.0;45.0;4515.0;62.0;1462.0;1610;1488.0
2513;180.0;3C6793B2;0731C1FB;0.0;1.08;1.16;0.01;0.0;3.0;5.0;3.0;54.0;4390.0;62.0;1462.0;1607;1488.0
2512;180.0;7535BCDC;0731C1FB;0.0;1.04;1.12;0.01;0.0;2.0;5.0;5.0;16.0;4439.0;62.0;1462.0;1606;1488.0
2511;180.0;DB1C7B6F;0EADFE3F;0.0;0.95;0.99;0.0;0.0;1.0;5.0;15.0;60.0;4203.0;69.0;1463.0;1627;1489.0
2510;180.0;6E41F577;0B13406F;0.01;0.56;0.6;0.0;0.0;4.0;4.0;4.0;33.0;3129.0;39.0;1480.0;1645;1520.0
2509;180.0;1B7414F1;0B13406F;0.02;0.63;0.67;0.0;0.0;3.0;4.0;6.0;44.0;4182.0;39.0;1480.0;1638;1520.0
2508;180.0;5DABEEE2;0B13406F;0.01;0.56;0.6;0.0;0.0;2.0;4.0;3.0;53.0;4058.0;39.0;1480.0;1632;1520.0
2507;180.0;4C9D6C63;EB045A99;0.02;0.38;0.42;0.0;0.02;1.0;4.0;5.0;15.0;4108.0;46.0;1489.0;1662;1534.0
2506;90.0;0ADE8E5B;C1DBC95B;0.01;0.3;0.34;0.01;0.02;3.0;3.0;15.0;59.0;3813.0;34.0;1491.0;1645;1536.0
2505;90.0;39D823B8;C1DBC95B;0.01;0.36;0.4;0.01;0.02;2.0;3.0;4.0;32.0;2747.0;18.0;1491.0;1625;1536.0
2504;90.0;CFC27437;C1DBC95B;0.01;0.25;0.28;0.01;0.02;1.0;3.0;6.0;43.0;3812.0;18.0;1491.0;1651;1536.0
2503;90.0;8BC902B6;76E5EEFF;0.02;0.18;0.2;0.01;0.01;4.0;4.0;3.0;52.0;3695.0;34.0;1504.0;1657;1549.0
2502;90.0;61B66CDE;76E5EEFF;0.02;0.16;0.19;0.01;0.01;3.0;4.0;5.0;14.0;3753.0;34.0;1504.0;1645;1549.0
2501;90.0;E33B9FE4;A201F563;0.02;0.23;0.26;0.01;0.0;2.0;4.0;15.0;58.0;3520.0;34.0;1504.0;1660;1549.0
2500;90.0;1ADCB35A;DFBF368A;0.01;0.44;0.5;0.0;0.0;1.0;4.0;4.0;31.0;2459.0;57.0;1485.0;1660;1525.0
2499;90.0;070B672C;1169CAE4;0.02;0.17;0.2;0.0;0.02;3.0;3.0;6.0;42.0;3524.0;46.0;1502.0;1665;1542.0
2498;90.0;ACCA137F;1169CAE4;0.02;0.2;0.23;0.0;0.03;2.0;3.0;3.0;51.0;3400.0;46.0;1502.0;1655;1542.0
2497;90.0;F610D49F;FA0F279E;0.02;0.23;0.25;0.0;0.03;1.0;3.0;5.0;13.0;3455.0;37.0;1503.0;1673;1553.0
2496;90.0;14FB5389;96E8463B;0.01;0.2;0.22;0.01;0.02;3.0;3.0;15.0;57.0;3231.0;41.0;1503.0;1662;1543.0
2495;90.0;CA313768;96E8463B;0.01;0.16;0.18;0.01;0.02;2.0;3.0;4.0;30.0;2173.0;41.0;1503.0;1654;1543.0
2494;90.0;2EE010CA;1FCFE9BD;0.02;0.23;0.25;0.01;0.03;1.0;3.0;6.0;41.0;3189.0;46.0;1500.0;1675;1545.0
2493;90.0;A63FDCDC;4C9F89E7;0.03;0.19;0.21;0.01;0.03;6.0;6.0;3.0;50.0;3075.0;34.0;1512.0;1673;1557.0
2492;90.0;97A9CC5E;4D27ECED;0.02;0.18;0.21;0.01;0.0;5.0;6.0;5.0;12.0;3127.0;34.0;1502.0;1653;1547.0
2491;90.0;D23D800A;7D015357;0.02;0.15;0.17;0.01;0.01;4.0;6.0;15.0;56.0;2901.0;46.0;1506.0;1676;1551.0
2490;90.0;CB681BFD;7D015357;0.02;0.14;0.15;0.01;0.01;3.0;6.0;4.0;29.0;1839.0;46.0;1506.0;1669;1551.0
2489;90.0;7651B2F5;7D015357;0.02;0.18;0.2;0.01;0.01;2.0;6.0;6.0;40.0;2900.0;46.0;1506.0;1668;1551.0
2488;90.0;19591019;7D015357;0.02;0.15;0.17;0.01;0.01;1.0;6.0;3.0;49.0;2791.0;53.0;1506.0;1687;1551.0
2487;90.0;DA634114;D90699DC;0.02;0.29;0.32;0.01;0.02;4.0;4.0;5.0;11.0;2846.0;39.0;1495.0;1662;1545.0
2486;90.0;29024F25;D90699DC;0.02;0.36;0.39;0.01;0.02;3.0;4.0;15.0;55.0;2615.0;39.0;1495.0;1652;1545.0
2485;90.0;75A7AC4C;D90699DC;0.02;0.32;0.36;0.01;0.02;2.0;4.0;4.0;28.0;1553.0;39.0;1495.0;1649;1545.0
2484;90.0;0952A87C;D90699DC;0.02;0.27;0.3;0.01;0.02;1.0;4.0;6.0;39.0;2603.0;39.0;1495.0;1674;1545.0
2483;90.0;253D6BE9;22C5A4BE;0.02;0.16;0.19;0.01;0.0;8.0;8.0;3.0;48.0;2487.0;18.0;1511.0;1647;1552.0
2482;90.0;BD2A231C;17D537B5;0.02;0.13;0.15;0.01;0.02;7.0;8.0;5.0;10.0;2541.0;18.0;1509.0;1653;1554.0
2481;90.0;4D124346;D927D5F2;0.02;0.16;0.18;0.01;0.02;6.0;8.0;15.0;54.0;2314.0;32.0;1507.0;1662;1551.0
2480;90.0;98E0AE1E;D927D5F2;0.02;0.15;0.17;0.01;0.02;5.0;8.0;4.0;27.0;1253.0;32.0;1507.0;1663;1551.0
2479;90.0;625405E0;D927D5F2;0.02;0.17;0.2;0.01;0.02;4.0;8.0;6.0;38.0;2311.0;32.0;1507.0;1660;1551.0
2478;90.0;C7BAD20D;D927D5F2;0.02;0.13;0.15;0.01;0.02;3.0;8.0;3.0;47.0;2196.0;32.0;1507.0;1662;1551.0
2477;90.0;FC37D87C;D927D5F2;0.02;0.18;0.2;0.01;0.02;2.0;8.0;5.0;9.0;2243.0;32.0;1507.0;1661;1551.0
2476;90.0;678E5DD3;B4E0CC84;0.02;0.16;0.18;0.01;0.02;1.0;8.0;15.0;53.0;2020.0;34.0;1507.0;1683;1552.0
2475;90.0;9EA0DA6C;656E5837;0.01;0.36;0.4;0.0;0.02;8.0;8.0;4.0;26.0;958.0;18.0;1486.0;1631;1531.0
2474;90.0;A5FE3E56;46F56B8C;0.01;0.4;0.43;0.01;0.03;7.0;8.0;6.0;37.0;2025.0;34.0;1480.0;1645;1535.0
2473;90.0;F5B15254;46F56B8C;0.0;0.33;0.36;0.01;0.03;6.0;8.0;3.0;46.0;1916.0;34.0;1480.0;1641;1535.0
2472;90.0;EE555EC8;46F56B8C;0.01;0.44;0.48;0.01;0.04;5.0;8.0;5.0;8.0;1969.0;34.0;1480.0;1641;1535.0
2471;90.0;BF919951;46F56B8C;0.01;0.48;0.51;0.01;0.04;4.0;8.0;15.0;52.0;1741.0;18.0;1480.0;1634;1535.0
2470;90.0;3A15F4F1;0C12C54A;0.0;0.42;0.44;0.02;0.05;3.0;8.0;4.0;25.0;684.0;51.0;1472.0;1645;1517.0
2469;90.0;6DE40E33;0C12C54A;0.0;0.4;0.43;0.02;0.04;1.0;8.0;3.0;45.0;1612.0;51.0;1472.0;1646;1517.0
2468;90.0;79E4A383;0C12C54A;0.0;0.44;0.47;0.02;0.05;1.0;8.0;6.0;36.0;1606.0;34.0;1472.0;1633;1517.0
2467;90.0;D741D6F2;43608E5D;0.01;0.54;0.57;0.0;0.07;8.0;8.0;5.0;7.0;1605.0;18.0;1485.0;1642;1535.0
2466;90.0;700CA552;43608E5D;0.01;0.6;0.62;0.0;0.07;7.0;8.0;15.0;51.0;1377.0;18.0;1485.0;1630;1535.0
2465;90.0;C5854550;D3EA2584;0.01;0.5;0.54;0.0;0.02;6.0;8.0;4.0;24.0;301.0;34.0;1482.0;1636;1527.0
2464;90.0;BD60C214;7BF6FBDF;0.01;0.44;0.47;0.0;0.01;5.0;8.0;3.0;44.0;1305.0;34.0;1482.0;1653;1537.0
2463;90.0;8EB3FA94;7BF6FBDF;0.02;0.47;0.5;0.0;0.01;4.0;8.0;6.0;35.0;1301.0;34.0;1482.0;1648;1537.0
2462;90.0;310E08FB;7BF6FBDF;0.02;0.46;0.49;0.0;0.01;3.0;8.0;5.0;6.0;1294.0;34.0;1482.0;1649;1537.0
2461;90.0;54797204;7BF6FBDF;0.02;0.51;0.54;0.0;0.01;2.0;8.0;15.0;50.0;1071.0;34.0;1482.0;1639;1537.0
2460;90.0;1D62DCA2;7BF6FBDF;0.02;0.49;0.53;0.0;0.01;1.0;8.0;4.0;23.0;0.0;18.0;1482.0;1663;1537.0
2459;90.0;2D824CAB;24C923E1;0.02;0.53;0.56;0.0;0.0;9.0;9.0;3.0;43.0;1003.0;34.0;1476.0;1618;1521.0
2458;90.0;2450FE7B;24C923E1;0.02;0.41;0.44;0.0;0.0;8.0;9.0;6.0;34.0;995.0;34.0;1476.0;1622;1521.0
2457;90.0;CAFE9C33;74291B2A;0.01;0.48;0.52;0.0;0.02;7.0;9.0;5.0;5.0;1001.0;18.0;1480.0;1613;1525.0
2456;90.0;CC2B29EF;9C0993CD;0.02;0.36;0.39;0.0;0.01;6.0;9.0;15.0;49.0;772.0;34.0;1480.0;1639;1530.0
2455;90.0;557305AB;9C0993CD;0.02;0.35;0.38;0.0;0.01;5.0;9.0;3.0;42.0;769.0;51.0;1480.0;1640;1530.0
2454;90.0;9A714A75;9C0993CD;0.02;0.53;0.58;0.0;0.02;4.0;9.0;6.0;33.0;767.0;51.0;1480.0;1635;1530.0
2453;90.0;11451DC6;9C0993CD;0.02;0.52;0.57;0.0;0.02;3.0;9.0;5.0;4.0;766.0;51.0;1480.0;1634;1530.0
2452;90.0;6BC1D58B;9C0993CD;0.02;0.46;0.51;0.0;0.02;2.0;9.0;15.0;48.0;534.0;34.0;1480.0;1636;1530.0
2451;90.0;8941BAC2;B1EBA22B;0.01;0.56;0.6;0.0;0.02;1.0;9.0;3.0;41.0;528.0;46.0;1480.0;1650;1525.0
2450;90.0;80B32E9D;E294A4B5;0.0;0.07;0.1;0.0;0.27;3.0;3.0;6.0;32.0;522.0;0.0;1509.0;1641;1549.0
2449;90.0;483BF5DF;E294A4B5;0.0;0.06;0.08;0.0;0.22;2.0;3.0;5.0;3.0;479.0;0.0;1509.0;1633;1549.0
2448;90.0;9EC0303C;E294A4B5;0.0;0.07;0.1;0.0;0.28;1.0;3.0;15.0;47.0;257.0;0.0;1509.0;1639;1549.0
2447;90.0;8AB451FF;3BA0D398;0.0;0.35;0.39;0.0;0.03;7.0;7.0;3.0;40.0;248.0;18.0;1488.0;1625;1533.0
2446;90.0;5DC6E562;3BA0D398;0.0;0.34;0.38;0.0;0.03;6.0;7.0;6.0;31.0;241.0;18.0;1488.0;1622;1533.0
2445;90.0;B895E9AC;3BA0D398;0.0;0.5;0.55;0.0;0.04;5.0;7.0;5.0;2.0;236.0;18.0;1488.0;1631;1533.0
2444;90.0;05B459DC;7320E76A;0.02;0.51;0.53;0.0;0.02;4.0;7.0;15.0;46.0;0.0;18.0;1481.0;1663;1536.0
2443;90.0;4E18E32B;E9D2B793;0.0;0.42;0.47;0.01;0.09;3.0;7.0;3.0;39.0;0.0;34.0;1480.0;1662;1520.0
2442;90.0;28C7F363;E9D2B793;0.0;0.34;0.38;0.01;0.07;2.0;7.0;6.0;30.0;0.0;18.0;1480.0;1640;1520.0
2441;90.0;E39766AF;E9D2B793;0.0;0.41;0.45;0.01;0.09;1.0;7.0;5.0;1.0;0.0;18.0;1480.0;1656;1520.0
2440;90.0;EA19F29A;E9D2B793;0.0;0.33;0.37;0.01;0.07;5.0;5.0;4.0;22.0;6562.0;18.0;1480.0;1628;1520.0
2439;90.0;5D472218;9970B431;0.0;0.35;0.43;0.01;0.08;4.0;5.0;3.0;38.0;5856.0;34.0;1480.0;1634;1520.0
2438;90.0;9761FDDD;9970B431;0.0;0.36;0.43;0.01;0.08;3.0;5.0;6.0;29.0;5659.0;18.0;1480.0;1621;1520.0
2437;90.0;625405E0;9A0896DA;0.0;0.48;0.54;0.01;0.28;2.0;6.0;1.0;61.0;0.0;18.0;1471.0;1631;1516.0
2436;90.0;C9CD1360;9A0896DA;0.0;0.39;0.44;0.0;0.22;1.0;6.0;15.0;45.0;5575.0;18.0;1471.0;1632;1516.0
2435;90.0;DBB74E9D;3A7EF44F;0.02;0.43;0.45;0.0;0.01;1.0;1.0;3.0;37.0;5581.0;34.0;1484.0;1663;1539.0
2434;90.0;47259E56;B3A39D69;0.02;0.35;0.37;0.01;0.02;4.0;4.0;4.0;21.0;6178.0;46.0;1484.0;1661;1539.0
2433;90.0;BE3F4D4E;B3A39D69;0.02;0.5;0.52;0.01;0.03;3.0;4.0;6.0;28.0;5333.0;46.0;1484.0;1657;1539.0
2432;90.0;E2B94132;B3A39D69;0.02;0.38;0.4;0.01;0.02;2.0;4.0;15.0;44.0;5336.0;46.0;1484.0;1655;1539.0
2431;90.0;E2C27489;67470249;0.01;0.38;0.43;0.0;0.02;1.0;4.0;3.0;36.0;5344.0;34.0;1486.0;1653;1531.0
2430;180.0;152060F8;502F0F5B;0.01;0.39;0.42;0.01;0.05;6.0;6.0;4.0;20.0;5853.0;51.0;1470.0;1635;1515.0
2429;180.0;EFDEB2B6;502F0F5B;0.01;0.37;0.4;0.01;0.05;5.0;6.0;6.0;27.0;5003.0;46.0;1470.0;1633;1515.0
2428;180.0;E5E888A3;502F0F5B;0.01;0.48;0.51;0.02;0.06;4.0;6.0;15.0;43.0;5016.0;51.0;1470.0;1633;1515.0
2427;180.0;F6949EAE;502F0F5B;0.01;0.54;0.57;0.02;0.07;3.0;6.0;3.0;35.0;5032.0;51.0;1470.0;1622;1515.0
2426;180.0;F31644A3;502F0F5B;0.01;0.5;0.54;0.02;0.06;2.0;6.0;1.0;60.0;4430.0;51.0;1470.0;1627;1515.0
2425;180.0;95897B35;502F0F5B;0.01;0.52;0.56;0.02;0.07;1.0;6.0;4.0;19.0;5550.0;55.0;1470.0;1641;1515.0
2424;180.0;E5D1FDBB;46F56B8C;0.01;0.4;0.43;0.01;0.03;5.0;5.0;6.0;26.0;4702.0;39.0;1480.0;1634;1525.0
2423;180.0;D91C7E46;46F56B8C;0.0;0.32;0.34;0.01;0.03;4.0;5.0;15.0;42.0;4709.0;39.0;1480.0;1633;1525.0
2422;180.0;9B37EAF4;46F56B8C;0.01;0.47;0.51;0.01;0.04;3.0;5.0;3.0;34.0;4725.0;39.0;1480.0;1632;1525.0
2421;180.0;BF72FA8E;00FFEE90;0.01;0.42;0.46;0.01;0.02;2.0;5.0;1.0;59.0;4129.0;46.0;1489.0;1662;1534.0
2420;180.0;E3A4D05C;00FFEE90;0.01;0.42;0.45;0.01;0.02;1.0;5.0;4.0;18.0;5254.0;46.0;1489.0;1658;1534.0
2419;180.0;5F13B080;DFBF368A;0.01;0.46;0.52;0.0;0.0;2.0;2.0;6.0;25.0;4408.0;57.0;1485.0;1660;1525.0
2418;180.0;98D3A41E;07025389;0.02;0.35;0.39;0.01;0.02;1.0;2.0;15.0;41.0;4425.0;51.0;1497.0;1676;1537.0
2417;180.0;EC15C362;7D501556;0.01;0.15;0.17;0.01;0.02;2.0;2.0;3.0;33.0;4401.0;46.0;1503.0;1674;1543.0
2416;180.0;2F29F799;7D501556;0.01;0.17;0.2;0.01;0.02;1.0;2.0;1.0;58.0;3813.0;46.0;1503.0;1673;1543.0
2415;180.0;D5D4B453;E2EF030B;0.02;0.19;0.22;0.01;0.03;6.0;6.0;4.0;17.0;4946.0;46.0;1502.0;1663;1547.0
2414;180.0;570443E7;96956A01;0.02;0.22;0.24;0.01;0.02;5.0;6.0;6.0;24.0;4100.0;46.0;1500.0;1654;1540.0
2413;180.0;1FAA74B1;96956A01;0.02;0.16;0.18;0.01;0.02;4.0;6.0;15.0;40.0;4107.0;46.0;1500.0;1646;1540.0
2412;180.0;C87B6904;96956A01;0.02;0.2;0.22;0.01;0.02;3.0;6.0;3.0;32.0;4121.0;46.0;1500.0;1652;1540.0
2411;180.0;D9231796;8C409667;0.02;0.16;0.18;0.01;0.0;2.0;6.0;1.0;57.0;3536.0;46.0;1504.0;1654;1539.0
2410;180.0;A7AAC8DC;8C409667;0.02;0.15;0.17;0.01;0.0;1.0;6.0;4.0;16.0;4649.0;46.0;1504.0;1666;1539.0
2409;180.0;79206B91;9C0993CD;0.02;0.52;0.57;0.0;0.02;7.0;7.0;6.0;23.0;3803.0;46.0;1480.0;1636;1515.0
2408;180.0;6684ED42;87C78AB7;0.01;0.51;0.6;0.0;0.0;6.0;7.0;15.0;39.0;3816.0;46.0;1480.0;1634;1525.0
2407;180.0;FB1E8537;87C78AB7;0.01;0.51;0.6;0.0;0.0;5.0;7.0;3.0;31.0;3829.0;32.0;1480.0;1611;1525.0
2406;180.0;46AE1A7A;87C78AB7;0.01;0.52;0.61;0.0;0.0;4.0;7.0;1.0;56.0;3241.0;32.0;1480.0;1620;1525.0
2405;180.0;E7C44672;87C78AB7;0.0;0.38;0.44;0.0;0.0;3.0;7.0;4.0;15.0;4375.0;32.0;1480.0;1627;1525.0
2404;180.0;6313F27B;016FEFC0;0.02;0.26;0.3;0.01;0.03;2.0;7.0;6.0;22.0;3532.0;46.0;1502.0;1670;1542.0
2403;180.0;48B4ED39;1FCFE9BD;0.02;0.23;0.25;0.01;0.03;1.0;7.0;15.0;38.0;3545.0;46.0;1500.0;1674;1540.0
2402;180.0;0ADE8E5B;D249F467;0.02;0.19;0.23;0.01;0.02;5.0;5.0;3.0;30.0;3561.0;46.0;1504.0;1675;1549.0
2401;180.0;A237887C;D249F467;0.02;0.18;0.22;0.01;0.01;4.0;5.0;1.0;55.0;2976.0;46.0;1504.0;1669;1549.0
2400;180.0;A284CE0A;D249F467;0.02;0.17;0.21;0.01;0.01;3.0;5.0;4.0;14.0;4110.0;46.0;1504.0;1673;1549.0
2399;180.0;7C713537;4AC24E4B;0.02;0.2;0.23;0.01;0.01;1.0;5.0;15.0;37.0;3267.0;55.0;1501.0;1689;1546.0
2398;180.0;4DFCDB8B;4AC24E4B;0.02;0.21;0.24;0.01;0.01;1.0;5.0;6.0;21.0;3127.0;55.0;1501.0;1668;1546.0
2397;180.0;D14EF008;35C7C29B;0.01;0.26;0.28;0.01;0.0;3.0;3.0;3.0;29.0;3212.0;69.0;1501.0;1699;1551.0
2396;180.0;5A6C2C84;35C7C29B;0.01;0.24;0.26;0.01;0.0;2.0;3.0;1.0;54.0;2612.0;69.0;1501.0;1701;1551.0
2395;180.0;B3A2EFA0;35C7C29B;0.02;0.29;0.32;0.01;0.0;1.0;3.0;4.0;13.0;3730.0;69.0;1501.0;1698;1551.0
2394;180.0;9C9C7B62;6466E4EB;0.02;0.16;0.2;0.01;0.01;7.0;7.0;15.0;36.0;2906.0;46.0;1505.0;1651;1545.0
2393;180.0;496DC159;6466E4EB;0.02;0.17;0.21;0.01;0.01;6.0;7.0;6.0;20.0;2783.0;46.0;1505.0;1651;1545.0
2392;180.0;0FEEC9B7;6466E4EB;0.03;0.19;0.23;0.01;0.02;5.0;7.0;3.0;28.0;2860.0;46.0;1505.0;1652;1545.0
2391;180.0;C716470C;6466E4EB;0.03;0.24;0.29;0.01;0.02;4.0;7.0;1.0;53.0;2277.0;46.0;1505.0;1653;1545.0
2390;180.0;8AD80299;6466E4EB;0.03;0.2;0.24;0.01;0.02;3.0;7.0;4.0;12.0;3406.0;46.0;1505.0;1653;1545.0
2389;180.0;030915FA;6466E4EB;0.02;0.17;0.21;0.01;0.01;2.0;7.0;6.0;19.0;2545.0;46.0;1505.0;1654;1545.0
2388;180.0;2A70BFD9;6466E4EB;0.03;0.24;0.29;0.01;0.02;1.0;7.0;15.0;35.0;2555.0;55.0;1505.0;1682;1545.0
2387;180.0;A6C085C9;F1291CB0;0.02;0.2;0.22;0.01;0.02;7.0;7.0;3.0;27.0;2571.0;55.0;1506.0;1686;1546.0
2386;180.0;3E12C196;F1291CB0;0.02;0.17;0.19;0.01;0.02;6.0;7.0;1.0;52.0;1983.0;55.0;1506.0;1671;1546.0
2385;180.0;5A7A1D86;F1291CB0;0.02;0.15;0.17;0.01;0.02;5.0;7.0;4.0;11.0;3117.0;55.0;1506.0;1672;1546.0
2384;180.0;60E10884;F1291CB0;0.02;0.19;0.21;0.01;0.02;4.0;7.0;6.0;18.0;2275.0;55.0;1506.0;1670;1546.0
2383;180.0;7BECD01F;CC18C404;0.02;0.16;0.18;0.01;0.02;3.0;7.0;15.0;34.0;2291.0;51.0;1506.0;1672;1551.0
2382;180.0;53F4E669;CC18C404;0.02;0.24;0.26;0.01;0.02;2.0;7.0;3.0;26.0;2307.0;51.0;1506.0;1667;1551.0
2381;180.0;9B82B7C5;CC18C404;0.02;0.2;0.22;0.01;0.02;1.0;7.0;1.0;51.0;1724.0;55.0;1506.0;1695;1551.0
2380;180.0;0DE0FD16;56FFE5DC;0.02;0.13;0.15;0.01;0.01;4.0;4.0;4.0;10.0;2857.0;39.0;1507.0;1644;1532.0
2379;180.0;6C98A7F0;56FFE5DC;0.02;0.17;0.19;0.01;0.01;3.0;4.0;6.0;17.0;2010.0;39.0;1507.0;1643;1532.0
2378;180.0;1DD36177;56FFE5DC;0.03;0.21;0.23;0.02;0.01;2.0;4.0;15.0;33.0;2022.0;39.0;1507.0;1639;1532.0
2377;180.0;28F7154E;56FFE5DC;0.02;0.16;0.18;0.01;0.01;1.0;4.0;3.0;25.0;2038.0;55.0;1507.0;1670;1532.0
2376;180.0;E044D9B9;0B13406F;0.01;0.58;0.62;0.0;0.0;8.0;8.0;1.0;50.0;1434.0;39.0;1480.0;1626;1520.0
2375;180.0;FDB2E6C6;0B13406F;0.01;0.53;0.56;0.0;0.0;7.0;8.0;4.0;9.0;2547.0;39.0;1480.0;1625;1520.0
2374;180.0;55C13128;0B13406F;0.01;0.48;0.51;0.0;0.0;6.0;8.0;6.0;16.0;1692.0;39.0;1480.0;1625;1520.0
2373;180.0;E4B37ED3;0B13406F;0.02;0.72;0.77;0.0;0.0;5.0;8.0;15.0;32.0;1701.0;39.0;1480.0;1625;1520.0
2372;180.0;EDE21144;0B13406F;0.02;0.75;0.8;0.0;0.0;4.0;8.0;3.0;24.0;1719.0;39.0;1480.0;1641;1520.0
2371;180.0;9B37EAF4;249A7E68;0.02;0.52;0.56;0.0;0.03;3.0;8.0;1.0;49.0;1134.0;46.0;1484.0;1628;1519.0
2370;180.0;44DA137A;2E90E747;0.02;0.28;0.32;0.01;0.02;2.0;8.0;4.0;8.0;2253.0;46.0;1499.0;1666;1539.0
2369;180.0;24660EE2;2E90E747;0.02;0.26;0.29;0.01;0.02;1.0;8.0;6.0;15.0;1410.0;46.0;1499.0;1668;1539.0
2368;180.0;3E415801;27DBEE1F;0.0;1.17;1.22;0.0;0.0;4.0;4.0;15.0;31.0;1425.0;62.0;1462.0;1614;1488.0
2367;180.0;3AFF94D6;27DBEE1F;0.0;1.07;1.12;0.0;0.0;3.0;4.0;3.0;23.0;1405.0;62.0;1462.0;1609;1488.0
2366;180.0;378461D9;4D302CE7;0.0;0.87;0.91;0.0;0.0;2.0;4.0;1.0;48.0;823.0;64.0;1460.0;1610;1485.0
2365;180.0;4062F048;4D302CE7;0.0;0.85;0.89;0.0;0.0;1.0;4.0;4.0;7.0;1957.0;69.0;1460.0;1618;1485.0
2364;180.0;CA9DDEAB;2D9B78CA;0.01;0.37;0.39;0.0;0.01;6.0;6.0;6.0;14.0;1118.0;46.0;1487.0;1639;1527.0
2363;180.0;9B076395;60B76B26;0.03;0.23;0.27;0.01;0.03;5.0;6.0;15.0;30.0;1128.0;46.0;1504.0;1666;1544.0
2362;180.0;6A8459EA;60B76B26;0.02;0.21;0.25;0.01;0.02;4.0;6.0;3.0;22.0;1145.0;46.0;1504.0;1664;1544.0
2361;180.0;E50CF0C8;60B76B26;0.02;0.17;0.2;0.01;0.02;3.0;6.0;1.0;47.0;560.0;46.0;1504.0;1656;1544.0
2360;180.0;2882E32B;60B76B26;0.03;0.23;0.27;0.01;0.03;2.0;6.0;4.0;6.0;1689.0;46.0;1504.0;1666;1544.0
2359;180.0;E2A73672;2374C9B3;0.02;0.16;0.18;0.01;0.02;1.0;6.0;6.0;13.0;847.0;51.0;1502.0;1676;1542.0
2358;180.0;3B5B515E;56FFE5DC;0.02;0.19;0.22;0.01;0.01;4.0;4.0;15.0;29.0;866.0;39.0;1507.0;1641;1532.0
2357;180.0;7361314D;56FFE5DC;0.03;0.21;0.23;0.02;0.01;3.0;4.0;3.0;21.0;875.0;39.0;1507.0;1639;1532.0
2356;180.0;DFEE0A05;56FFE5DC;0.03;0.2;0.23;0.02;0.01;2.0;4.0;1.0;46.0;287.0;39.0;1507.0;1641;1532.0
2355;180.0;F89E604B;56FFE5DC;0.02;0.17;0.19;0.01;0.01;1.0;4.0;4.0;5.0;1410.0;55.0;1507.0;1679;1532.0
2354;180.0;8FA0C91E;BDB26FB7;0.02;0.22;0.24;0.01;0.02;6.0;6.0;6.0;12.0;563.0;51.0;1500.0;1651;1528.0
2353;180.0;C87B6904;7AFEE53C;0.01;0.37;0.4;0.0;0.0;5.0;6.0;15.0;28.0;571.0;39.0;1488.0;1630;1528.0
2352;180.0;03D61E0A;7AFEE53C;0.01;0.38;0.41;0.0;0.0;4.0;6.0;3.0;20.0;587.0;39.0;1488.0;1630;1528.0
2351;180.0;BD28EDC9;7AFEE53C;0.01;0.42;0.46;0.0;0.0;3.0;6.0;1.0;45.0;0.0;39.0;1488.0;1647;1528.0
2350;180.0;FBEF5468;7AFEE53C;0.01;0.42;0.46;0.0;0.0;2.0;6.0;4.0;4.0;1127.0;39.0;1488.0;1630;1528.0
2349;180.0;4C9D6C63;7AFEE53C;0.01;0.37;0.4;0.0;0.0;1.0;6.0;6.0;11.0;287.0;39.0;1488.0;1655;1547.0
2348;180.0;6B90C247;E1B28665;0.01;0.37;0.4;0.0;0.01;7.0;7.0;15.0;27.0;290.0;46.0;1492.0;1683;1547.0
2347;180.0;98C0DAF7;E1B28665;0.0;0.32;0.35;0.0;0.01;6.0;7.0;3.0;19.0;309.0;46.0;1492.0;1671;1547.0
2346;180.0;C93248FC;E1B28665;0.0;0.33;0.35;0.0;0.01;5.0;7.0;14.0;66.0;2608.0;46.0;1492.0;1679;1547.0
2345;180.0;32CFD25B;E1B28665;0.0;0.34;0.36;0.0;0.01;4.0;7.0;4.0;3.0;848.0;46.0;1492.0;1683;1547.0
2344;180.0;0D174C68;E1B28665;0.01;0.36;0.39;0.0;0.01;3.0;7.0;6.0;10.0;0.0;46.0;1492.0;1675;1547.0
2343;180.0;370D2E70;E1B28665;0.01;0.38;0.41;0.0;0.01;2.0;7.0;15.0;26.0;0.0;46.0;1492.0;1687;1547.0
2342;180.0;0DF5304F;E1B28665;0.01;0.46;0.5;0.0;0.01;1.0;7.0;3.0;18.0;0.0;57.0;1492.0;1692;1536.0
2341;180.0;833FE3F2;703CB22C;0.02;0.43;0.44;0.0;0.02;3.0;3.0;14.0;65.0;2304.0;46.0;1486.0;1666;1536.0
2340;180.0;FDE90F7A;703CB22C;0.02;0.46;0.48;0.0;0.02;2.0;3.0;1.0;44.0;2422.0;46.0;1486.0;1660;1536.0
2339;180.0;18A6CE80;703CB22C;0.02;0.63;0.65;0.0;0.02;1.0;3.0;4.0;2.0;326.0;51.0;1486.0;1681;1536.0
2338;180.0;50A852C3;703CB22C;0.02;0.61;0.64;0.0;0.02;5.0;8.0;6.0;9.0;2295.0;46.0;1486.0;1655;1536.0
2337;180.0;5D20573F;703CB22C;0.02;0.64;0.67;0.0;0.02;4.0;8.0;15.0;25.0;2309.0;46.0;1486.0;1656;1536.0
2336;180.0;CC1679F3;703CB22C;0.02;0.52;0.54;0.0;0.02;3.0;8.0;14.0;64.0;1852.0;46.0;1486.0;1647;1528.0
2335;180.0;E2061CD3;6C955C02;0.01;0.4;0.43;0.0;0.0;2.0;8.0;1.0;43.0;2056.0;51.0;1483.0;1637;1528.0
2334;180.0;0B6D28FA;6C955C02;0.02;0.54;0.59;0.0;0.0;1.0;8.0;4.0;1.0;0.0;55.0;1483.0;1666;1509.0
2333;180.0;612822E1;76884E9D;0.0;0.76;0.8;0.01;0.07;8.0;8.0;6.0;8.0;1984.0;46.0;1474.0;1617;1509.0
2332;180.0;296B3E48;76884E9D;0.0;0.79;0.83;0.01;0.07;7.0;8.0;15.0;24.0;1977.0;46.0;1474.0;1617;1509.0
2331;180.0;13479FF0;76884E9D;0.0;0.79;0.83;0.01;0.07;6.0;8.0;14.0;63.0;1511.0;46.0;1474.0;1619;1501.0
2330;180.0;7AB0C19F;22ADB3F3;0.0;0.83;0.87;0.01;0.07;5.0;8.0;1.0;42.0;1734.0;46.0;1476.0;1614;1501.0
2329;180.0;FABF13F1;22ADB3F3;0.0;0.69;0.72;0.01;0.06;4.0;8.0;6.0;7.0;1720.0;46.0;1476.0;1613;1501.0
2328;180.0;55C13128;22ADB3F3;0.0;0.57;0.6;0.01;0.05;3.0;8.0;15.0;23.0;1715.0;46.0;1476.0;1623;1501.0
2327;180.0;511DEB41;22ADB3F3;0.0;0.71;0.74;0.01;0.06;2.0;8.0;3.0;17.0;1479.0;46.0;1476.0;1611;1501.0
2326;180.0;4A6F9501;22ADB3F3;0.0;0.84;0.88;0.01;0.07;1.0;8.0;14.0;62.0;1195.0;46.0;1476.0;1630;1520.0
2325;180.0;EC15C362;9970B431;0.0;0.37;0.45;0.01;0.08;8.0;8.0;1.0;41.0;1415.0;34.0;1480.0;1633;1520.0
2324;180.0;2B168208;9970B431;0.0;0.37;0.45;0.01;0.08;7.0;8.0;6.0;6.0;1414.0;25.0;1480.0;1616;1520.0
2323;180.0;060B90FA;9970B431;0.0;0.41;0.5;0.01;0.09;6.0;8.0;15.0;22.0;1428.0;25.0;1480.0;1612;1520.0
2322;180.0;F255E164;9970B431;0.0;0.33;0.4;0.01;0.07;5.0;8.0;3.0;16.0;1200.0;25.0;1480.0;1620;1520.0
2321;180.0;66075CAE;9970B431;0.0;0.34;0.41;0.01;0.07;4.0;8.0;14.0;61.0;908.0;34.0;1480.0;1631;1520.0
2320;180.0;920B414C;9970B431;0.0;0.39;0.48;0.01;0.08;3.0;8.0;1.0;40.0;1117.0;34.0;1480.0;1628;1520.0
2319;180.0;2743EF38;E9D2B793;0.0;0.34;0.37;0.01;0.07;2.0;8.0;6.0;5.0;1110.0;25.0;1480.0;1626;1520.0
2318;180.0;00D9F2B8;E9D2B793;0.0;0.4;0.45;0.01;0.09;1.0;8.0;15.0;21.0;1107.0;25.0;1480.0;1654;1536.0
2317;180.0;9F416A93;5671F44D;0.01;0.44;0.46;0.0;0.01;5.0;5.0;3.0;15.0;873.0;46.0;1486.0;1665;1536.0
2316;180.0;C14AF6DA;5671F44D;0.01;0.49;0.52;0.0;0.01;4.0;5.0;14.0;60.0;592.0;46.0;1486.0;1664;1536.0
2315;180.0;3592EAE8;5671F44D;0.01;0.46;0.49;0.0;0.01;3.0;5.0;1.0;39.0;810.0;46.0;1486.0;1660;1536.0
2314;180.0;CB5A8B6B;5671F44D;0.01;0.44;0.47;0.0;0.01;2.0;5.0;6.0;4.0;811.0;46.0;1486.0;1664;1536.0
2313;180.0;8A2FEBA6;5671F44D;0.02;0.67;0.71;0.0;0.01;1.0;5.0;15.0;20.0;816.0;46.0;1486.0;1664;1535.0
2312;180.0;24CF9741;D22BFB79;0.01;0.31;0.35;0.01;0.04;7.0;7.0;3.0;14.0;588.0;46.0;1480.0;1658;1540.0
2311;180.0;AE257436;D22BFB79;0.01;0.42;0.46;0.02;0.06;6.0;7.0;14.0;59.0;316.0;41.0;1480.0;1649;1540.0
2310;180.0;F07F2322;D22BFB79;0.01;0.41;0.45;0.01;0.06;5.0;7.0;1.0;38.0;546.0;41.0;1480.0;1648;1540.0
2309;180.0;31173CFE;D22BFB79;0.01;0.36;0.4;0.01;0.05;4.0;7.0;6.0;3.0;529.0;41.0;1480.0;1653;1540.0
2308;180.0;C1E4A5F7;D6C5A3D0;0.02;0.15;0.16;0.0;0.01;3.0;7.0;15.0;19.0;523.0;46.0;1501.0;1662;1546.0
2307;180.0;9EB81756;D6C5A3D0;0.02;0.2;0.22;0.0;0.02;2.0;7.0;3.0;13.0;277.0;46.0;1501.0;1663;1546.0
2306;180.0;7EDE6574;BE0EA08D;0.02;0.2;0.21;0.0;0.01;1.0;7.0;14.0;58.0;0.0;46.0;1497.0;1683;1537.0
2305;180.0;743D4742;9C5F9BFA;0.01;0.31;0.34;0.0;0.01;7.0;7.0;1.0;37.0;219.0;46.0;1490.0;1645;1535.0
2304;180.0;0515E30D;9C5F9BFA;0.01;0.38;0.42;0.0;0.02;6.0;7.0;6.0;2.0;227.0;46.0;1490.0;1654;1535.0
2303;180.0;A1EC7859;9C5F9BFA;0.01;0.32;0.35;0.0;0.02;5.0;7.0;15.0;18.0;236.0;46.0;1490.0;1646;1535.0
2302;180.0;69BE1433;9C5F9BFA;0.01;0.29;0.32;0.0;0.01;4.0;7.0;3.0;12.0;0.0;46.0;1490.0;1662;1535.0
2301;180.0;D4CBFE8F;9C5F9BFA;0.01;0.3;0.33;0.0;0.01;3.0;7.0;1.0;36.0;0.0;46.0;1490.0;1659;1535.0
2300;180.0;0515E30D;9C5F9BFA;0.01;0.38;0.42;0.0;0.02;2.0;7.0;6.0;1.0;0.0;46.0;1490.0;1668;1535.0
2299;180.0;BA254CBC;9C5F9BFA;0.01;0.26;0.29;0.0;0.01;1.0;7.0;15.0;17.0;0.0;51.0;1490.0;1690;1535.0
2298;180.0;002D1A70;9C5F9BFA;0.01;0.29;0.32;0.0;0.01;7.0;7.0;2.0;61.0;9219.0;41.0;1490.0;1646;1535.0
2297;180.0;402C987E;9C5F9BFA;0.01;0.36;0.39;0.0;0.02;6.0;7.0;14.0;57.0;1452.0;46.0;1490.0;1644;1535.0
2296;180.0;CA1A71A8;9C5F9BFA;0.01;0.39;0.43;0.0;0.02;5.0;7.0;1.0;35.0;9173.0;46.0;1490.0;1648;1535.0
2295;180.0;BD5FE0C5;9C5F9BFA;0.01;0.27;0.3;0.0;0.01;4.0;7.0;3.0;11.0;2787.0;46.0;1490.0;1649;1535.0
2294;180.0;39196312;9C5F9BFA;0.01;0.33;0.37;0.0;0.02;3.0;7.0;2.0;60.0;8983.0;46.0;1490.0;1649;1535.0
2293;180.0;051A6EF0;9C5F9BFA;0.01;0.31;0.34;0.0;0.01;2.0;7.0;15.0;16.0;4196.0;46.0;1490.0;1647;1535.0
2292;180.0;00C03C82;9C5F9BFA;0.01;0.31;0.34;0.0;0.01;1.0;7.0;14.0;56.0;1165.0;51.0;1490.0;1670;1535.0
2291;180.0;7C2ED23D;F852E2F5;0.01;0.41;0.44;0.01;0.06;7.0;7.0;1.0;34.0;8885.0;51.0;1470.0;1633;1515.0
2290;180.0;EF04F31B;F852E2F5;0.01;0.53;0.56;0.02;0.07;6.0;7.0;3.0;10.0;2513.0;51.0;1470.0;1624;1515.0
2289;180.0;38C578A0;F852E2F5;0.01;0.44;0.47;0.02;0.06;5.0;7.0;2.0;59.0;8720.0;51.0;1470.0;1633;1515.0
2288;180.0;9637616D;F852E2F5;0.01;0.39;0.42;0.01;0.06;4.0;7.0;15.0;15.0;3944.0;51.0;1470.0;1635;1515.0
2287;180.0;96B2B0C4;F852E2F5;0.01;0.45;0.48;0.02;0.06;3.0;7.0;14.0;55.0;913.0;51.0;1470.0;1626;1515.0
2286;180.0;B26FB4A3;F852E2F5;0.01;0.39;0.42;0.01;0.06;2.0;7.0;1.0;33.0;8614.0;53.0;1470.0;1634;1515.0
2285;180.0;C1D1A7E2;F852E2F5;0.01;0.41;0.44;0.01;0.06;1.0;7.0;3.0;9.0;2238.0;57.0;1470.0;1658;1515.0
2284;180.0;5CE1748F;46F56B8C;0.01;0.38;0.41;0.01;0.03;6.0;6.0;2.0;58.0;8436.0;39.0;1480.0;1645;1525.0
2283;180.0;6E115711;46F56B8C;0.01;0.38;0.41;0.01;0.03;5.0;6.0;15.0;14.0;3653.0;39.0;1480.0;1637;1525.0
2282;180.0;0F8FD8F0;46F56B8C;0.01;0.37;0.4;0.01;0.03;4.0;6.0;14.0;54.0;611.0;39.0;1480.0;1626;1525.0
2281;180.0;3F1EC82E;2806A3F9;0.01;0.38;0.42;0.0;0.02;3.0;6.0;1.0;32.0;8330.0;34.0;1491.0;1636;1531.0
2280;180.0;47FF5409;2806A3F9;0.01;0.42;0.46;0.0;0.02;2.0;6.0;3.0;8.0;1942.0;34.0;1491.0;1633;1531.0
2279;180.0;67709FBF;5871DF5A;0.01;0.31;0.34;0.01;0.03;1.0;6.0;2.0;57.0;8145.0;46.0;1486.0;1668;1536.0
2278;180.0;7E3E862D;87C78AB7;0.0;0.38;0.45;0.0;0.0;7.0;7.0;15.0;13.0;3365.0;32.0;1480.0;1620;1525.0
2277;180.0;F1037AB0;87C78AB7;0.01;0.54;0.63;0.0;0.0;6.0;7.0;14.0;53.0;330.0;32.0;1480.0;1620;1525.0
2276;180.0;A57BD370;332091CC;0.01;0.51;0.57;0.01;0.0;5.0;7.0;1.0;31.0;8055.0;46.0;1486.0;1641;1526.0
2275;180.0;4983EA1F;332091CC;0.01;0.56;0.62;0.01;0.0;4.0;7.0;3.0;7.0;1669.0;46.0;1486.0;1640;1526.0
2274;180.0;5F7D5120;CF354F29;0.01;0.68;0.8;0.0;0.01;3.0;7.0;2.0;56.0;7825.0;51.0;1470.0;1631;1510.0
2273;180.0;8B1D4233;CF354F29;0.01;0.7;0.82;0.0;0.01;2.0;7.0;15.0;12.0;3042.0;51.0;1470.0;1631;1510.0
2272;180.0;C716470C;F1E86D22;0.01;1.22;1.28;0.01;0.0;1.0;7.0;14.0;52.0;0.0;69.0;1461.0;1657;1496.0
2271;180.0;FE3B1A46;CC18C404;0.02;0.23;0.25;0.01;0.02;7.0;7.0;1.0;30.0;7725.0;51.0;1506.0;1669;1551.0
2270;180.0;9F416A93;CC18C404;0.02;0.16;0.18;0.01;0.02;6.0;7.0;3.0;6.0;1349.0;51.0;1506.0;1668;1551.0
2269;180.0;B0FB14FB;CC18C404;0.02;0.23;0.25;0.01;0.02;5.0;7.0;2.0;55.0;7548.0;51.0;1506.0;1663;1551.0
2268;180.0;2745E1B0;F1291CB0;0.02;0.21;0.23;0.01;0.02;4.0;7.0;15.0;11.0;2773.0;55.0;1506.0;1668;1546.0
2267;180.0;9BACCDB0;F1291CB0;0.02;0.16;0.18;0.01;0.02;3.0;7.0;1.0;29.0;7520.0;55.0;1506.0;1666;1546.0
2266;180.0;9193C049;F1291CB0;0.02;0.16;0.17;0.01;0.02;2.0;7.0;3.0;5.0;1137.0;55.0;1506.0;1668;1546.0
2265;180.0;00C03C82;F1291CB0;0.02;0.18;0.2;0.01;0.02;1.0;7.0;2.0;54.0;7322.0;60.0;1506.0;1686;1546.0
2264;180.0;E39766AF;56FFE5DC;0.02;0.18;0.2;0.01;0.01;4.0;4.0;15.0;10.0;2540.0;39.0;1507.0;1639;1532.0
2263;180.0;BE33B1D0;56FFE5DC;0.03;0.21;0.23;0.02;0.01;3.0;4.0;1.0;28.0;7283.0;39.0;1507.0;1638;1532.0
2262;180.0;EA2DB092;56FFE5DC;0.02;0.2;0.22;0.01;0.01;2.0;4.0;14.0;51.0;7315.0;39.0;1507.0;1643;1532.0
2261;180.0;1822E81E;56FFE5DC;0.03;0.2;0.23;0.02;0.01;1.0;4.0;3.0;4.0;836.0;60.0;1507.0;1686;1532.0
2260;180.0;1D3BA43D;4AC24E4B;0.02;0.23;0.26;0.01;0.02;7.0;7.0;2.0;53.0;7040.0;51.0;1501.0;1666;1546.0
2259;180.0;B88655DB;4AC24E4B;0.03;0.28;0.32;0.01;0.02;6.0;7.0;15.0;9.0;2265.0;51.0;1501.0;1672;1546.0
2258;180.0;192FD83D;4AC24E4B;0.03;0.28;0.32;0.01;0.02;5.0;7.0;1.0;27.0;7013.0;51.0;1501.0;1659;1546.0
2257;180.0;FBD89133;4AC24E4B;0.02;0.26;0.3;0.01;0.02;4.0;7.0;14.0;50.0;7041.0;51.0;1501.0;1666;1546.0
2256;180.0;CA8FBAAC;4AC24E4B;0.02;0.21;0.24;0.01;0.01;3.0;7.0;3.0;3.0;570.0;51.0;1501.0;1675;1546.0
2255;180.0;2A70BFD9;4AC24E4B;0.03;0.28;0.32;0.01;0.02;2.0;7.0;2.0;52.0;6767.0;51.0;1501.0;1659;1546.0
2254;180.0;265E299D;4AC24E4B;0.02;0.19;0.21;0.01;0.01;1.0;7.0;15.0;8.0;1982.0;55.0;1501.0;1683;1546.0
2253;180.0;12A942B0;B4CD6E45;0.0;0.85;0.88;0.0;0.02;4.0;4.0;1.0;26.0;6723.0;46.0;1475.0;1629;1510.0
2252;180.0;03669577;B4CD6E45;0.0;0.84;0.87;0.0;0.02;3.0;4.0;14.0;49.0;6748.0;46.0;1475.0;1623;1510.0
2251;180.0;2CEDA419;B4CD6E45;0.0;0.77;0.8;0.0;0.02;2.0;4.0;3.0;2.0;283.0;46.0;1475.0;1628;1510.0
2250;180.0;1FAA74B1;B4CD6E45;0.0;0.63;0.66;0.0;0.02;1.0;4.0;2.0;51.0;6476.0;55.0;1475.0;1642;1510.0
2249;180.0;1242E194;6466E4EB;0.03;0.24;0.29;0.01;0.02;4.0;4.0;15.0;7.0;1700.0;46.0;1505.0;1662;1545.0
2248;180.0;6DEE7954;6466E4EB;0.02;0.18;0.22;0.01;0.01;3.0;4.0;1.0;25.0;6435.0;46.0;1505.0;1661;1545.0
2247;180.0;8941BAC2;6466E4EB;0.03;0.24;0.29;0.01;0.02;2.0;4.0;14.0;48.0;6465.0;46.0;1505.0;1665;1545.0
2246;180.0;E81B3588;6466E4EB;0.03;0.23;0.28;0.01;0.02;1.0;4.0;3.0;1.0;0.0;46.0;1505.0;1700;1545.0
2245;180.0;89795FD5;E1C94594;0.02;0.35;0.37;0.0;0.0;7.0;7.0;2.0;50.0;6197.0;46.0;1494.0;1646;1534.0
2244;180.0;5E7E38AA;E1C94594;0.02;0.37;0.39;0.0;0.0;6.0;7.0;15.0;6.0;1412.0;46.0;1494.0;1648;1534.0
2243;180.0;F6D9B4CF;E1C94594;0.01;0.27;0.29;0.0;0.0;5.0;7.0;1.0;24.0;6145.0;46.0;1494.0;1647;1534.0
2242;180.0;DD7F1140;6570BD8E;0.01;0.41;0.43;0.0;0.02;4.0;7.0;14.0;47.0;6176.0;46.0;1485.0;1625;1520.0
2241;180.0;22466810;B3A39D69;0.02;0.43;0.45;0.01;0.03;3.0;7.0;2.0;49.0;5959.0;51.0;1484.0;1652;1539.0
2240;180.0;CF98360D;2BA96869;0.01;0.33;0.35;0.0;0.02;2.0;7.0;15.0;5.0;1171.0;46.0;1486.0;1634;1526.0
2239;180.0;51C0444D;2BA96869;0.01;0.34;0.37;0.0;0.02;1.0;7.0;1.0;23.0;5912.0;55.0;1486.0;1668;1526.0
2238;180.0;371F1554;2277D145;0.02;0.18;0.19;0.01;0.02;4.0;4.0;14.0;46.0;5947.0;46.0;1506.0;1678;1551.0
2237;180.0;EBA6AEFB;2277D145;0.02;0.17;0.19;0.01;0.02;3.0;4.0;2.0;48.0;5733.0;46.0;1506.0;1673;1551.0
2236;180.0;95EB8205;2277D145;0.02;0.17;0.19;0.01;0.02;2.0;4.0;15.0;4.0;946.0;46.0;1506.0;1677;1551.0
2235;180.0;AC895E09;2277D145;0.03;0.27;0.3;0.01;0.03;1.0;4.0;1.0;22.0;5672.0;55.0;1506.0;1695;1551.0
2234;180.0;5A3F1FD8;2277D145;0.02;0.26;0.28;0.01;0.02;4.0;4.0;14.0;45.0;5539.0;46.0;1506.0;1668;1551.0
2233;180.0;BBCC32F6;2277D145;0.02;0.22;0.24;0.01;0.02;3.0;4.0;2.0;47.0;5302.0;46.0;1506.0;1665;1551.0
2232;180.0;3B1E4878;2277D145;0.02;0.26;0.29;0.01;0.02;2.0;4.0;15.0;3.0;524.0;46.0;1506.0;1692;1551.0
2231;180.0;67260EEF;2277D145;0.02;0.2;0.22;0.01;0.02;1.0;4.0;1.0;21.0;5269.0;51.0;1506.0;1687;1551.0
2230;180.0;681C13C8;60B76B26;0.02;0.19;0.23;0.01;0.02;8.0;8.0;14.0;44.0;5298.0;46.0;1504.0;1656;1544.0
2229;180.0;4E91A963;60B76B26;0.02;0.19;0.22;0.01;0.02;7.0;8.0;2.0;46.0;5086.0;46.0;1504.0;1660;1544.0
2228;180.0;FBD9731F;60B76B26;0.02;0.19;0.22;0.01;0.02;6.0;8.0;15.0;2.0;296.0;46.0;1504.0;1670;1544.0
2227;180.0;56DF0A38;60B76B26;0.02;0.18;0.21;0.01;0.02;5.0;8.0;1.0;20.0;5039.0;46.0;1504.0;1665;1544.0
2226;180.0;6C0F85C5;60B76B26;0.02;0.21;0.25;0.01;0.02;4.0;8.0;14.0;43.0;5055.0;46.0;1504.0;1664;1544.0
2225;180.0;D67825CA;60B76B26;0.02;0.15;0.18;0.01;0.02;3.0;8.0;2.0;45.0;4843.0;46.0;1504.0;1656;1544.0
2224;180.0;7E07B133;2D9B78CA;0.01;0.4;0.42;0.0;0.02;2.0;8.0;5.0;55.0;2215.0;46.0;1487.0;1633;1527.0
2223;180.0;5B2C2948;DFB6F1D3;0.01;0.34;0.36;0.0;0.0;1.0;8.0;15.0;1.0;0.0;55.0;1485.0;1683;1525.0
2222;180.0;6F12878A;1FCFE9BD;0.02;0.26;0.29;0.01;0.03;6.0;6.0;1.0;19.0;4740.0;46.0;1500.0;1648;1540.0
2221;180.0;575F2849;1FCFE9BD;0.02;0.19;0.21;0.01;0.02;5.0;6.0;14.0;42.0;4772.0;46.0;1500.0;1654;1540.0
2220;180.0;C4D6A938;04751D20;0.02;0.18;0.2;0.01;0.02;4.0;6.0;5.0;54.0;1983.0;46.0;1506.0;1673;1551.0
2219;180.0;1A6320F5;04751D20;0.02;0.25;0.27;0.01;0.02;3.0;6.0;2.0;44.0;4487.0;46.0;1506.0;1673;1551.0
2218;180.0;C8D631E3;04751D20;0.02;0.18;0.2;0.01;0.02;2.0;6.0;1.0;18.0;4493.0;46.0;1506.0;1674;1551.0
2217;180.0;C6C15034;04751D20;0.02;0.22;0.24;0.01;0.02;1.0;6.0;14.0;41.0;4521.0;51.0;1506.0;1687;1551.0
2216;180.0;74FF37FA;5A195F30;0.01;0.43;0.45;0.0;0.03;7.0;7.0;5.0;53.0;1728.0;46.0;1487.0;1644;1527.0
2215;180.0;93D9F112;5A195F30;0.01;0.44;0.46;0.0;0.03;6.0;7.0;8.0;56.0;4190.0;46.0;1487.0;1633;1527.0
2214;180.0;F0629BF2;5A195F30;0.01;0.51;0.54;0.0;0.03;5.0;7.0;2.0;43.0;4193.0;46.0;1487.0;1647;1527.0
2213;180.0;00875E6C;5A195F30;0.01;0.51;0.53;0.0;0.03;4.0;7.0;1.0;17.0;4212.0;46.0;1487.0;1646;1527.0
2212;180.0;FC8DD612;71A937D5;0.02;0.5;0.56;0.0;0.02;3.0;7.0;14.0;40.0;4239.0;46.0;1487.0;1660;1532.0
2211;180.0;0EC30B33;71A937D5;0.02;0.41;0.46;0.0;0.02;2.0;7.0;5.0;52.0;1458.0;46.0;1487.0;1654;1532.0
2210;180.0;525A5974;71A937D5;0.01;0.38;0.43;0.0;0.02;1.0;7.0;8.0;55.0;3917.0;51.0;1487.0;1663;1532.0
2209;180.0;7AAF87F4;67470249;0.01;0.44;0.5;0.0;0.02;7.0;7.0;2.0;42.0;3921.0;51.0;1486.0;1650;1526.0
2208;180.0;7CD77C78;249A7E68;0.02;0.42;0.45;0.0;0.02;6.0;7.0;1.0;16.0;3934.0;46.0;1484.0;1626;1519.0
2207;180.0;1A7012F6;249A7E68;0.02;0.53;0.57;0.0;0.03;5.0;7.0;14.0;39.0;3963.0;46.0;1484.0;1625;1519.0
2206;180.0;88BBA8F1;249A7E68;0.01;0.35;0.37;0.0;0.02;4.0;7.0;5.0;51.0;1174.0;46.0;1484.0;1624;1519.0
2205;180.0;FC3AD815;249A7E68;0.02;0.49;0.52;0.0;0.02;3.0;7.0;8.0;54.0;3622.0;46.0;1484.0;1620;1519.0
2204;180.0;FCF2BC26;249A7E68;0.01;0.36;0.39;0.0;0.02;2.0;7.0;2.0;41.0;3621.0;46.0;1484.0;1620;1519.0
2203;180.0;4ECDEBF0;249A7E68;0.02;0.5;0.54;0.0;0.02;1.0;7.0;1.0;15.0;3636.0;55.0;1484.0;1650;1519.0
2202;180.0;6E41F577;25016671;0.01;0.4;0.42;0.0;0.0;6.0;6.0;14.0;38.0;3670.0;46.0;1483.0;1631;1523.0
2201;180.0;4A0774A1;25016671;0.02;0.52;0.54;0.0;0.0;5.0;6.0;5.0;50.0;884.0;46.0;1483.0;1629;1523.0
2200;180.0;12FF0D02;25016671;0.02;0.49;0.52;0.0;0.0;4.0;6.0;8.0;53.0;3344.0;46.0;1483.0;1630;1523.0
2199;180.0;003FF6D5;25016671;0.02;0.45;0.47;0.0;0.0;3.0;6.0;2.0;40.0;3342.0;46.0;1483.0;1636;1523.0
2198;180.0;F06A1898;25016671;0.02;0.42;0.44;0.0;0.0;2.0;6.0;1.0;14.0;3347.0;46.0;1483.0;1630;1523.0
2197;180.0;7AAB2D4E;25016671;0.02;0.51;0.54;0.0;0.0;1.0;6.0;14.0;37.0;3378.0;46.0;1483.0;1645;1523.0
2196;180.0;00C03C82;25016671;0.01;0.4;0.42;0.0;0.0;7.0;7.0;5.0;49.0;590.0;46.0;1483.0;1633;1523.0
2195;180.0;64071221;25016671;0.02;0.53;0.56;0.0;0.0;6.0;7.0;8.0;52.0;3048.0;46.0;1483.0;1634;1523.0
2194;180.0;06BA37E7;25016671;0.01;0.38;0.4;0.0;0.0;5.0;7.0;2.0;39.0;3033.0;46.0;1483.0;1639;1523.0
2193;180.0;856D839D;25016671;0.02;0.54;0.56;0.0;0.0;4.0;7.0;1.0;13.0;3043.0;46.0;1483.0;1644;1523.0
2192;180.0;001BF88E;25016671;0.02;0.5;0.52;0.0;0.0;3.0;7.0;14.0;36.0;3071.0;46.0;1483.0;1648;1523.0
2191;180.0;C94C03CC;25016671;0.01;0.39;0.41;0.0;0.0;2.0;7.0;5.0;48.0;278.0;46.0;1483.0;1645;1523.0
2190;180.0;4A4E391F;25016671;0.01;0.37;0.39;0.0;0.0;1.0;7.0;8.0;51.0;2741.0;51.0;1483.0;1669;1523.0
2189;180.0;31C94ED8;25016671;0.02;0.52;0.54;0.0;0.0;7.0;7.0;2.0;38.0;2742.0;46.0;1483.0;1655;1523.0
2188;180.0;DCB9A2AA;25016671;0.02;0.53;0.55;0.0;0.0;6.0;7.0;1.0;12.0;2762.0;46.0;1483.0;1648;1523.0
2187;180.0;44FD3753;25016671;0.01;0.34;0.36;0.0;0.0;5.0;7.0;14.0;35.0;2788.0;46.0;1483.0;1648;1523.0
2186;180.0;892961FF;25016671;0.01;0.42;0.44;0.0;0.0;4.0;7.0;5.0;47.0;0.0;46.0;1483.0;1672;1523.0
2185;180.0;3C1D0B7C;25016671;0.01;0.37;0.39;0.0;0.0;3.0;7.0;8.0;50.0;2456.0;46.0;1483.0;1645;1523.0
2184;180.0;A0B245AE;25016671;0.02;0.52;0.55;0.0;0.0;2.0;7.0;2.0;37.0;2448.0;46.0;1483.0;1645;1523.0
2183;180.0;2BE3AE2A;0B13406F;0.01;0.48;0.52;0.0;0.0;1.0;7.0;1.0;11.0;2443.0;51.0;1480.0;1654;1520.0
2182;180.0;D22B5C97;53C00FD5;0.01;0.57;0.61;0.0;0.02;5.0;5.0;14.0;34.0;2400.0;46.0;1483.0;1634;1523.0
2181;180.0;02E9FB05;53C00FD5;0.01;0.4;0.43;0.0;0.02;4.0;5.0;8.0;49.0;2119.0;46.0;1483.0;1637;1523.0
2180;180.0;2FEF6212;53C00FD5;0.01;0.45;0.47;0.0;0.02;3.0;5.0;2.0;36.0;2123.0;46.0;1483.0;1636;1523.0
2179;180.0;6C0A0F3A;53C00FD5;0.01;0.47;0.5;0.0;0.02;2.0;5.0;5.0;46.0;1642.0;46.0;1483.0;1621;1523.0
2178;180.0;5A5BD493;4BCD0EF2;0.02;0.44;0.47;0.0;0.02;1.0;5.0;1.0;10.0;2062.0;46.0;1481.0;1661;1526.0
2177;180.0;AE2ED6F9;3BA0D398;0.0;0.41;0.46;0.0;0.03;8.0;8.0;14.0;33.0;2095.0;46.0;1488.0;1650;1528.0
2176;180.0;C544DA71;3BA0D398;0.0;0.33;0.36;0.0;0.03;7.0;8.0;8.0;48.0;1821.0;46.0;1488.0;1642;1528.0
2175;180.0;2D9F3578;3BA0D398;0.0;0.46;0.51;0.0;0.04;6.0;8.0;2.0;35.0;1821.0;46.0;1488.0;1639;1528.0
2174;180.0;EEBB31DA;3BA0D398;0.0;0.46;0.51;0.0;0.04;5.0;8.0;5.0;45.0;1356.0;46.0;1488.0;1634;1528.0
2173;180.0;048DDB17;3BA0D398;0.0;0.36;0.4;0.0;0.03;4.0;8.0;1.0;9.0;1776.0;46.0;1488.0;1639;1528.0
2172;180.0;1027D3EA;3BA0D398;0.0;0.35;0.38;0.0;0.03;3.0;8.0;14.0;32.0;1805.0;46.0;1488.0;1644;1528.0
2171;180.0;FFE5B3F8;3BA0D398;0.0;0.42;0.47;0.0;0.03;2.0;8.0;8.0;47.0;1542.0;46.0;1488.0;1640;1528.0
2170;180.0;F347946D;3BA0D398;0.0;0.43;0.47;0.0;0.03;1.0;8.0;2.0;34.0;1536.0;46.0;1488.0;1659;1528.0
2169;180.0;09495352;07025389;0.02;0.25;0.28;0.01;0.01;7.0;7.0;5.0;44.0;1077.0;46.0;1497.0;1672;1537.0
2168;180.0;D741D6F2;07025389;0.02;0.31;0.34;0.01;0.02;6.0;7.0;1.0;8.0;1508.0;46.0;1497.0;1665;1537.0
2167;180.0;496DC159;07025389;0.02;0.26;0.28;0.01;0.01;5.0;7.0;14.0;31.0;1544.0;46.0;1497.0;1664;1537.0
2166;180.0;A9831E9D;07025389;0.02;0.27;0.3;0.01;0.01;4.0;7.0;8.0;46.0;1278.0;46.0;1497.0;1666;1537.0
2165;180.0;5551D51D;07025389;0.02;0.28;0.31;0.01;0.01;3.0;7.0;2.0;33.0;1282.0;46.0;1497.0;1665;1537.0
2164;180.0;E5E888A3;07025389;0.02;0.31;0.34;0.01;0.02;2.0;7.0;5.0;43.0;819.0;46.0;1497.0;1665;1537.0
2163;180.0;C54B35BA;07025389;0.02;0.29;0.32;0.01;0.02;1.0;7.0;1.0;7.0;1245.0;51.0;1497.0;1674;1537.0
2162;180.0;3FF0AD3C;6E5EEB11;0.02;0.23;0.25;0.0;0.02;5.0;5.0;14.0;30.0;1277.0;46.0;1503.0;1665;1543.0
2161;180.0;C0461741;6E5EEB11;0.02;0.21;0.23;0.0;0.02;4.0;5.0;8.0;45.0;1014.0;46.0;1503.0;1657;1543.0
2160;180.0;8AD16109;76E5EEFF;0.02;0.17;0.19;0.01;0.01;3.0;5.0;2.0;32.0;1020.0;46.0;1504.0;1669;1549.0
2159;180.0;D4365A86;76E5EEFF;0.03;0.25;0.28;0.01;0.01;2.0;5.0;5.0;42.0;559.0;55.0;1504.0;1663;1549.0
2158;180.0;4D457C73;392BEDA4;0.02;0.23;0.26;0.01;0.02;1.0;5.0;1.0;6.0;986.0;46.0;1504.0;1664;1544.0
2157;180.0;6535A481;163D1351;0.02;0.24;0.27;0.0;0.02;6.0;6.0;14.0;29.0;1017.0;51.0;1503.0;1666;1548.0
2156;180.0;F8D5447C;163D1351;0.03;0.27;0.29;0.0;0.03;5.0;6.0;8.0;44.0;743.0;51.0;1503.0;1670;1548.0
2155;180.0;6F12878A;163D1351;0.02;0.26;0.29;0.0;0.02;4.0;6.0;2.0;31.0;743.0;51.0;1503.0;1668;1548.0
2154;180.0;8FFD294C;163D1351;0.02;0.24;0.27;0.0;0.02;3.0;6.0;5.0;41.0;273.0;51.0;1503.0;1674;1548.0
2153;180.0;897D2C4A;163D1351;0.02;0.22;0.24;0.0;0.02;2.0;6.0;1.0;5.0;701.0;51.0;1503.0;1673;1548.0
2152;180.0;E7EFCDA7;163D1351;0.02;0.18;0.2;0.0;0.02;1.0;6.0;14.0;28.0;729.0;55.0;1503.0;1697;1548.0
2151;180.0;450C1D91;163D1351;0.02;0.25;0.28;0.0;0.02;6.0;6.0;8.0;43.0;460.0;51.0;1503.0;1675;1548.0
2150;180.0;1F47A5CC;163D1351;0.02;0.17;0.19;0.0;0.02;5.0;6.0;2.0;30.0;459.0;51.0;1503.0;1675;1548.0
2149;180.0;0735F259;163D1351;0.02;0.18;0.19;0.0;0.02;4.0;6.0;5.0;40.0;0.0;51.0;1503.0;1674;1548.0
2148;180.0;3898CA0C;163D1351;0.02;0.19;0.21;0.0;0.02;3.0;6.0;1.0;4.0;418.0;51.0;1503.0;1677;1548.0
2147;180.0;D6D73ED3;163D1351;0.02;0.19;0.21;0.0;0.02;2.0;6.0;14.0;27.0;352.0;51.0;1503.0;1660;1548.0
2146;180.0;32A0ECDD;163D1351;0.02;0.22;0.25;0.0;0.02;1.0;6.0;8.0;42.0;0.0;55.0;1503.0;1691;1548.0
2145;180.0;B3F89B2D;1C2BBD80;0.02;0.43;0.45;0.01;0.0;1.0;1.0;2.0;29.0;0.0;57.0;1481.0;1675;1521.0
2144;180.0;FC413ADC;1F3F501C;0.02;0.16;0.18;0.01;0.01;2.0;2.0;1.0;3.0;0.0;46.0;1503.0;1684;1543.0
2143;180.0;3C60CFF7;1F3F501C;0.02;0.17;0.2;0.01;0.01;1.0;2.0;14.0;26.0;0.0;51.0;1503.0;1703;1543.0
2142;90.0;D14EF008;9970B431;0.0;0.36;0.44;0.01;0.08;7.0;7.0;2.0;28.0;8203.0;18.0;1480.0;1621;1520.0
2141;90.0;8A3856EC;E9D2B793;0.0;0.32;0.35;0.01;0.07;6.0;7.0;8.0;41.0;9351.0;34.0;1480.0;1632;1520.0
2140;90.0;336236CB;E9D2B793;0.0;0.36;0.4;0.01;0.08;5.0;8.0;5.0;39.0;6513.0;34.0;1480.0;1629;1520.0
2139;90.0;5CA00342;E9D2B793;0.0;0.34;0.38;0.01;0.07;4.0;8.0;1.0;2.0;289.0;34.0;1480.0;1641;1520.0
2138;90.0;525A5974;E9D2B793;0.0;0.35;0.39;0.01;0.08;3.0;8.0;14.0;25.0;6991.0;18.0;1480.0;1616;1520.0
2137;90.0;6C5122F4;E9D2B793;0.0;0.32;0.35;0.01;0.07;2.0;8.0;2.0;27.0;7901.0;18.0;1480.0;1620;1520.0
2136;90.0;3F010A8D;E355BC35;0.0;0.47;0.51;0.01;0.1;1.0;8.0;8.0;40.0;9058.0;39.0;1484.0;1654;1524.0
2135;90.0;3C82A3DA;76E5EEFF;0.03;0.25;0.28;0.01;0.01;2.0;2.0;5.0;38.0;6203.0;34.0;1504.0;1651;1549.0
2134;90.0;1EF351AC;76E5EEFF;0.03;0.22;0.26;0.01;0.01;1.0;2.0;1.0;1.0;0.0;34.0;1504.0;1685;1549.0
2133;90.0;FF154134;1C2BBD80;0.02;0.44;0.46;0.01;0.0;6.0;6.0;14.0;24.0;6714.0;46.0;1481.0;1639;1526.0
2132;90.0;EE056E63;B657DB06;0.02;0.21;0.24;0.01;0.02;5.0;6.0;2.0;26.0;7621.0;34.0;1500.0;1655;1545.0
2131;90.0;C4E641CE;96956A01;0.02;0.22;0.24;0.01;0.02;4.0;6.0;8.0;39.0;8775.0;46.0;1500.0;1656;1540.0
2130;90.0;962E2E13;96956A01;0.02;0.19;0.22;0.01;0.02;3.0;6.0;5.0;37.0;5932.0;46.0;1500.0;1649;1540.0
2129;90.0;03063493;96956A01;0.02;0.17;0.19;0.01;0.02;2.0;6.0;14.0;23.0;6487.0;46.0;1500.0;1649;1540.0
2128;90.0;3066E4AD;96956A01;0.02;0.15;0.16;0.01;0.02;1.0;6.0;4.0;67.0;8479.0;46.0;1500.0;1669;1540.0
2127;90.0;A39FF28C;B4E0CC84;0.02;0.16;0.17;0.01;0.02;7.0;7.0;2.0;25.0;7340.0;34.0;1507.0;1660;1552.0
2126;90.0;D4D84B41;D9882B65;0.0;0.33;0.36;0.0;0.02;6.0;7.0;8.0;38.0;8492.0;34.0;1490.0;1647;1540.0
2125;90.0;8F9C21F4;92B3EDD4;0.02;0.14;0.18;0.01;0.01;5.0;7.0;5.0;36.0;5649.0;39.0;1502.0;1663;1547.0
2124;90.0;5A3F1FD8;7D015357;0.02;0.19;0.22;0.01;0.01;4.0;7.0;14.0;22.0;6188.0;46.0;1506.0;1678;1551.0
2123;90.0;8F2400BF;7D015357;0.03;0.21;0.23;0.02;0.01;3.0;7.0;4.0;66.0;8173.0;46.0;1506.0;1667;1551.0
2122;90.0;3D99070A;7D015357;0.02;0.14;0.16;0.01;0.01;2.0;7.0;2.0;24.0;7036.0;46.0;1506.0;1673;1551.0
2121;90.0;41DD8570;7D015357;0.02;0.17;0.19;0.01;0.01;1.0;7.0;8.0;37.0;8183.0;53.0;1506.0;1698;1551.0
2120;90.0;75495E75;A410176C;0.03;0.21;0.28;0.01;0.01;5.0;5.0;5.0;35.0;5344.0;57.0;1502.0;1703;1557.0
2119;90.0;2AF83463;A410176C;0.03;0.22;0.28;0.01;0.01;4.0;5.0;14.0;21.0;5890.0;57.0;1502.0;1700;1557.0
2118;90.0;07CD3596;A410176C;0.02;0.14;0.19;0.01;0.01;3.0;5.0;4.0;65.0;7888.0;57.0;1502.0;1690;1557.0
2117;90.0;4A4E391F;A410176C;0.02;0.15;0.19;0.01;0.01;2.0;5.0;2.0;23.0;6743.0;57.0;1502.0;1683;1557.0
2116;90.0;D7CEA0D6;A410176C;0.03;0.22;0.28;0.01;0.01;1.0;5.0;8.0;36.0;7895.0;57.0;1502.0;1701;1557.0
2115;90.0;3FF0AD3C;BFEB6EA0;0.02;0.44;0.5;0.0;0.02;8.0;8.0;5.0;34.0;5059.0;34.0;1483.0;1639;1538.0
2114;90.0;C5453A9A;BFEB6EA0;0.02;0.47;0.53;0.0;0.02;7.0;8.0;14.0;20.0;5605.0;34.0;1483.0;1639;1538.0
2113;90.0;791BEAF5;BFEB6EA0;0.02;0.37;0.42;0.0;0.02;6.0;8.0;4.0;64.0;7597.0;34.0;1483.0;1640;1538.0
2112;90.0;27D82ECD;BFEB6EA0;0.02;0.39;0.44;0.0;0.02;5.0;8.0;2.0;22.0;6460.0;34.0;1483.0;1640;1538.0
2111;90.0;4979773E;BFEB6EA0;0.02;0.38;0.43;0.0;0.02;4.0;8.0;8.0;35.0;7611.0;34.0;1483.0;1638;1538.0
2110;90.0;2D9F3578;BFEB6EA0;0.02;0.48;0.54;0.0;0.02;3.0;8.0;5.0;33.0;4772.0;34.0;1483.0;1642;1538.0
2109;90.0;91334926;BFEB6EA0;0.02;0.33;0.38;0.0;0.02;2.0;8.0;14.0;19.0;5322.0;34.0;1483.0;1643;1538.0
2108;90.0;D8AED783;BFEB6EA0;0.02;0.34;0.39;0.0;0.02;1.0;8.0;4.0;63.0;7320.0;34.0;1483.0;1657;1538.0
2107;90.0;FEDE7212;71A937D5;0.01;0.39;0.44;0.0;0.02;5.0;5.0;2.0;21.0;6180.0;34.0;1487.0;1653;1542.0
2106;90.0;23391102;71A937D5;0.02;0.44;0.5;0.0;0.02;4.0;5.0;8.0;34.0;7330.0;34.0;1487.0;1649;1542.0
2105;90.0;546BCDB1;71A937D5;0.02;0.44;0.5;0.0;0.02;3.0;5.0;5.0;32.0;4482.0;34.0;1487.0;1646;1542.0
2104;90.0;996CDD8F;71A937D5;0.02;0.49;0.56;0.0;0.02;2.0;5.0;14.0;18.0;5014.0;34.0;1487.0;1662;1542.0
2103;90.0;E43307D6;71A937D5;0.01;0.37;0.42;0.0;0.02;1.0;5.0;4.0;62.0;7010.0;34.0;1487.0;1664;1542.0
2102;90.0;036ECD7F;D6BA9D02;0.02;0.47;0.5;0.0;0.02;4.0;4.0;2.0;20.0;5871.0;34.0;1481.0;1631;1526.0
2101;90.0;019544F6;D6BA9D02;0.01;0.35;0.37;0.0;0.02;3.0;4.0;8.0;33.0;7023.0;34.0;1481.0;1631;1526.0
2100;90.0;44468734;D6BA9D02;0.01;0.35;0.37;0.0;0.02;2.0;4.0;5.0;31.0;4191.0;34.0;1481.0;1631;1526.0
2099;90.0;2974AF72;D6BA9D02;0.01;0.38;0.4;0.0;0.02;1.0;4.0;14.0;17.0;4745.0;34.0;1481.0;1641;1526.0
2098;90.0;0A3ADF3B;249A7E68;0.02;0.53;0.57;0.0;0.03;6.0;6.0;4.0;61.0;6733.0;41.0;1484.0;1633;1519.0
2097;90.0;8AE065A1;67470249;0.01;0.41;0.46;0.0;0.02;5.0;6.0;2.0;19.0;5579.0;34.0;1486.0;1637;1531.0
2096;90.0;AF13939E;493EAF60;0.01;0.38;0.4;0.0;0.01;4.0;6.0;8.0;32.0;6724.0;34.0;1486.0;1633;1531.0
2095;90.0;5B7CE750;F2951EE4;0.01;0.27;0.3;0.01;0.02;3.0;6.0;5.0;30.0;3891.0;34.0;1496.0;1659;1536.0
2094;90.0;E6DC321A;CC18C404;0.02;0.25;0.27;0.01;0.02;2.0;6.0;14.0;16.0;4436.0;34.0;1506.0;1663;1551.0
2092;90.0;3A75D464;A38FF5CA;0.02;0.18;0.23;0.01;0.01;5.0;5.0;2.0;18.0;5283.0;34.0;1507.0;1650;1547.0
2091;90.0;F6949EAE;D927D5F2;0.02;0.19;0.21;0.01;0.02;4.0;5.0;8.0;31.0;6431.0;32.0;1507.0;1657;1551.0
2090;90.0;8DF185BD;D927D5F2;0.02;0.13;0.14;0.01;0.02;3.0;5.0;5.0;29.0;3594.0;32.0;1507.0;1662;1551.0
2089;90.0;5A28CA83;D927D5F2;0.02;0.14;0.16;0.01;0.02;2.0;5.0;14.0;15.0;4137.0;32.0;1507.0;1656;1551.0
2088;90.0;1A55D002;D927D5F2;0.02;0.16;0.18;0.01;0.02;1.0;5.0;4.0;59.0;6131.0;32.0;1507.0;1683;1551.0
2087;90.0;02E9FB05;D90699DC;0.02;0.26;0.28;0.01;0.02;5.0;5.0;2.0;17.0;4993.0;39.0;1495.0;1654;1545.0
2086;90.0;AFFE76FC;D90699DC;0.03;0.38;0.42;0.01;0.03;4.0;5.0;8.0;30.0;6151.0;39.0;1495.0;1656;1545.0
2085;90.0;0B3F5105;D90699DC;0.02;0.32;0.35;0.01;0.02;3.0;5.0;5.0;28.0;3316.0;39.0;1495.0;1654;1545.0
2084;90.0;67B329F2;D90699DC;0.02;0.34;0.38;0.01;0.02;2.0;5.0;14.0;14.0;3863.0;39.0;1495.0;1657;1545.0
2083;90.0;107C43C4;D90699DC;0.02;0.33;0.36;0.01;0.02;1.0;5.0;4.0;58.0;5858.0;39.0;1495.0;1670;1545.0
2082;90.0;02E9FB05;D90699DC;0.02;0.26;0.28;0.01;0.02;6.0;6.0;2.0;16.0;4671.0;39.0;1495.0;1666;1545.0
2081;90.0;6904B156;D90699DC;0.02;0.24;0.27;0.0;0.02;5.0;6.0;8.0;29.0;5824.0;39.0;1495.0;1658;1545.0
2080;90.0;A56AED5C;D90699DC;0.03;0.39;0.43;0.01;0.03;4.0;6.0;5.0;27.0;2986.0;39.0;1495.0;1655;1545.0
2079;90.0;9C1EDB5D;D90699DC;0.02;0.25;0.28;0.01;0.02;3.0;6.0;14.0;13.0;3539.0;39.0;1495.0;1659;1545.0
2078;90.0;578DB5BF;D90699DC;0.02;0.3;0.33;0.01;0.02;2.0;6.0;4.0;57.0;5524.0;39.0;1495.0;1653;1545.0
2077;90.0;0F5E577A;D90699DC;0.02;0.32;0.35;0.01;0.02;1.0;6.0;2.0;15.0;4388.0;39.0;1495.0;1674;1545.0
2076;90.0;47B92996;44661CD0;0.02;0.19;0.22;0.01;0.02;6.0;6.0;8.0;28.0;5539.0;32.0;1506.0;1661;1551.0
2075;90.0;946D7A76;44661CD0;0.02;0.19;0.22;0.01;0.02;5.0;6.0;5.0;26.0;2703.0;32.0;1506.0;1660;1551.0
2074;90.0;34717313;44661CD0;0.02;0.21;0.24;0.01;0.02;4.0;6.0;14.0;12.0;3257.0;32.0;1506.0;1656;1551.0
2073;90.0;0B04BD96;4AC24E4B;0.02;0.21;0.24;0.01;0.01;3.0;6.0;4.0;56.0;5254.0;41.0;1501.0;1659;1541.0
2072;90.0;A6BBF00A;4AC24E4B;0.02;0.21;0.23;0.01;0.01;2.0;6.0;2.0;14.0;4110.0;34.0;1501.0;1642;1541.0
2071;90.0;D9853D1F;4AC24E4B;0.02;0.24;0.27;0.01;0.02;1.0;6.0;8.0;27.0;5259.0;34.0;1501.0;1664;1541.0
2070;90.0;61B66CDE;60EFAC81;0.01;0.29;0.31;0.01;0.03;6.0;6.0;5.0;25.0;2418.0;34.0;1480.0;1663;1540.0
2069;90.0;67260EEF;7320E76A;0.01;0.4;0.41;0.0;0.01;5.0;6.0;14.0;11.0;2969.0;18.0;1481.0;1643;1536.0
2068;90.0;89795FD5;3BA0D398;0.0;0.47;0.52;0.0;0.04;4.0;6.0;4.0;55.0;4954.0;18.0;1488.0;1620;1533.0
2067;90.0;8C7D62FB;3BA0D398;0.0;0.47;0.52;0.0;0.04;3.0;6.0;2.0;13.0;3807.0;18.0;1488.0;1623;1533.0
2066;90.0;95E438DD;3BA0D398;0.0;0.34;0.38;0.0;0.03;2.0;6.0;8.0;26.0;4964.0;18.0;1488.0;1625;1533.0
2065;90.0;08E72091;0A8B5BDF;0.01;0.34;0.36;0.01;0.02;1.0;6.0;5.0;24.0;2128.0;41.0;1481.0;1669;1536.0
2064;90.0;75FF8B39;24C923E1;0.02;0.45;0.48;0.0;0.0;9.0;9.0;14.0;10.0;2680.0;34.0;1476.0;1617;1521.0
2063;90.0;E5913EA7;24C923E1;0.02;0.45;0.48;0.0;0.0;8.0;9.0;4.0;54.0;4666.0;34.0;1476.0;1618;1521.0
2062;90.0;D66CE615;703CB22C;0.02;0.57;0.6;0.0;0.02;7.0;9.0;2.0;12.0;3522.0;34.0;1486.0;1638;1531.0
2061;90.0;FC3AD815;703CB22C;0.02;0.63;0.65;0.0;0.02;6.0;9.0;8.0;25.0;4673.0;34.0;1486.0;1635;1531.0
2060;90.0;BA0F127C;59D14704;0.02;0.61;0.65;0.0;0.01;5.0;9.0;5.0;23.0;1829.0;34.0;1487.0;1645;1537.0
2059;90.0;83922286;59D14704;0.02;0.59;0.64;0.0;0.01;4.0;9.0;14.0;9.0;2375.0;34.0;1487.0;1640;1537.0
2058;90.0;F91A7D87;59D14704;0.02;0.52;0.56;0.0;0.01;3.0;9.0;4.0;53.0;4364.0;34.0;1487.0;1637;1537.0
2057;90.0;6020D47D;59D14704;0.02;0.63;0.67;0.0;0.01;2.0;9.0;2.0;11.0;3216.0;34.0;1487.0;1638;1537.0
2056;90.0;7152F600;59D14704;0.02;0.58;0.63;0.0;0.01;1.0;9.0;8.0;24.0;4361.0;44.0;1487.0;1655;1537.0
2055;90.0;A1D32B3B;59D14704;0.02;0.55;0.6;0.0;0.01;10.0;10.0;5.0;22.0;1517.0;34.0;1487.0;1639;1537.0
2054;90.0;91334926;59D14704;0.01;0.43;0.46;0.0;0.01;9.0;10.0;14.0;8.0;2064.0;34.0;1487.0;1644;1537.0
2053;90.0;584E58EC;59D14704;0.01;0.42;0.46;0.0;0.01;8.0;10.0;4.0;52.0;4056.0;34.0;1487.0;1642;1537.0
2052;90.0;355C970C;59D14704;0.01;0.41;0.44;0.0;0.01;7.0;10.0;2.0;10.0;2914.0;34.0;1487.0;1643;1537.0
2051;90.0;AC895E09;59D14704;0.02;0.66;0.71;0.0;0.01;6.0;10.0;8.0;23.0;4062.0;34.0;1487.0;1639;1537.0
2050;90.0;0AA7F280;59D14704;0.02;0.57;0.62;0.0;0.01;5.0;10.0;5.0;21.0;1221.0;34.0;1487.0;1641;1537.0
2049;90.0;795A3716;59D14704;0.02;0.51;0.55;0.0;0.01;4.0;10.0;14.0;7.0;1762.0;34.0;1487.0;1640;1537.0
2048;90.0;B4E661FF;59D14704;0.02;0.56;0.61;0.0;0.01;3.0;10.0;4.0;51.0;3742.0;34.0;1487.0;1639;1537.0
2047;90.0;3C60CFF7;59D14704;0.02;0.59;0.64;0.0;0.01;2.0;10.0;2.0;9.0;2600.0;34.0;1487.0;1643;1537.0
2046;90.0;4B3788D6;59D14704;0.02;0.6;0.65;0.0;0.01;1.0;10.0;8.0;22.0;3753.0;44.0;1487.0;1658;1537.0
2045;90.0;3C82A3DA;7BF6FBDF;0.02;0.55;0.59;0.0;0.01;10.0;10.0;5.0;20.0;909.0;39.0;1482.0;1649;1537.0
2044;90.0;0A91F134;7BF6FBDF;0.02;0.46;0.49;0.0;0.01;9.0;10.0;14.0;6.0;1453.0;39.0;1482.0;1639;1537.0
2043;90.0;2FEF6212;7BF6FBDF;0.01;0.43;0.45;0.0;0.01;8.0;10.0;4.0;50.0;3449.0;39.0;1482.0;1644;1537.0
2042;90.0;C999CAAE;7BF6FBDF;0.02;0.48;0.51;0.0;0.01;7.0;10.0;2.0;8.0;2299.0;39.0;1482.0;1643;1537.0
2041;90.0;DC4A26A9;7BF6FBDF;0.02;0.53;0.57;0.0;0.01;6.0;10.0;8.0;21.0;3449.0;39.0;1482.0;1639;1537.0
2040;90.0;16CF1656;7BF6FBDF;0.02;0.52;0.55;0.0;0.01;5.0;10.0;5.0;19.0;612.0;39.0;1482.0;1644;1537.0
2039;90.0;48605BDD;7BF6FBDF;0.02;0.52;0.55;0.0;0.01;4.0;10.0;14.0;5.0;1150.0;39.0;1482.0;1642;1537.0
2038;90.0;EA825C53;7BF6FBDF;0.02;0.49;0.52;0.0;0.01;3.0;10.0;4.0;49.0;3134.0;39.0;1482.0;1647;1537.0
2037;90.0;F11EA254;7BF6FBDF;0.01;0.39;0.41;0.0;0.01;2.0;10.0;2.0;7.0;1980.0;34.0;1482.0;1644;1537.0
2036;90.0;81690830;7BF6FBDF;0.02;0.53;0.57;0.0;0.01;1.0;10.0;8.0;20.0;3133.0;34.0;1482.0;1659;1537.0
2035;90.0;6B9A4597;84F4F88C;0.01;0.07;0.1;0.0;0.0;7.0;7.0;5.0;18.0;289.0;18.0;1522.0;1653;1557.0
2034;90.0;90E32A99;84F4F88C;0.02;0.09;0.12;0.0;0.0;6.0;7.0;14.0;4.0;842.0;18.0;1522.0;1661;1557.0
2033;90.0;E78C96F9;8288B1F6;0.01;0.3;0.33;0.0;0.01;5.0;7.0;4.0;48.0;2835.0;18.0;1490.0;1635;1535.0
2032;90.0;FA0DC426;DAF26177;0.0;0.4;0.43;0.0;0.01;4.0;7.0;2.0;6.0;1701.0;41.0;1480.0;1638;1525.0
2031;90.0;CDC12253;DAF26177;0.01;0.58;0.63;0.0;0.02;3.0;7.0;8.0;19.0;2842.0;18.0;1480.0;1631;1525.0
2030;90.0;F255E164;5C6E672A;0.02;0.41;0.44;0.0;0.02;2.0;7.0;5.0;17.0;0.0;34.0;1483.0;1647;1528.0
2029;90.0;C2AAF162;5C6E672A;0.02;0.38;0.4;0.0;0.02;1.0;7.0;14.0;3.0;554.0;34.0;1483.0;1656;1528.0
2028;90.0;9DFFC174;9C0993CD;0.03;0.55;0.6;0.0;0.02;5.0;5.0;4.0;47.0;2543.0;34.0;1480.0;1637;1530.0
2027;90.0;B1E4A86E;9C0993CD;0.03;0.54;0.59;0.0;0.02;4.0;5.0;2.0;5.0;1404.0;51.0;1480.0;1646;1530.0
2026;90.0;8B1D4233;9C0993CD;0.02;0.4;0.44;0.0;0.01;3.0;5.0;8.0;18.0;2552.0;51.0;1480.0;1642;1530.0
2025;90.0;6153BF95;9C0993CD;0.02;0.43;0.47;0.0;0.02;2.0;5.0;14.0;2.0;321.0;51.0;1480.0;1655;1530.0
2024;90.0;E188567F;9C0993CD;0.02;0.45;0.49;0.0;0.02;1.0;5.0;4.0;46.0;2312.0;51.0;1480.0;1665;1530.0
2023;90.0;BD2A231C;87C78AB7;0.0;0.39;0.45;0.0;0.0;4.0;4.0;6.0;65.0;2315.0;34.0;1480.0;1632;1525.0
2022;90.0;12D34451;12A9E163;0.01;0.54;0.56;0.0;0.02;3.0;4.0;2.0;4.0;1106.0;18.0;1476.0;1615;1521.0
2021;90.0;250660AE;12A9E163;0.01;0.46;0.48;0.0;0.02;2.0;4.0;8.0;17.0;2248.0;18.0;1476.0;1619;1521.0
2020;90.0;F5993880;00FFEE90;0.01;0.44;0.48;0.01;0.03;1.0;4.0;14.0;1.0;0.0;18.0;1489.0;1671;1534.0
2019;180.0;9FA1D95E;6C955C02;0.02;0.52;0.57;0.0;0.0;5.0;5.0;5.0;16.0;1877.0;51.0;1483.0;1643;1528.0
2018;180.0;69017C5B;6C955C02;0.02;0.53;0.58;0.0;0.0;4.0;5.0;4.0;45.0;1881.0;51.0;1483.0;1641;1528.0
2017;180.0;59A2951F;6C955C02;0.02;0.45;0.49;0.0;0.0;3.0;5.0;6.0;64.0;1884.0;51.0;1483.0;1638;1528.0
2016;180.0;DFE771AB;6C955C02;0.01;0.36;0.4;0.0;0.0;2.0;5.0;2.0;3.0;664.0;51.0;1483.0;1648;1528.0
2015;180.0;77DBD0AB;6C955C02;0.01;0.41;0.44;0.0;0.0;1.0;5.0;8.0;16.0;1798.0;55.0;1483.0;1662;1528.0
2014;180.0;649BB7DF;2757A61E;0.01;0.68;0.73;0.01;0.0;3.0;3.0;5.0;15.0;1544.0;57.0;1486.0;1709;1541.0
2013;180.0;66439F64;2757A61E;0.01;0.63;0.68;0.01;0.0;2.0;3.0;4.0;44.0;1540.0;57.0;1486.0;1706;1541.0
2012;180.0;949957EA;2757A61E;0.01;0.64;0.68;0.01;0.0;1.0;3.0;6.0;63.0;1532.0;57.0;1486.0;1717;1541.0
2011;180.0;EA3435A5;2757A61E;0.01;0.55;0.59;0.01;0.0;3.0;3.0;2.0;2.0;326.0;57.0;1486.0;1733;1541.0
2010;180.0;A3D3DFC9;2757A61E;0.01;0.57;0.61;0.01;0.0;2.0;3.0;8.0;15.0;1460.0;57.0;1486.0;1708;1541.0
2009;180.0;223AADC9;2757A61E;0.01;0.67;0.72;0.01;0.0;1.0;3.0;5.0;14.0;1215.0;57.0;1486.0;1717;1541.0
2008;180.0;6CD12078;2757A61E;0.0;0.49;0.53;0.01;0.0;3.0;3.0;4.0;43.0;1208.0;57.0;1486.0;1719;1541.0
2007;180.0;90A422CA;2757A61E;0.0;0.51;0.55;0.01;0.0;2.0;3.0;6.0;62.0;1200.0;57.0;1486.0;1711;1541.0
2006;180.0;BF774072;2757A61E;0.0;0.54;0.58;0.01;0.0;1.0;3.0;2.0;1.0;0.0;57.0;1486.0;1753;1541.0
2005;180.0;5B7FF953;281A1554;0.0;0.53;0.55;0.01;0.0;3.0;3.0;8.0;14.0;1145.0;57.0;1486.0;1711;1541.0
2004;180.0;1E4605FB;281A1554;0.01;0.58;0.6;0.01;0.0;2.0;3.0;5.0;13.0;892.0;57.0;1486.0;1705;1541.0
2003;180.0;5135D3C1;281A1554;0.01;0.66;0.69;0.01;0.0;1.0;3.0;4.0;42.0;855.0;57.0;1486.0;1704;1541.0
2002;180.0;110B8910;E1B28665;0.01;0.37;0.41;0.0;0.01;8.0;8.0;6.0;61.0;815.0;46.0;1492.0;1671;1547.0
2001;180.0;3EAEF11E;E1B28665;0.0;0.32;0.35;0.0;0.01;7.0;8.0;8.0;13.0;823.0;46.0;1492.0;1671;1547.0
2000;180.0;4949394B;E1B28665;0.01;0.45;0.49;0.0;0.01;6.0;8.0;3.0;62.0;284.0;46.0;1492.0;1664;1547.0
1999;180.0;99EFDD53;E1B28665;0.01;0.45;0.48;0.0;0.01;5.0;8.0;5.0;12.0;515.0;46.0;1492.0;1666;1547.0
1998;180.0;EAC3A400;E1B28665;0.01;0.45;0.49;0.0;0.01;4.0;8.0;4.0;41.0;516.0;46.0;1492.0;1661;1547.0
1997;180.0;356AFC27;E1B28665;0.01;0.42;0.46;0.0;0.01;3.0;8.0;6.0;60.0;520.0;46.0;1492.0;1668;1547.0
1996;180.0;AD51FEB4;E1B28665;0.01;0.41;0.44;0.0;0.01;2.0;8.0;8.0;12.0;529.0;46.0;1492.0;1664;1547.0
1995;180.0;09495352;E1B28665;0.0;0.32;0.35;0.0;0.01;1.0;8.0;3.0;61.0;0.0;57.0;1492.0;1704;1547.0
1994;180.0;57E53047;D22BFB79;0.01;0.3;0.33;0.01;0.04;4.0;4.0;5.0;11.0;238.0;46.0;1480.0;1647;1540.0
1993;180.0;D67825CA;D22BFB79;0.01;0.3;0.33;0.01;0.04;3.0;4.0;4.0;40.0;237.0;46.0;1480.0;1647;1540.0
1992;180.0;08E72091;D22BFB79;0.01;0.34;0.37;0.01;0.05;2.0;4.0;6.0;59.0;232.0;46.0;1480.0;1649;1540.0
1991;180.0;D936E384;D22BFB79;0.01;0.35;0.39;0.01;0.05;1.0;4.0;8.0;11.0;245.0;46.0;1480.0;1672;1540.0
1990;180.0;A6883634;19008928;0.01;0.59;0.65;0.0;0.03;4.0;4.0;5.0;10.0;0.0;46.0;1474.0;1667;1530.0
1989;180.0;DEA918EB;7E7D0B4D;0.01;0.51;0.53;0.01;0.0;3.0;4.0;4.0;39.0;0.0;51.0;1480.0;1660;1530.0
1988;180.0;F8D5447C;7E7D0B4D;0.01;0.59;0.61;0.01;0.0;2.0;4.0;6.0;58.0;0.0;51.0;1480.0;1664;1530.0
1987;180.0;F491AAFC;9CF45E8B;0.01;0.37;0.39;0.01;0.02;1.0;4.0;8.0;10.0;0.0;55.0;1475.0;1689;1525.0
1986;180.0;B2706B49;502F0F5B;0.01;0.52;0.56;0.02;0.07;2.0;2.0;4.0;38.0;1620.0;51.0;1470.0;1625;1515.0
1985;180.0;BB9C73A4;4FA44D87;0.01;0.43;0.45;0.01;0.02;1.0;2.0;5.0;9.0;1891.0;46.0;1473.0;1643;1518.0
1984;180.0;DDCEB724;F852E2F5;0.01;0.53;0.57;0.02;0.07;7.0;7.0;6.0;57.0;1925.0;46.0;1470.0;1623;1515.0
1983;180.0;74169200;F852E2F5;0.01;0.51;0.55;0.02;0.07;6.0;7.0;3.0;60.0;933.0;46.0;1470.0;1623;1515.0
1982;180.0;0DCA2EE1;F852E2F5;0.0;0.35;0.38;0.01;0.05;5.0;7.0;4.0;37.0;1388.0;51.0;1470.0;1622;1515.0
1981;180.0;411A8711;F852E2F5;0.01;0.39;0.42;0.01;0.05;4.0;7.0;5.0;8.0;1660.0;51.0;1470.0;1622;1515.0
1980;180.0;5386EA7C;F852E2F5;0.01;0.49;0.52;0.02;0.07;3.0;7.0;6.0;56.0;1687.0;46.0;1470.0;1628;1515.0
1979;180.0;24E416E6;F852E2F5;0.01;0.56;0.59;0.02;0.08;2.0;7.0;3.0;59.0;698.0;46.0;1470.0;1629;1515.0
1978;180.0;504F4072;F852E2F5;0.01;0.56;0.6;0.02;0.08;1.0;7.0;4.0;36.0;1152.0;55.0;1470.0;1641;1515.0
1977;180.0;3A3671C8;1EF55151;0.0;0.44;0.53;0.0;0.1;5.0;5.0;5.0;7.0;1414.0;34.0;1480.0;1636;1520.0
1976;180.0;39F65B46;E9D2B793;0.0;0.47;0.52;0.01;0.1;4.0;5.0;6.0;55.0;1444.0;25.0;1480.0;1628;1520.0
1975;180.0;920B414C;E9D2B793;0.0;0.39;0.43;0.01;0.08;3.0;5.0;3.0;58.0;448.0;25.0;1480.0;1630;1520.0
1974;180.0;A282F051;9970B431;0.0;0.47;0.57;0.01;0.1;2.0;5.0;4.0;35.0;900.0;34.0;1480.0;1625;1520.0
1973;180.0;6964F8BC;9970B431;0.0;0.39;0.47;0.01;0.08;1.0;5.0;5.0;6.0;1163.0;39.0;1480.0;1646;1520.0
1972;180.0;48B4ED39;B4CD6E45;0.0;0.75;0.78;0.0;0.02;3.0;3.0;6.0;54.0;1195.0;46.0;1475.0;1619;1510.0
1971;180.0;63DA1E0E;B4CD6E45;0.0;0.56;0.58;0.0;0.02;2.0;3.0;3.0;57.0;212.0;46.0;1475.0;1622;1510.0
1970;180.0;3F1EC82E;B4CD6E45;0.0;0.8;0.83;0.0;0.02;1.0;3.0;4.0;34.0;677.0;55.0;1475.0;1647;1510.0
1969;180.0;9A3DE6AA;D6C5A3D0;0.02;0.17;0.18;0.0;0.01;6.0;6.0;5.0;5.0;947.0;46.0;1501.0;1667;1546.0
1968;180.0;223ABA66;D6C5A3D0;0.02;0.2;0.22;0.0;0.02;5.0;6.0;6.0;53.0;983.0;46.0;1501.0;1665;1546.0
1967;180.0;85B0EF65;D6C5A3D0;0.02;0.18;0.2;0.0;0.02;4.0;6.0;3.0;56.0;0.0;46.0;1501.0;1678;1546.0
1966;180.0;5DA4F8DC;D6C5A3D0;0.02;0.16;0.17;0.0;0.01;3.0;6.0;4.0;33.0;460.0;46.0;1501.0;1661;1546.0
1965;180.0;4DD531FC;D6C5A3D0;0.02;0.17;0.19;0.0;0.01;2.0;6.0;5.0;4.0;704.0;46.0;1501.0;1658;1546.0
1964;180.0;55BEC702;D6C5A3D0;0.02;0.21;0.24;0.0;0.02;1.0;6.0;8.0;9.0;0.0;55.0;1501.0;1705;1546.0
1963;180.0;5CC4D2B9;5671F44D;0.02;0.68;0.71;0.0;0.01;7.0;7.0;6.0;52.0;666.0;46.0;1486.0;1670;1536.0
1957;180.0;DB3E9AC8;5671F44D;0.02;0.58;0.62;0.0;0.01;1.0;7.0;4.0;31.0;0.0;41.0;1486.0;1677;1536.0
1956;180.0;F09D3FD8;46F56B8C;0.0;0.33;0.35;0.01;0.03;7.0;7.0;15.0;64.0;221.0;39.0;1480.0;1628;1525.0
1955;180.0;1FD52395;46F56B8C;0.01;0.42;0.45;0.01;0.03;6.0;7.0;5.0;2.0;229.0;39.0;1480.0;1637;1525.0
1954;180.0;BFDDA80E;46F56B8C;0.01;0.47;0.51;0.01;0.04;5.0;7.0;6.0;50.0;239.0;39.0;1480.0;1627;1525.0
1953;180.0;B0A6EBC0;46F56B8C;0.0;0.33;0.35;0.01;0.03;4.0;7.0;3.0;54.0;0.0;39.0;1480.0;1658;1525.0
1952;180.0;70BDFE86;46F56B8C;0.01;0.44;0.48;0.01;0.04;3.0;7.0;15.0;63.0;0.0;39.0;1480.0;1657;1525.0
1951;180.0;0A39B964;46F56B8C;0.0;0.33;0.36;0.01;0.03;2.0;7.0;5.0;1.0;0.0;39.0;1480.0;1669;1525.0
1950;180.0;AFFDFBEA;46F56B8C;0.0;0.3;0.32;0.01;0.02;1.0;7.0;6.0;49.0;0.0;55.0;1480.0;1696;1525.0
1949;180.0;BE6F9AB0;D6C5A3D0;0.02;0.22;0.24;0.0;0.02;1.0;1.0;4.0;30.0;6615.0;55.0;1501.0;1680;1546.0
1948;180.0;0AC53DF4;2806A3F9;0.01;0.42;0.46;0.0;0.02;5.0;5.0;3.0;53.0;6487.0;34.0;1491.0;1650;1531.0
1947;180.0;E0C15374;2806A3F9;0.0;0.27;0.3;0.0;0.01;4.0;5.0;15.0;62.0;6214.0;34.0;1491.0;1637;1531.0
1946;180.0;05875099;5871DF5A;0.01;0.3;0.33;0.01;0.03;3.0;5.0;8.0;8.0;1848.0;46.0;1486.0;1655;1536.0
1945;180.0;8C086F31;00FFEE90;0.01;0.42;0.46;0.01;0.02;2.0;5.0;6.0;48.0;3089.0;51.0;1489.0;1650;1534.0
1944;180.0;CE2D0548;00FFEE90;0.01;0.3;0.32;0.01;0.02;1.0;5.0;4.0;29.0;6284.0;51.0;1489.0;1668;1534.0
1943;180.0;E921EAD4;D249F467;0.02;0.19;0.24;0.01;0.02;7.0;7.0;3.0;52.0;6176.0;46.0;1504.0;1676;1549.0
1942;180.0;BDF19A5F;D249F467;0.02;0.17;0.21;0.01;0.01;6.0;7.0;15.0;61.0;5906.0;46.0;1504.0;1672;1549.0
1941;180.0;F992A231;6466E4EB;0.02;0.18;0.22;0.01;0.01;5.0;7.0;8.0;7.0;1580.0;46.0;1505.0;1667;1545.0
1940;180.0;940AC77F;6466E4EB;0.03;0.22;0.26;0.01;0.02;4.0;7.0;6.0;47.0;2820.0;46.0;1505.0;1667;1545.0
1939;180.0;6684ED42;6466E4EB;0.03;0.23;0.27;0.01;0.02;3.0;7.0;4.0;28.0;6008.0;46.0;1505.0;1662;1545.0
1938;180.0;A3A43DB3;6466E4EB;0.02;0.18;0.22;0.01;0.01;2.0;7.0;3.0;51.0;5895.0;46.0;1505.0;1664;1545.0
1937;180.0;13336CB5;6466E4EB;0.02;0.19;0.23;0.01;0.01;1.0;7.0;15.0;60.0;5613.0;60.0;1505.0;1689;1545.0
1936;180.0;16667288;423E5208;0.02;0.29;0.31;0.01;0.02;4.0;4.0;8.0;6.0;1282.0;46.0;1501.0;1684;1546.0
1935;180.0;F347946D;35C7C29B;0.02;0.3;0.32;0.01;0.0;3.0;4.0;6.0;46.0;2521.0;69.0;1501.0;1709;1551.0
1934;180.0;C137A11E;35C7C29B;0.02;0.29;0.31;0.01;0.0;2.0;4.0;4.0;27.0;5717.0;69.0;1501.0;1693;1551.0
1933;180.0;520F7F67;35C7C29B;0.02;0.34;0.37;0.01;0.0;1.0;4.0;3.0;50.0;5613.0;69.0;1501.0;1700;1551.0
1932;180.0;AE9068AF;56FFE5DC;0.02;0.18;0.2;0.01;0.01;4.0;4.0;15.0;59.0;5343.0;39.0;1507.0;1646;1532.0
1931;180.0;CAF34572;56FFE5DC;0.02;0.14;0.16;0.01;0.01;3.0;4.0;8.0;5.0;1014.0;39.0;1507.0;1638;1532.0
1930;180.0;E0679E6E;56FFE5DC;0.02;0.19;0.22;0.01;0.01;2.0;4.0;6.0;45.0;2240.0;39.0;1507.0;1643;1532.0
1929;180.0;959E0E4E;56FFE5DC;0.02;0.16;0.18;0.01;0.01;1.0;4.0;4.0;26.0;5431.0;55.0;1507.0;1674;1532.0
1928;180.0;405FB070;42AA7C6A;0.01;0.87;1.02;0.0;0.01;5.0;5.0;3.0;49.0;5325.0;51.0;1470.0;1620;1510.0
1927;180.0;4C1E42C3;22ADB3F3;0.0;0.63;0.65;0.01;0.05;4.0;5.0;8.0;4.0;767.0;46.0;1476.0;1617;1501.0
1926;180.0;AA9C1790;22ADB3F3;0.0;0.75;0.78;0.01;0.06;3.0;5.0;15.0;58.0;4976.0;46.0;1476.0;1608;1501.0
1925;180.0;30B5C65D;22ADB3F3;0.0;0.84;0.87;0.01;0.07;2.0;5.0;4.0;25.0;5188.0;46.0;1476.0;1608;1501.0
1924;180.0;FF76A665;E154DB61;0.0;0.82;0.92;0.0;0.0;1.0;5.0;3.0;48.0;5087.0;69.0;1465.0;1613;1490.0
1923;180.0;A3B5E23C;9C5F9BFA;0.01;0.35;0.38;0.0;0.02;3.0;3.0;8.0;3.0;530.0;46.0;1490.0;1658;1535.0
1922;180.0;B1555DE5;9C5F9BFA;0.01;0.26;0.28;0.0;0.01;2.0;3.0;6.0;44.0;2025.0;46.0;1490.0;1651;1535.0
1921;180.0;10E50F19;9C5F9BFA;0.01;0.32;0.35;0.0;0.01;1.0;3.0;15.0;57.0;4703.0;51.0;1490.0;1666;1535.0
1920;180.0;6A68A12A;4AC24E4B;0.02;0.22;0.25;0.01;0.02;4.0;4.0;4.0;24.0;4924.0;51.0;1501.0;1657;1546.0
1919;180.0;E9684244;4AC24E4B;0.02;0.27;0.31;0.01;0.02;3.0;4.0;3.0;47.0;4821.0;51.0;1501.0;1659;1546.0
1918;180.0;4E00E94B;4AC24E4B;0.02;0.22;0.25;0.01;0.02;2.0;4.0;8.0;2.0;267.0;51.0;1501.0;1668;1546.0
1917;180.0;85CFC7E9;4AC24E4B;0.02;0.2;0.23;0.01;0.01;1.0;4.0;6.0;43.0;1766.0;55.0;1501.0;1681;1546.0
1916;180.0;2CB5D464;56FFE5DC;0.02;0.19;0.21;0.01;0.01;4.0;4.0;15.0;56.0;4434.0;39.0;1507.0;1644;1532.0
1915;180.0;E3F439B4;56FFE5DC;0.02;0.17;0.19;0.01;0.01;3.0;4.0;4.0;23.0;4647.0;39.0;1507.0;1639;1532.0
1914;180.0;3C82A3DA;56FFE5DC;0.02;0.2;0.22;0.01;0.01;2.0;4.0;3.0;46.0;4546.0;39.0;1507.0;1640;1532.0
1913;180.0;BD84DFD8;56FFE5DC;0.02;0.18;0.2;0.01;0.01;1.0;4.0;8.0;1.0;0.0;55.0;1507.0;1692;1532.0
1912;180.0;5E61BE9D;93142261;0.02;0.18;0.21;0.01;0.01;2.0;2.0;6.0;42.0;1480.0;46.0;1501.0;1659;1536.0
1911;180.0;A0C2825B;93142261;0.02;0.19;0.22;0.01;0.01;1.0;2.0;15.0;55.0;4144.0;60.0;1501.0;1677;1536.0
1910;180.0;275B3AE0;93142261;0.02;0.22;0.25;0.01;0.02;1.0;2.0;6.0;41.0;1343.0;55.0;1501.0;1666;1536.0
1909;180.0;3DF04680;93142261;0.02;0.24;0.28;0.01;0.02;2.0;4.0;4.0;22.0;4259.0;46.0;1501.0;1646;1536.0
1908;180.0;1E17A226;93142261;0.02;0.25;0.29;0.01;0.02;1.0;4.0;3.0;45.0;4154.0;55.0;1501.0;1678;1536.0
1907;180.0;14FB5389;F1291CB0;0.02;0.2;0.22;0.01;0.02;7.0;7.0;15.0;54.0;3875.0;55.0;1506.0;1670;1546.0
1906;180.0;8903C153;F1291CB0;0.02;0.18;0.2;0.01;0.02;6.0;7.0;6.0;40.0;1096.0;55.0;1506.0;1673;1546.0
1905;180.0;6DEE7954;F1291CB0;0.02;0.18;0.2;0.01;0.02;5.0;7.0;4.0;21.0;4036.0;55.0;1506.0;1665;1546.0
1904;180.0;300D37EB;F1291CB0;0.03;0.25;0.27;0.01;0.03;4.0;7.0;3.0;44.0;3935.0;55.0;1506.0;1659;1546.0
1903;180.0;AEA134EB;CC18C404;0.02;0.17;0.19;0.01;0.02;3.0;7.0;15.0;53.0;3661.0;46.0;1506.0;1669;1551.0
1902;180.0;406D3815;CC18C404;0.02;0.21;0.23;0.01;0.02;2.0;7.0;6.0;39.0;874.0;51.0;1506.0;1660;1551.0
1901;180.0;BAC423A9;CC18C404;0.02;0.23;0.25;0.01;0.02;1.0;7.0;4.0;20.0;3818.0;55.0;1506.0;1678;1551.0
1900;180.0;B10C6132;71A937D5;0.02;0.45;0.51;0.0;0.02;6.0;6.0;3.0;43.0;3708.0;51.0;1487.0;1650;1532.0
1899;180.0;A3870292;71A937D5;0.02;0.51;0.58;0.0;0.03;5.0;6.0;15.0;52.0;3431.0;51.0;1487.0;1653;1532.0
1898;180.0;AD125885;71A937D5;0.02;0.45;0.5;0.0;0.02;4.0;6.0;6.0;38.0;641.0;51.0;1487.0;1648;1532.0
1897;180.0;8522E344;71A937D5;0.01;0.32;0.36;0.0;0.02;3.0;6.0;4.0;19.0;3579.0;51.0;1487.0;1643;1532.0
1896;180.0;C4789F3D;71A937D5;0.02;0.5;0.57;0.0;0.03;2.0;6.0;3.0;42.0;3476.0;51.0;1487.0;1649;1532.0
1895;180.0;4317FB23;71A937D5;0.02;0.51;0.57;0.0;0.03;1.0;6.0;15.0;51.0;3189.0;51.0;1487.0;1667;1532.0
1894;180.0;076E8FBF;04751D20;0.02;0.21;0.23;0.01;0.02;2.0;2.0;6.0;37.0;281.0;46.0;1506.0;1669;1551.0
1893;180.0;58D1EECA;04751D20;0.02;0.21;0.23;0.01;0.02;3.0;4.0;4.0;18.0;3217.0;46.0;1506.0;1686;1551.0
1892;180.0;A6BBF00A;04751D20;0.02;0.2;0.22;0.01;0.02;2.0;4.0;3.0;41.0;3110.0;46.0;1506.0;1668;1551.0
1891;180.0;96C99192;04751D20;0.02;0.23;0.26;0.01;0.02;1.0;4.0;1.0;58.0;2784.0;51.0;1506.0;1683;1551.0
1890;180.0;C87B6904;56FFE5DC;0.02;0.18;0.2;0.01;0.01;4.0;4.0;15.0;51.0;3116.0;39.0;1507.0;1648;1532.0
1889;180.0;FFE5B3F8;56FFE5DC;0.02;0.17;0.2;0.01;0.01;3.0;4.0;6.0;36.0;0.0;39.0;1507.0;1660;1532.0
1888;180.0;48DA7813;56FFE5DC;0.02;0.15;0.17;0.01;0.01;2.0;4.0;4.0;17.0;2921.0;39.0;1507.0;1653;1532.0
1887;180.0;8C603566;56FFE5DC;0.03;0.2;0.23;0.02;0.01;1.0;4.0;3.0;40.0;2757.0;60.0;1507.0;1679;1532.0
1886;180.0;EF357B96;027DF228;0.0;1.0;1.06;0.0;0.0;2.0;2.0;1.0;57.0;2367.0;62.0;1463.0;1626;1489.0
1884;180.0;9DAB9D31;07025389;0.01;0.23;0.25;0.01;0.01;7.0;7.0;4.0;16.0;2569.0;46.0;1497.0;1659;1537.0
1883;180.0;F07F2322;07025389;0.02;0.32;0.35;0.01;0.02;6.0;7.0;6.0;35.0;2414.0;46.0;1497.0;1655;1537.0
1882;180.0;E9FFE06A;07025389;0.02;0.3;0.34;0.01;0.02;5.0;7.0;3.0;39.0;2406.0;46.0;1497.0;1655;1537.0
1881;180.0;8F138FFC;07025389;0.02;0.36;0.4;0.01;0.02;4.0;7.0;1.0;56.0;2080.0;46.0;1497.0;1655;1537.0
1880;180.0;6DA5AD61;07025389;0.02;0.25;0.28;0.01;0.01;3.0;7.0;15.0;49.0;2408.0;46.0;1497.0;1650;1537.0
1879;180.0;92B29C29;07025389;0.02;0.32;0.36;0.01;0.02;2.0;7.0;4.0;15.0;2276.0;46.0;1497.0;1665;1537.0
1878;180.0;7EDE6574;07025389;0.02;0.24;0.27;0.01;0.01;1.0;7.0;6.0;34.0;2119.0;46.0;1497.0;1665;1537.0
1877;180.0;A9831E9D;B29F406B;0.02;0.19;0.22;0.01;0.02;3.0;3.0;3.0;38.0;2102.0;46.0;1504.0;1671;1549.0
1876;180.0;0FABE5C3;76E5EEFF;0.03;0.23;0.27;0.01;0.01;2.0;3.0;1.0;55.0;1779.0;55.0;1504.0;1672;1549.0
1875;180.0;0DF5304F;A201F563;0.02;0.26;0.3;0.01;0.0;1.0;3.0;15.0;48.0;2112.0;51.0;1504.0;1677;1544.0
1874;180.0;4F35AF00;946866EE;0.02;0.2;0.25;0.01;0.02;6.0;6.0;4.0;14.0;1993.0;46.0;1501.0;1649;1536.0
1873;180.0;C54E125D;946866EE;0.02;0.21;0.25;0.01;0.02;5.0;6.0;6.0;33.0;1833.0;46.0;1501.0;1651;1536.0
1872;180.0;D23D800A;96956A01;0.02;0.17;0.19;0.01;0.02;4.0;6.0;3.0;37.0;1810.0;46.0;1500.0;1656;1540.0
1871;180.0;5CFA5613;96956A01;0.02;0.18;0.2;0.01;0.02;3.0;6.0;1.0;54.0;1485.0;46.0;1500.0;1656;1540.0
1870;180.0;3D5702FC;1C2BBD80;0.02;0.42;0.44;0.01;0.0;1.0;6.0;4.0;13.0;1681.0;57.0;1481.0;1666;1521.0
1869;180.0;C9C26D51;D36B37E7;0.01;0.43;0.49;0.0;0.0;1.0;6.0;15.0;47.0;1685.0;57.0;1480.0;1640;1520.0
1868;180.0;353EA0EE;56FFE5DC;0.02;0.15;0.17;0.01;0.01;4.0;4.0;6.0;32.0;1467.0;39.0;1507.0;1647;1532.0
1867;180.0;8FFD294C;56FFE5DC;0.02;0.19;0.21;0.01;0.01;3.0;4.0;3.0;36.0;1465.0;39.0;1507.0;1654;1532.0
1866;180.0;E9FFE06A;56FFE5DC;0.02;0.17;0.19;0.01;0.01;2.0;4.0;1.0;53.0;1140.0;39.0;1507.0;1646;1532.0
1865;180.0;D6A00ECF;56FFE5DC;0.02;0.14;0.16;0.01;0.01;1.0;4.0;4.0;12.0;1404.0;60.0;1507.0;1676;1532.0
1864;180.0;CAC564E3;0B13406F;0.01;0.54;0.57;0.0;0.0;5.0;5.0;15.0;46.0;1415.0;39.0;1480.0;1631;1520.0
1863;180.0;8522E344;0B13406F;0.01;0.46;0.5;0.0;0.0;4.0;5.0;6.0;31.0;1194.0;39.0;1480.0;1630;1520.0
1862;180.0;A82CE06C;2D9B78CA;0.01;0.36;0.37;0.0;0.01;3.0;5.0;3.0;35.0;1186.0;46.0;1487.0;1643;1527.0
1861;180.0;EF7BA26D;5A195F30;0.01;0.46;0.48;0.0;0.03;2.0;5.0;1.0;52.0;850.0;46.0;1487.0;1635;1527.0
1860;180.0;20227252;5A195F30;0.01;0.55;0.57;0.0;0.04;1.0;5.0;4.0;11.0;1111.0;46.0;1487.0;1653;1527.0
1859;180.0;8F9C21F4;493EAF60;0.01;0.33;0.34;0.0;0.01;5.0;5.0;15.0;45.0;1120.0;46.0;1486.0;1642;1521.0
1858;180.0;3DF04680;2BA96869;0.01;0.44;0.47;0.0;0.02;4.0;5.0;6.0;30.0;892.0;46.0;1486.0;1644;1526.0
1857;180.0;920B414C;2BA96869;0.01;0.42;0.45;0.0;0.02;3.0;5.0;1.0;51.0;619.0;46.0;1486.0;1640;1526.0
1856;180.0;73B68A58;92B3EDD4;0.03;0.22;0.28;0.01;0.01;2.0;5.0;3.0;34.0;834.0;39.0;1502.0;1657;1537.0
1855;180.0;CA9DDEAB;92B3EDD4;0.02;0.16;0.2;0.01;0.01;1.0;5.0;4.0;10.0;830.0;55.0;1502.0;1669;1537.0
1854;180.0;1E853A42;D927D5F2;0.02;0.16;0.19;0.01;0.02;5.0;5.0;15.0;44.0;840.0;46.0;1507.0;1674;1552.0
1853;180.0;B3350552;D927D5F2;0.02;0.18;0.2;0.01;0.02;4.0;5.0;6.0;29.0;617.0;46.0;1507.0;1672;1552.0
1852;180.0;4A0774A1;D927D5F2;0.02;0.19;0.21;0.01;0.02;3.0;5.0;1.0;50.0;337.0;46.0;1507.0;1669;1552.0
1851;180.0;BE2B3532;C696558F;0.03;0.24;0.27;0.0;0.02;2.0;5.0;3.0;33.0;550.0;46.0;1505.0;1650;1535.0
1850;180.0;325B4CFE;C696558F;0.03;0.25;0.28;0.0;0.03;1.0;5.0;4.0;9.0;543.0;46.0;1505.0;1666;1535.0
1849;180.0;4ED4E768;D927D5F2;0.02;0.18;0.21;0.01;0.02;3.0;8.0;15.0;43.0;500.0;46.0;1507.0;1662;1552.0
1848;180.0;DB3E9AC8;D927D5F2;0.02;0.17;0.19;0.01;0.02;2.0;8.0;6.0;28.0;279.0;46.0;1507.0;1666;1552.0
1847;180.0;E35F7032;4C9F89E7;0.02;0.17;0.19;0.01;0.02;1.0;8.0;1.0;49.0;0.0;51.0;1512.0;1705;1557.0
1846;180.0;51855DCB;249A7E68;0.01;0.37;0.4;0.0;0.02;7.0;7.0;3.0;32.0;214.0;46.0;1484.0;1624;1519.0
1845;180.0;C335D5C9;249A7E68;0.01;0.41;0.44;0.0;0.02;6.0;7.0;4.0;8.0;210.0;46.0;1484.0;1624;1519.0
1844;180.0;C8FB02F6;249A7E68;0.01;0.4;0.43;0.0;0.02;5.0;7.0;15.0;42.0;222.0;46.0;1484.0;1626;1519.0
1843;180.0;C14AF6DA;249A7E68;0.01;0.38;0.4;0.0;0.02;4.0;7.0;6.0;27.0;0.0;46.0;1484.0;1646;1519.0
1842;180.0;B890FA96;67470249;0.01;0.32;0.36;0.0;0.02;3.0;7.0;3.0;31.0;0.0;46.0;1486.0;1652;1526.0
1841;180.0;11451DC6;67470249;0.01;0.46;0.52;0.0;0.02;2.0;7.0;4.0;7.0;0.0;46.0;1486.0;1652;1526.0
1840;180.0;5CECAEF5;67470249;0.01;0.3;0.34;0.0;0.02;1.0;7.0;15.0;41.0;0.0;55.0;1486.0;1672;1526.0
1839;90.0;54797204;A8E02CB3;0.01;0.52;0.56;0.0;0.02;5.0;5.0;1.0;48.0;5239.0;34.0;1480.0;1620;1525.0
1838;90.0;4753E93B;87C78AB7;0.0;0.38;0.44;0.0;0.0;4.0;5.0;3.0;30.0;5235.0;34.0;1480.0;1620;1525.0
1837;90.0;EA65D1E7;12A9E163;0.01;0.37;0.39;0.0;0.02;3.0;5.0;4.0;6.0;1498.0;18.0;1476.0;1610;1521.0
1836;90.0;DE2E1932;12A9E163;0.01;0.45;0.47;0.0;0.02;2.0;5.0;6.0;26.0;7636.0;18.0;1476.0;1608;1521.0
1835;90.0;190A1D3D;263123F2;0.0;0.37;0.39;0.0;0.02;1.0;5.0;1.0;47.0;5012.0;34.0;1480.0;1638;1525.0
1834;90.0;B9945255;D3EA2584;0.01;0.56;0.6;0.0;0.02;7.0;7.0;15.0;40.0;8796.0;18.0;1482.0;1616;1527.0
1833;90.0;2A874D49;D3EA2584;0.01;0.57;0.61;0.0;0.02;6.0;7.0;3.0;29.0;4940.0;34.0;1482.0;1632;1527.0
1832;90.0;8484B1F1;CA50D5FB;0.01;0.77;0.8;0.0;0.01;5.0;7.0;4.0;5.0;1199.0;41.0;1474.0;1628;1519.0
1831;90.0;F199112D;CA50D5FB;0.01;0.78;0.81;0.0;0.01;4.0;7.0;6.0;25.0;7340.0;41.0;1474.0;1625;1519.0
1830;90.0;7FEE947C;24C923E1;0.02;0.46;0.49;0.0;0.0;3.0;7.0;1.0;46.0;4718.0;34.0;1476.0;1633;1521.0
1829;90.0;7D25468E;24C923E1;0.02;0.52;0.55;0.0;0.0;2.0;7.0;15.0;39.0;8511.0;34.0;1476.0;1623;1521.0
1828;90.0;E3D8F05A;24C923E1;0.02;0.46;0.49;0.0;0.0;1.0;7.0;3.0;28.0;4664.0;34.0;1476.0;1636;1521.0
1827;90.0;EB317BD7;76E5EEFF;0.02;0.17;0.19;0.01;0.01;4.0;4.0;4.0;4.0;927.0;34.0;1504.0;1649;1549.0
1826;90.0;E63DC315;76E5EEFF;0.03;0.26;0.3;0.01;0.01;3.0;4.0;6.0;24.0;7073.0;34.0;1504.0;1647;1549.0
1825;90.0;121E85EF;76E5EEFF;0.03;0.22;0.26;0.01;0.01;2.0;4.0;1.0;45.0;4451.0;41.0;1504.0;1660;1549.0
1824;90.0;A237887C;A201F563;0.01;0.19;0.22;0.01;0.0;1.0;4.0;15.0;38.0;8245.0;34.0;1504.0;1667;1549.0
1823;90.0;C5681F2F;96956A01;0.02;0.22;0.24;0.01;0.02;7.0;7.0;3.0;27.0;4397.0;46.0;1500.0;1652;1540.0
1822;90.0;9D5ECF0B;96956A01;0.02;0.19;0.21;0.01;0.02;6.0;7.0;4.0;3.0;645.0;46.0;1500.0;1671;1540.0
1821;90.0;7970A18D;8C409667;0.02;0.16;0.18;0.01;0.0;5.0;7.0;6.0;23.0;6788.0;34.0;1504.0;1661;1544.0
1820;90.0;5A67F782;1169CAE4;0.02;0.19;0.22;0.0;0.02;4.0;7.0;1.0;44.0;4165.0;46.0;1502.0;1660;1542.0
1819;90.0;DEE5DE5E;1169CAE4;0.02;0.17;0.19;0.0;0.02;3.0;7.0;15.0;37.0;7951.0;46.0;1502.0;1655;1542.0
1818;90.0;F98EC60C;D36B37E7;0.01;0.42;0.48;0.0;0.0;2.0;7.0;3.0;26.0;4102.0;41.0;1480.0;1638;1525.0
1817;90.0;E2A73672;D36B37E7;0.01;0.35;0.39;0.0;0.0;1.0;7.0;4.0;2.0;357.0;53.0;1480.0;1672;1525.0
1816;90.0;6AF86343;9C0993CD;0.02;0.45;0.49;0.0;0.02;6.0;6.0;6.0;22.0;6487.0;51.0;1480.0;1658;1530.0
1815;90.0;B6E91EF5;9C0993CD;0.02;0.37;0.41;0.0;0.01;5.0;6.0;1.0;43.0;3861.0;51.0;1480.0;1650;1530.0
1814;90.0;2305D0D6;9C0993CD;0.02;0.41;0.45;0.0;0.01;4.0;6.0;15.0;36.0;7656.0;51.0;1480.0;1641;1530.0
1813;90.0;16FFC0DA;9C0993CD;0.02;0.35;0.39;0.0;0.01;3.0;6.0;2.0;55.0;7737.0;51.0;1480.0;1637;1530.0
1812;90.0;A258C1D5;9C0993CD;0.02;0.35;0.39;0.0;0.01;2.0;6.0;3.0;25.0;3744.0;51.0;1480.0;1638;1530.0
1811;90.0;149F9A8C;9C0993CD;0.02;0.35;0.38;0.0;0.01;1.0;6.0;4.0;1.0;0.0;51.0;1480.0;1681;1530.0
1810;90.0;35C6EF23;DAF26177;0.01;0.6;0.65;0.0;0.02;10.0;10.0;6.0;21.0;6129.0;34.0;1480.0;1618;1525.0
1809;90.0;6597C55D;DAF26177;0.01;0.49;0.54;0.0;0.02;9.0;10.0;1.0;42.0;3509.0;18.0;1480.0;1607;1525.0
1808;90.0;E33B9FE4;74291B2A;0.01;0.51;0.56;0.0;0.02;8.0;10.0;15.0;35.0;7299.0;18.0;1480.0;1613;1525.0
1807;90.0;5029FE01;7BF6FBDF;0.02;0.55;0.58;0.0;0.01;7.0;10.0;2.0;54.0;7371.0;34.0;1482.0;1642;1537.0
1806;90.0;6A82F847;7BF6FBDF;0.02;0.53;0.56;0.0;0.01;6.0;10.0;3.0;24.0;3379.0;34.0;1482.0;1652;1537.0
1805;90.0;9389F45D;7BF6FBDF;0.01;0.44;0.46;0.0;0.01;5.0;10.0;6.0;20.0;5829.0;34.0;1482.0;1641;1537.0
1804;90.0;C7E2E341;7BF6FBDF;0.01;0.39;0.41;0.0;0.01;4.0;10.0;1.0;41.0;3197.0;34.0;1482.0;1648;1537.0
1803;90.0;0ECF8EA5;7BF6FBDF;0.02;0.47;0.5;0.0;0.01;3.0;10.0;15.0;34.0;6987.0;34.0;1482.0;1648;1537.0
1802;90.0;54B001BC;7BF6FBDF;0.01;0.43;0.46;0.0;0.01;2.0;10.0;2.0;53.0;7051.0;34.0;1482.0;1646;1537.0
1801;90.0;623B59E0;7BF6FBDF;0.01;0.4;0.43;0.0;0.01;1.0;10.0;3.0;23.0;3061.0;18.0;1482.0;1656;1537.0
1800;90.0;EF66C2F1;59D14704;0.02;0.54;0.58;0.0;0.01;8.0;8.0;6.0;19.0;5509.0;34.0;1487.0;1654;1537.0
1799;90.0;C933CB64;59D14704;0.01;0.5;0.54;0.0;0.01;7.0;8.0;1.0;40.0;2889.0;34.0;1487.0;1641;1537.0
1798;90.0;7C2ED23D;59D14704;0.01;0.49;0.53;0.0;0.01;6.0;8.0;15.0;33.0;6677.0;34.0;1487.0;1642;1537.0
1797;90.0;E0C4317E;59D14704;0.02;0.53;0.57;0.0;0.01;5.0;8.0;2.0;52.0;6759.0;34.0;1487.0;1647;1537.0
1796;90.0;FE201F45;59D14704;0.02;0.64;0.7;0.0;0.01;4.0;8.0;3.0;22.0;2766.0;34.0;1487.0;1646;1537.0
1795;90.0;17F7C9EA;59D14704;0.02;0.63;0.68;0.0;0.01;3.0;8.0;6.0;18.0;5214.0;34.0;1487.0;1646;1537.0
1794;90.0;3678BFFE;59D14704;0.02;0.52;0.56;0.0;0.01;1.0;8.0;15.0;32.0;6363.0;44.0;1487.0;1640;1537.0
1793;90.0;2A642CB2;59D14704;0.01;0.43;0.47;0.0;0.01;3.0;10.0;1.0;39.0;2461.0;34.0;1487.0;1634;1537.0
1792;90.0;93D9F112;59D14704;0.02;0.53;0.58;0.0;0.01;2.0;10.0;2.0;51.0;6390.0;34.0;1487.0;1640;1537.0
1791;90.0;0DB1136D;59D14704;0.01;0.51;0.55;0.0;0.01;1.0;10.0;3.0;21.0;2398.0;44.0;1487.0;1657;1537.0
1790;90.0;11C6C14B;3BA0D398;0.0;0.36;0.4;0.0;0.03;4.0;4.0;6.0;17.0;4853.0;18.0;1488.0;1625;1533.0
1789;90.0;1727DE95;3BA0D398;0.0;0.44;0.49;0.0;0.03;3.0;4.0;15.0;31.0;6077.0;18.0;1488.0;1621;1533.0
1788;90.0;438B584C;3BA0D398;0.0;0.49;0.54;0.0;0.04;2.0;4.0;1.0;38.0;2168.0;18.0;1488.0;1624;1533.0
1787;90.0;9D3A5844;3BA0D398;0.0;0.36;0.39;0.0;0.03;1.0;4.0;2.0;50.0;6092.0;18.0;1488.0;1646;1533.0
1786;90.0;CFC27437;0A8B5BDF;0.01;0.29;0.31;0.01;0.02;6.0;6.0;3.0;20.0;2105.0;41.0;1481.0;1652;1536.0
1785;90.0;0DF5304F;0A8B5BDF;0.01;0.46;0.49;0.02;0.03;5.0;6.0;6.0;16.0;4555.0;41.0;1481.0;1653;1536.0
1784;90.0;89FAFAD6;0A8B5BDF;0.01;0.34;0.36;0.01;0.02;4.0;6.0;15.0;30.0;5782.0;41.0;1481.0;1650;1536.0
1783;90.0;2F6941A6;46F56B8C;0.01;0.43;0.47;0.01;0.04;3.0;6.0;1.0;37.0;1877.0;34.0;1480.0;1641;1535.0
1782;90.0;75C26616;46F56B8C;0.0;0.35;0.37;0.01;0.03;2.0;6.0;2.0;49.0;5792.0;34.0;1480.0;1642;1535.0
1781;90.0;F8E5984F;46F56B8C;0.01;0.46;0.49;0.01;0.04;1.0;6.0;3.0;19.0;1803.0;34.0;1480.0;1646;1535.0
1780;90.0;5E93E6E2;0C12C54A;0.0;0.45;0.48;0.02;0.05;3.0;3.0;6.0;15.0;4240.0;51.0;1472.0;1640;1517.0
1779;90.0;29BA9A9A;0C12C54A;0.0;0.39;0.41;0.02;0.04;2.0;3.0;15.0;29.0;5454.0;51.0;1472.0;1644;1517.0
1778;90.0;8708479C;0C12C54A;0.0;0.37;0.4;0.01;0.04;1.0;3.0;1.0;36.0;1553.0;34.0;1472.0;1639;1517.0
1777;90.0;E0679E6E;C127CCB2;0.0;0.39;0.47;0.0;0.18;4.0;4.0;2.0;48.0;5471.0;34.0;1484.0;1664;1529.0
1776;90.0;7F7807AD;E294A4B5;0.0;0.08;0.11;0.0;0.31;3.0;4.0;3.0;18.0;1475.0;0.0;1509.0;1636;1549.0
1775;90.0;8EB3FA94;E294A4B5;0.0;0.07;0.1;0.0;0.28;2.0;4.0;6.0;14.0;3922.0;0.0;1509.0;1626;1549.0
1774;90.0;4AA22C6C;E294A4B5;0.0;0.07;0.1;0.0;0.27;1.0;4.0;15.0;28.0;5147.0;0.0;1509.0;1645;1549.0
1773;90.0;C203B1A5;E9D2B793;0.0;0.39;0.44;0.01;0.09;6.0;6.0;1.0;35.0;1245.0;34.0;1480.0;1640;1520.0
1772;90.0;87258B74;E9D2B793;0.0;0.47;0.53;0.01;0.1;5.0;6.0;2.0;47.0;5172.0;18.0;1480.0;1627;1520.0
1771;90.0;C931942A;E9D2B793;0.0;0.4;0.44;0.01;0.09;4.0;6.0;3.0;17.0;1182.0;18.0;1480.0;1627;1520.0
1770;90.0;3496C1A3;9970B431;0.0;0.35;0.42;0.01;0.07;3.0;6.0;6.0;13.0;3638.0;18.0;1480.0;1626;1520.0
1769;90.0;C6A7A4B3;9970B431;0.0;0.44;0.53;0.01;0.09;2.0;6.0;15.0;27.0;4861.0;34.0;1480.0;1628;1520.0
1768;90.0;CE2D0548;9970B431;0.0;0.32;0.39;0.01;0.07;1.0;6.0;1.0;34.0;961.0;34.0;1480.0;1639;1520.0
1767;90.0;418A1BDD;4AC24E4B;0.02;0.24;0.28;0.01;0.02;4.0;4.0;2.0;46.0;4889.0;41.0;1501.0;1650;1541.0
1766;90.0;511DEB41;4AC24E4B;0.02;0.23;0.26;0.01;0.02;3.0;4.0;3.0;16.0;856.0;41.0;1501.0;1643;1541.0
1765;90.0;279FECA2;4AC24E4B;0.02;0.25;0.29;0.01;0.02;2.0;4.0;6.0;12.0;3309.0;34.0;1501.0;1644;1541.0
1764;90.0;F3B73F87;4AC24E4B;0.02;0.25;0.29;0.01;0.02;1.0;4.0;15.0;26.0;4535.0;34.0;1501.0;1648;1541.0
1763;90.0;DECE73B4;4AC24E4B;0.03;0.29;0.32;0.01;0.02;3.0;7.0;2.0;45.0;4614.0;34.0;1501.0;1640;1541.0
1762;90.0;3B32C7D5;0D082BA3;0.01;0.23;0.26;0.01;0.02;2.0;7.0;1.0;33.0;554.0;34.0;1498.0;1646;1538.0
1761;90.0;BAFA8138;0D082BA3;0.01;0.25;0.28;0.01;0.02;1.0;7.0;3.0;15.0;553.0;34.0;1498.0;1657;1538.0
1760;90.0;7A8293D1;F1291CB0;0.02;0.18;0.2;0.01;0.02;6.0;6.0;6.0;11.0;3003.0;51.0;1506.0;1677;1551.0
1759;90.0;1E00020A;F1291CB0;0.02;0.18;0.2;0.01;0.02;5.0;6.0;15.0;25.0;4231.0;51.0;1506.0;1681;1551.0
1758;90.0;C4D66D24;CC18C404;0.02;0.18;0.19;0.01;0.02;4.0;6.0;2.0;44.0;4313.0;41.0;1506.0;1668;1551.0
1757;90.0;920B414C;CC18C404;0.02;0.21;0.23;0.01;0.02;3.0;6.0;1.0;32.0;275.0;34.0;1506.0;1658;1551.0
1756;90.0;7626D6FD;CC18C404;0.03;0.25;0.28;0.01;0.03;2.0;6.0;3.0;14.0;268.0;34.0;1506.0;1659;1551.0
1755;90.0;A5373BA4;F2951EE4;0.01;0.24;0.26;0.01;0.02;1.0;6.0;6.0;10.0;2730.0;41.0;1496.0;1667;1536.0
1754;90.0;808CFF28;6466E4EB;0.02;0.17;0.2;0.01;0.01;7.0;7.0;15.0;24.0;3957.0;34.0;1505.0;1665;1550.0
1753;90.0;CA75B483;6466E4EB;0.02;0.18;0.22;0.01;0.01;6.0;7.0;2.0;43.0;4040.0;34.0;1505.0;1656;1550.0
1752;90.0;6C0A0F3A;6466E4EB;0.03;0.19;0.23;0.01;0.02;5.0;7.0;1.0;31.0;0.0;34.0;1505.0;1683;1550.0
1751;90.0;CEB1F5FE;44661CD0;0.02;0.17;0.19;0.01;0.02;4.0;7.0;3.0;13.0;0.0;32.0;1506.0;1684;1551.0
1750;90.0;4E560763;44661CD0;0.02;0.2;0.22;0.01;0.02;3.0;7.0;6.0;9.0;2453.0;32.0;1506.0;1660;1551.0
1749;90.0;15EF206D;E9545D44;0.02;0.19;0.21;0.01;0.01;2.0;7.0;15.0;23.0;3664.0;34.0;1506.0;1662;1551.0
1748;90.0;59BC00D4;E9545D44;0.02;0.16;0.18;0.01;0.01;1.0;7.0;2.0;42.0;3751.0;51.0;1506.0;1694;1551.0
1747;90.0;05B459DC;D6BA9D02;0.02;0.52;0.55;0.0;0.02;7.0;7.0;6.0;8.0;2150.0;34.0;1481.0;1630;1526.0
1746;90.0;6C04CEE0;D6BA9D02;0.02;0.51;0.54;0.0;0.02;6.0;7.0;2.0;41.0;3514.0;34.0;1481.0;1627;1526.0
1745;90.0;E0C15374;D6BA9D02;0.01;0.35;0.36;0.0;0.02;5.0;7.0;1.0;30.0;3254.0;34.0;1481.0;1635;1526.0
1744;90.0;2F8E7E59;D6BA9D02;0.02;0.46;0.48;0.0;0.02;4.0;7.0;3.0;12.0;3329.0;34.0;1481.0;1641;1526.0
1743;90.0;5EDA2DDB;E25D9AF5;0.01;0.34;0.36;0.0;0.02;3.0;7.0;15.0;22.0;3211.0;34.0;1486.0;1632;1531.0
1742;90.0;53F2C714;67470249;0.01;0.45;0.51;0.0;0.02;2.0;7.0;6.0;7.0;1871.0;34.0;1486.0;1643;1531.0
1741;90.0;ED1E7E73;67470249;0.01;0.31;0.35;0.0;0.02;1.0;7.0;2.0;40.0;3232.0;34.0;1486.0;1653;1531.0
1740;90.0;5F3DCC44;17D537B5;0.02;0.13;0.14;0.01;0.02;6.0;6.0;1.0;29.0;2977.0;18.0;1509.0;1661;1554.0
1739;90.0;6EC1DC47;D927D5F2;0.03;0.19;0.22;0.01;0.03;5.0;6.0;3.0;11.0;3052.0;32.0;1507.0;1660;1551.0
1738;90.0;FB1E8537;D927D5F2;0.02;0.18;0.2;0.01;0.02;4.0;6.0;15.0;21.0;2928.0;32.0;1507.0;1656;1551.0
1737;90.0;C9EA76FC;D927D5F2;0.02;0.18;0.21;0.01;0.02;3.0;6.0;6.0;6.0;1587.0;32.0;1507.0;1664;1551.0
1736;90.0;9DD1DB54;C1BE9DD8;0.02;0.14;0.16;0.01;0.02;2.0;6.0;2.0;39.0;2943.0;34.0;1507.0;1674;1551.0
1735;90.0;EDBA003C;C1BE9DD8;0.02;0.15;0.16;0.01;0.02;1.0;6.0;1.0;28.0;2686.0;34.0;1507.0;1687;1551.0
1734;90.0;C5854550;C696558F;0.02;0.2;0.22;0.0;0.02;5.0;5.0;3.0;10.0;2757.0;46.0;1505.0;1686;1555.0
1733;90.0;6551D9B9;C696558F;0.02;0.21;0.23;0.0;0.02;4.0;5.0;15.0;20.0;2641.0;34.0;1505.0;1673;1555.0
1732;90.0;D0DB78B8;7D015357;0.02;0.13;0.15;0.01;0.01;3.0;5.0;6.0;5.0;1282.0;46.0;1506.0;1686;1551.0
1731;90.0;A6C085C9;7D015357;0.02;0.17;0.19;0.01;0.01;2.0;5.0;2.0;38.0;2643.0;46.0;1506.0;1673;1551.0
1730;90.0;504F53E7;7D015357;0.03;0.2;0.23;0.02;0.01;1.0;5.0;1.0;27.0;2383.0;53.0;1506.0;1689;1551.0
1729;90.0;9E38D09A;9DBCC3D3;0.02;0.17;0.19;0.0;0.02;5.0;5.0;3.0;9.0;2453.0;39.0;1502.0;1662;1552.0
1728;90.0;6CCFA936;9DBCC3D3;0.02;0.23;0.25;0.0;0.02;4.0;5.0;15.0;19.0;2327.0;39.0;1502.0;1670;1552.0
1727;90.0;69BE1433;A410176C;0.02;0.15;0.2;0.01;0.01;3.0;5.0;6.0;4.0;979.0;57.0;1502.0;1703;1557.0
1726;90.0;FB2B3016;A410176C;0.02;0.15;0.19;0.01;0.01;2.0;5.0;2.0;37.0;2344.0;57.0;1502.0;1687;1557.0
1725;90.0;386A763F;A410176C;0.02;0.21;0.27;0.01;0.01;1.0;5.0;1.0;26.0;2083.0;57.0;1502.0;1704;1557.0
1724;90.0;DC6FE7A8;C21BA30D;0.0;1.1;1.19;0.0;0.0;3.0;3.0;3.0;8.0;2158.0;64.0;1462.0;1611;1497.0
1723;90.0;C0B98818;C21BA30D;0.0;0.76;0.81;0.0;0.0;2.0;3.0;15.0;18.0;2029.0;64.0;1462.0;1607;1497.0
1722;90.0;1D29A6DB;C21BA30D;0.0;1.16;1.25;0.0;0.0;1.0;3.0;6.0;3.0;693.0;69.0;1462.0;1623;1497.0
1721;90.0;F1D2F8E8;71A937D5;0.01;0.34;0.38;0.0;0.02;4.0;4.0;2.0;36.0;2049.0;18.0;1487.0;1644;1542.0
1720;90.0;4A6F9501;71A937D5;0.02;0.49;0.55;0.0;0.02;3.0;4.0;1.0;25.0;1797.0;34.0;1487.0;1657;1542.0
1719;90.0;310A7D84;71A937D5;0.02;0.51;0.57;0.0;0.03;2.0;4.0;3.0;7.0;1867.0;34.0;1487.0;1647;1542.0
1718;90.0;4C9D6C63;92B3EDD4;0.02;0.19;0.25;0.01;0.01;1.0;4.0;15.0;17.0;1703.0;39.0;1502.0;1674;1547.0
1717;180.0;552106A8;976B0813;0.01;0.88;0.97;0.01;0.0;6.0;6.0;6.0;2.0;301.0;57.0;1457.0;1645;1492.0
1716;180.0;CC2C0734;976B0813;0.02;1.13;1.25;0.01;0.0;5.0;6.0;2.0;35.0;1646.0;57.0;1457.0;1618;1492.0
1715;180.0;5C022BBE;976B0813;0.02;0.97;1.07;0.01;0.0;4.0;6.0;1.0;24.0;1384.0;57.0;1457.0;1613;1492.0
1714;180.0;45FBB26C;976B0813;0.02;0.96;1.06;0.01;0.0;3.0;6.0;3.0;6.0;1451.0;57.0;1457.0;1624;1492.0
1713;180.0;68DADFF6;976B0813;0.01;0.83;0.92;0.01;0.0;2.0;6.0;15.0;16.0;1333.0;57.0;1457.0;1619;1492.0
1712;180.0;B1F76A59;976B0813;0.01;0.89;0.98;0.01;0.0;1.0;6.0;6.0;1.0;0.0;62.0;1457.0;1666;1492.0
1711;180.0;09495352;E1B28665;0.0;0.32;0.35;0.0;0.01;8.0;8.0;2.0;34.0;1360.0;46.0;1492.0;1673;1547.0
1710;180.0;7F9ADE4C;E1B28665;0.0;0.33;0.36;0.0;0.01;7.0;8.0;1.0;23.0;1102.0;46.0;1492.0;1665;1547.0
1709;180.0;1515F426;E1B28665;0.0;0.35;0.38;0.0;0.01;6.0;8.0;5.0;63.0;296.0;46.0;1492.0;1673;1547.0
1708;180.0;04E7BC81;E1B28665;0.01;0.44;0.47;0.0;0.01;5.0;8.0;3.0;5.0;1114.0;46.0;1492.0;1669;1547.0
1707;180.0;DD9FEE87;E1B28665;0.0;0.3;0.33;0.0;0.01;4.0;8.0;15.0;15.0;995.0;46.0;1492.0;1673;1547.0
1706;180.0;FF0A071C;E1B28665;0.01;0.36;0.39;0.0;0.01;3.0;8.0;2.0;33.0;1065.0;46.0;1492.0;1667;1547.0
1705;180.0;C1336130;E1B28665;0.0;0.35;0.37;0.0;0.01;2.0;8.0;1.0;22.0;810.0;46.0;1492.0;1671;1547.0
1704;180.0;E2A576D2;E1B28665;0.01;0.46;0.5;0.0;0.01;1.0;8.0;5.0;62.0;0.0;57.0;1492.0;1707;1547.0
1703;180.0;C8958AD2;3BA0D398;0.0;0.33;0.37;0.0;0.03;8.0;8.0;3.0;4.0;830.0;46.0;1488.0;1648;1528.0
1702;180.0;5C8F6E10;3BA0D398;0.0;0.44;0.49;0.0;0.03;7.0;8.0;15.0;14.0;712.0;46.0;1488.0;1634;1528.0
1701;180.0;2F9C8FC8;3BA0D398;0.0;0.44;0.48;0.0;0.03;6.0;8.0;2.0;32.0;796.0;46.0;1488.0;1635;1528.0
1700;180.0;3C4B77E6;3BA0D398;0.0;0.39;0.43;0.0;0.03;5.0;8.0;1.0;21.0;541.0;46.0;1488.0;1635;1528.0
1699;180.0;785501B9;3BA0D398;0.0;0.35;0.38;0.0;0.03;4.0;8.0;3.0;3.0;599.0;46.0;1488.0;1648;1528.0
1698;180.0;69BE1433;3BA0D398;0.0;0.35;0.39;0.0;0.03;3.0;8.0;15.0;13.0;476.0;32.0;1488.0;1632;1528.0
1697;180.0;19A689FA;3BA0D398;0.0;0.49;0.55;0.0;0.04;2.0;8.0;2.0;31.0;558.0;32.0;1488.0;1630;1528.0
1696;180.0;AFFDFBEA;6C955C02;0.01;0.35;0.38;0.0;0.0;1.0;8.0;1.0;20.0;277.0;55.0;1483.0;1673;1528.0
1695;180.0;ECB5EBE0;5C6E672A;0.02;0.56;0.6;0.01;0.02;1.0;1.0;15.0;11.0;252.0;46.0;1483.0;1650;1528.0
1694;180.0;1EF2EE85;87C78AB7;0.01;0.45;0.53;0.0;0.0;6.0;7.0;3.0;2.0;262.0;32.0;1480.0;1641;1525.0
1693;180.0;EA65D1E7;87C78AB7;0.0;0.35;0.4;0.0;0.0;5.0;7.0;2.0;30.0;278.0;32.0;1480.0;1621;1525.0
1692;180.0;BD5FE0C5;87C78AB7;0.0;0.36;0.42;0.0;0.0;4.0;7.0;1.0;19.0;0.0;32.0;1480.0;1641;1525.0
1691;180.0;FA5BDC77;87C78AB7;0.01;0.52;0.6;0.0;0.0;3.0;7.0;15.0;10.0;0.0;46.0;1480.0;1641;1525.0
1690;180.0;4EEBE07A;263123F2;0.01;0.58;0.61;0.0;0.03;2.0;7.0;3.0;1.0;0.0;46.0;1480.0;1684;1525.0
1689;180.0;8DEBBA60;263123F2;0.0;0.44;0.46;0.0;0.02;1.0;7.0;2.0;29.0;0.0;51.0;1480.0;1692;1525.0
1688;180.0;779B983D;CCA72966;0.01;0.69;0.72;0.01;0.0;6.0;6.0;5.0;61.0;2489.0;62.0;1485.0;1660;1535.0
1687;180.0;6B3E48DB;CCA72966;0.0;0.51;0.53;0.01;0.0;5.0;6.0;8.0;66.0;1782.0;62.0;1485.0;1664;1535.0
1686;180.0;76456250;CCA72966;0.0;0.52;0.54;0.01;0.0;4.0;6.0;1.0;18.0;825.0;62.0;1485.0;1664;1535.0
1685;180.0;73B4320F;CCA72966;0.0;0.48;0.5;0.01;0.0;3.0;6.0;15.0;9.0;840.0;62.0;1485.0;1673;1535.0
1684;180.0;97361D93;CCA72966;0.01;0.61;0.63;0.01;0.0;2.0;6.0;5.0;60.0;2270.0;62.0;1485.0;1667;1535.0
1683;180.0;95FC65DB;CCA72966;0.01;0.69;0.72;0.01;0.0;1.0;6.0;8.0;65.0;1569.0;62.0;1485.0;1671;1535.0
1682;180.0;FECF436B;645EACFA;0.02;0.18;0.22;0.01;0.02;6.0;6.0;2.0;28.0;1961.0;46.0;1512.0;1673;1557.0
1681;180.0;0FDD40AE;84F339B7;0.01;0.27;0.3;0.0;0.02;5.0;6.0;1.0;17.0;561.0;46.0;1496.0;1657;1541.0
1680;180.0;8FA0C91E;84F339B7;0.01;0.23;0.26;0.0;0.02;4.0;6.0;15.0;8.0;572.0;46.0;1496.0;1659;1541.0
1679;180.0;497059B7;CC996FCB;0.02;0.16;0.19;0.0;0.0;3.0;6.0;5.0;59.0;1992.0;48.0;1510.0;1664;1550.0
1678;180.0;0F7546AC;CC996FCB;0.02;0.2;0.23;0.0;0.0;2.0;6.0;8.0;64.0;1284.0;48.0;1510.0;1666;1550.0
1677;180.0;2003DEE7;CC996FCB;0.02;0.2;0.24;0.0;0.0;1.0;6.0;2.0;27.0;1676.0;51.0;1510.0;1679;1550.0
1676;180.0;08D3F70F;4CA7CEA8;0.02;0.46;0.49;0.01;0.02;4.0;4.0;1.0;16.0;276.0;46.0;1483.0;1643;1528.0
1675;180.0;875EEDD9;87C78AB7;0.01;0.46;0.53;0.0;0.0;3.0;4.0;15.0;7.0;290.0;32.0;1480.0;1626;1525.0
1674;180.0;D4CBFE8F;87C78AB7;0.0;0.4;0.47;0.0;0.0;2.0;4.0;5.0;58.0;1715.0;32.0;1480.0;1614;1525.0
1673;180.0;F6D9B4CF;87C78AB7;0.0;0.41;0.47;0.0;0.0;1.0;4.0;8.0;63.0;1002.0;51.0;1480.0;1646;1525.0
1672;180.0;A5A4BF6B;76884E9D;0.0;0.67;0.71;0.01;0.06;6.0;6.0;2.0;26.0;1399.0;46.0;1474.0;1635;1509.0
1671;180.0;46A31A7A;22ADB3F3;0.0;0.78;0.81;0.01;0.06;5.0;6.0;1.0;15.0;0.0;46.0;1476.0;1631;1501.0
1670;180.0;BE377418;22ADB3F3;0.0;0.71;0.74;0.01;0.06;4.0;6.0;15.0;6.0;0.0;46.0;1476.0;1634;1501.0
1669;180.0;E06792DA;22ADB3F3;0.0;0.8;0.83;0.01;0.06;3.0;6.0;5.0;57.0;1409.0;46.0;1476.0;1607;1501.0
1668;180.0;AA31BF7F;22ADB3F3;0.0;0.77;0.8;0.01;0.06;2.0;6.0;8.0;62.0;650.0;46.0;1476.0;1619;1501.0
1667;180.0;5AE991AB;22ADB3F3;0.0;0.9;0.94;0.01;0.07;1.0;6.0;2.0;25.0;1042.0;51.0;1476.0;1634;1501.0
1666;180.0;A1822F2D;332091CC;0.01;0.54;0.59;0.01;0.0;8.0;8.0;5.0;56.0;1101.0;46.0;1486.0;1637;1526.0
1665;180.0;9D5549D6;332091CC;0.01;0.49;0.55;0.01;0.0;7.0;8.0;8.0;61.0;379.0;46.0;1486.0;1635;1526.0
1664;180.0;7F6DBA19;332091CC;0.01;0.49;0.54;0.01;0.0;6.0;8.0;1.0;14.0;4036.0;46.0;1486.0;1640;1526.0
1663;180.0;1C947394;B4CD6E45;0.0;0.85;0.89;0.0;0.02;5.0;8.0;15.0;5.0;1456.0;46.0;1475.0;1633;1510.0
1662;180.0;5CFA5613;B4CD6E45;0.0;0.68;0.71;0.0;0.02;4.0;8.0;2.0;24.0;642.0;46.0;1475.0;1624;1510.0
1661;180.0;BE76BFFE;B4CD6E45;0.0;0.7;0.73;0.0;0.02;3.0;8.0;5.0;55.0;775.0;46.0;1475.0;1629;1510.0
1660;180.0;08E51116;B4CD6E45;0.0;0.87;0.91;0.0;0.03;2.0;8.0;4.0;65.0;6732.0;46.0;1475.0;1629;1510.0
1659;180.0;77DB8C52;B4CD6E45;0.0;0.89;0.93;0.0;0.03;1.0;8.0;8.0;60.0;0.0;55.0;1475.0;1661;1510.0
1658;180.0;A284CE0A;423E5208;0.02;0.25;0.26;0.01;0.01;1.0;1.0;1.0;13.0;3618.0;46.0;1501.0;1680;1546.0
1657;180.0;0B2719F2;9970B431;0.0;0.3;0.37;0.01;0.06;5.0;6.0;2.0;23.0;300.0;25.0;1480.0;1619;1520.0
1656;180.0;42088BFA;9970B431;0.0;0.3;0.37;0.01;0.07;4.0;6.0;15.0;4.0;994.0;25.0;1480.0;1638;1520.0
1655;180.0;F2E2ACAD;9970B431;0.0;0.32;0.39;0.01;0.07;3.0;6.0;5.0;54.0;387.0;34.0;1480.0;1643;1520.0
1654;180.0;03ED11DD;9970B431;0.0;0.4;0.49;0.01;0.09;2.0;6.0;4.0;64.0;6326.0;34.0;1480.0;1645;1520.0
1653;180.0;F0475594;9970B431;0.0;0.43;0.53;0.01;0.09;1.0;6.0;1.0;12.0;3322.0;41.0;1480.0;1656;1520.0
1652;180.0;8ECCCEBE;F852E2F5;0.01;0.48;0.52;0.02;0.07;2.0;2.0;2.0;22.0;0.0;51.0;1470.0;1659;1515.0
1651;180.0;55EE9426;F852E2F5;0.01;0.54;0.57;0.02;0.07;1.0;2.0;15.0;3.0;658.0;55.0;1470.0;1660;1515.0
1650;180.0;67260EEF;9970B431;0.0;0.36;0.43;0.01;0.08;1.0;7.0;5.0;53.0;0.0;39.0;1480.0;1655;1520.0
1649;180.0;3AFF94D6;3BA0D398;0.0;0.45;0.5;0.0;0.03;9.0;9.0;1.0;11.0;2979.0;46.0;1488.0;1642;1528.0
1648;180.0;91CB64D7;3BA0D398;0.0;0.39;0.43;0.0;0.03;8.0;9.0;4.0;63.0;5866.0;46.0;1488.0;1645;1528.0
1647;180.0;D8CEBFE0;3BA0D398;0.0;0.43;0.47;0.0;0.03;7.0;9.0;8.0;59.0;3420.0;46.0;1488.0;1644;1528.0
1646;180.0;FD49AF2E;3BA0D398;0.0;0.35;0.39;0.0;0.03;6.0;9.0;15.0;2.0;282.0;46.0;1488.0;1652;1528.0
1645;180.0;56926455;3BA0D398;0.0;0.42;0.46;0.0;0.03;5.0;9.0;2.0;21.0;1795.0;46.0;1488.0;1637;1528.0
1644;180.0;D14203FA;3BA0D398;0.0;0.47;0.52;0.0;0.04;4.0;9.0;1.0;10.0;2686.0;41.0;1488.0;1640;1528.0
1643;180.0;F1C0C47F;3BA0D398;0.0;0.32;0.36;0.0;0.02;3.0;9.0;4.0;62.0;5573.0;41.0;1488.0;1631;1528.0
1642;180.0;76EF4A5A;3BA0D398;0.0;0.44;0.48;0.0;0.03;2.0;9.0;8.0;58.0;3132.0;46.0;1488.0;1635;1528.0
1641;180.0;C8F2A148;3BA0D398;0.0;0.43;0.47;0.0;0.03;1.0;9.0;15.0;1.0;0.0;32.0;1488.0;1672;1528.0
1640;180.0;D8A4EE83;BDB26FB7;0.02;0.31;0.33;0.01;0.02;7.0;7.0;5.0;52.0;1946.0;46.0;1500.0;1654;1540.0
1639;180.0;44FD3753;BDB26FB7;0.02;0.22;0.23;0.01;0.02;6.0;7.0;2.0;20.0;1464.0;46.0;1500.0;1651;1540.0
1638;180.0;152060F8;BDB26FB7;0.02;0.24;0.26;0.01;0.02;5.0;7.0;1.0;9.0;2358.0;51.0;1500.0;1647;1540.0
1637;180.0;08B59849;BDB26FB7;0.02;0.26;0.27;0.01;0.02;4.0;7.0;4.0;61.0;5247.0;51.0;1500.0;1656;1540.0
1636;180.0;4794B8A2;BDB26FB7;0.02;0.33;0.36;0.01;0.02;3.0;7.0;8.0;57.0;2797.0;51.0;1500.0;1668;1540.0
1635;180.0;9A2A65C7;BDB26FB7;0.02;0.28;0.3;0.01;0.02;2.0;7.0;5.0;51.0;1664.0;51.0;1500.0;1670;1540.0
1634;180.0;C5854550;BDB26FB7;0.02;0.27;0.29;0.01;0.02;1.0;7.0;2.0;19.0;1168.0;51.0;1500.0;1678;1540.0
1633;180.0;339476BC;246988A2;0.02;1.11;1.22;0.01;0.0;6.0;6.0;1.0;8.0;2010.0;57.0;1458.0;1637;1493.0
1632;180.0;D0D55FF4;246988A2;0.02;1.07;1.18;0.01;0.0;5.0;6.0;4.0;60.0;4889.0;57.0;1458.0;1632;1493.0
1631;180.0;0CBB218B;246988A2;0.02;1.13;1.25;0.01;0.0;4.0;6.0;8.0;56.0;2442.0;57.0;1458.0;1632;1493.0
1630;180.0;C137A11E;246988A2;0.02;1.03;1.13;0.01;0.0;3.0;6.0;5.0;50.0;1298.0;57.0;1458.0;1629;1493.0
1629;180.0;C21A83D9;246988A2;0.02;1.18;1.3;0.01;0.0;2.0;6.0;2.0;18.0;787.0;57.0;1458.0;1626;1493.0
1628;180.0;96F83EF8;246988A2;0.02;0.98;1.08;0.01;0.0;1.0;6.0;1.0;7.0;1646.0;62.0;1458.0;1634;1493.0
1627;180.0;3D99070A;2806A3F9;0.0;0.3;0.32;0.0;0.01;8.0;8.0;4.0;59.0;4528.0;34.0;1491.0;1640;1531.0
1626;180.0;75FF8B39;D22BFB79;0.01;0.34;0.38;0.01;0.05;7.0;8.0;8.0;55.0;2089.0;46.0;1480.0;1652;1540.0
1625;180.0;814C51C1;D22BFB79;0.01;0.44;0.48;0.02;0.06;6.0;8.0;2.0;17.0;525.0;46.0;1480.0;1649;1540.0
1624;180.0;5A5BD493;D22BFB79;0.01;0.37;0.41;0.01;0.05;5.0;8.0;1.0;6.0;1363.0;46.0;1480.0;1654;1540.0
1623;180.0;8A952DFD;D22BFB79;0.01;0.44;0.48;0.02;0.06;4.0;8.0;5.0;49.0;846.0;46.0;1480.0;1657;1540.0
1622;180.0;F8FDC2EA;D6C5A3D0;0.03;0.23;0.25;0.0;0.02;3.0;8.0;4.0;58.0;4232.0;46.0;1501.0;1659;1546.0
1621;180.0;BBC001E9;D6C5A3D0;0.02;0.21;0.24;0.0;0.02;2.0;8.0;2.0;16.0;283.0;46.0;1501.0;1663;1546.0
1620;180.0;BD7388C3;D6C5A3D0;0.02;0.19;0.21;0.0;0.02;1.0;8.0;8.0;54.0;1728.0;55.0;1501.0;1687;1546.0
1619;180.0;8AD80299;2277D145;0.02;0.22;0.24;0.01;0.02;4.0;4.0;1.0;5.0;1064.0;46.0;1506.0;1669;1551.0
1618;180.0;9B37EAF4;2277D145;0.03;0.27;0.29;0.01;0.03;3.0;4.0;5.0;48.0;547.0;46.0;1506.0;1667;1551.0
1617;180.0;D46D730A;2277D145;0.02;0.22;0.24;0.01;0.02;2.0;4.0;4.0;57.0;3953.0;46.0;1506.0;1669;1551.0
1616;180.0;8F368B5C;2277D145;0.02;0.18;0.2;0.01;0.02;1.0;4.0;2.0;15.0;0.0;51.0;1506.0;1702;1551.0
1615;180.0;FCF552C7;2277D145;0.02;0.21;0.23;0.01;0.02;4.0;4.0;8.0;53.0;1454.0;46.0;1506.0;1670;1551.0
1614;180.0;84EBC15E;2277D145;0.02;0.18;0.19;0.01;0.02;3.0;4.0;1.0;4.0;785.0;46.0;1506.0;1666;1551.0
1613;180.0;3BF20DFE;2277D145;0.02;0.19;0.21;0.01;0.02;2.0;4.0;5.0;47.0;269.0;46.0;1506.0;1666;1551.0
1612;180.0;D737EE0E;2277D145;0.02;0.18;0.2;0.01;0.02;1.0;4.0;4.0;56.0;3674.0;51.0;1506.0;1688;1551.0
1611;180.0;A0C2825B;56FFE5DC;0.02;0.14;0.16;0.01;0.01;4.0;4.0;8.0;52.0;1231.0;39.0;1507.0;1645;1532.0
1610;180.0;DC6FE7A8;56FFE5DC;0.02;0.19;0.21;0.01;0.01;3.0;4.0;1.0;3.0;568.0;39.0;1507.0;1649;1532.0
1609;180.0;447A94E6;56FFE5DC;0.02;0.17;0.19;0.01;0.01;2.0;4.0;6.0;64.0;4251.0;39.0;1507.0;1648;1532.0
1608;180.0;A589B536;56FFE5DC;0.02;0.18;0.2;0.01;0.01;1.0;4.0;5.0;46.0;0.0;55.0;1507.0;1692;1532.0
1607;180.0;A0EDBF03;703CB22C;0.02;0.63;0.66;0.0;0.02;8.0;8.0;4.0;55.0;3409.0;46.0;1486.0;1652;1536.0
1606;180.0;D8CEBFE0;703CB22C;0.02;0.58;0.6;0.0;0.02;7.0;8.0;8.0;51.0;963.0;46.0;1486.0;1659;1536.0
1605;180.0;C4A3EE8A;703CB22C;0.03;0.67;0.69;0.0;0.03;6.0;8.0;1.0;2.0;290.0;46.0;1486.0;1671;1536.0
1604;180.0;F78F0738;703CB22C;0.02;0.61;0.63;0.0;0.02;5.0;8.0;6.0;63.0;3960.0;46.0;1486.0;1658;1536.0
1603;180.0;09495352;703CB22C;0.02;0.48;0.49;0.0;0.02;4.0;8.0;4.0;54.0;3166.0;46.0;1486.0;1662;1536.0
1602;180.0;3A6E4E39;703CB22C;0.02;0.48;0.5;0.0;0.02;3.0;8.0;2.0;14.0;0.0;46.0;1486.0;1665;1536.0
1601;180.0;1FA809F2;CF354F29;0.01;0.73;0.86;0.0;0.01;2.0;8.0;8.0;50.0;665.0;51.0;1470.0;1647;1510.0
1600;180.0;7F3227F8;CF354F29;0.01;0.85;0.99;0.0;0.01;1.0;8.0;1.0;1.0;0.0;57.0;1470.0;1667;1510.0
1599;180.0;B858168F;2A8BED63;0.02;0.54;0.56;0.0;0.0;3.0;3.0;6.0;62.0;3665.0;46.0;1488.0;1634;1528.0
1598;180.0;3FD780ED;2A8BED63;0.02;0.58;0.6;0.0;0.0;2.0;3.0;5.0;45.0;3394.0;46.0;1488.0;1635;1528.0
1597;180.0;07CD3596;2A8BED63;0.02;0.43;0.44;0.0;0.0;3.0;5.0;4.0;53.0;2719.0;46.0;1488.0;1644;1528.0
1596;180.0;F62C1250;35C7C29B;0.02;0.34;0.36;0.01;0.0;2.0;5.0;8.0;49.0;275.0;69.0;1501.0;1698;1551.0
1595;180.0;80920BB4;35C7C29B;0.02;0.32;0.34;0.01;0.0;1.0;5.0;2.0;13.0;3290.0;69.0;1501.0;1703;1551.0
1594;180.0;73AE4E66;3BDE0B1A;0.02;0.33;0.36;0.01;0.0;5.0;5.0;6.0;61.0;3294.0;46.0;1497.0;1651;1537.0
1593;180.0;BD455EB8;3BDE0B1A;0.01;0.23;0.25;0.0;0.0;4.0;5.0;5.0;44.0;3122.0;46.0;1497.0;1657;1537.0
1592;180.0;066FEDCF;DFBF368A;0.01;0.33;0.38;0.0;0.0;3.0;5.0;4.0;52.0;2447.0;57.0;1485.0;1649;1525.0
1591;180.0;59A2951F;DFBF368A;0.01;0.39;0.45;0.0;0.0;2.0;5.0;8.0;48.0;0.0;57.0;1485.0;1658;1525.0
1590;180.0;A8698EA6;07025389;0.02;0.3;0.33;0.01;0.02;1.0;5.0;2.0;12.0;2846.0;46.0;1497.0;1672;1537.0
1589;180.0;E2C27489;07025389;0.02;0.28;0.31;0.01;0.01;4.0;5.0;6.0;60.0;2836.0;46.0;1497.0;1644;1537.0
1588;180.0;00A115CC;07025389;0.02;0.28;0.3;0.01;0.01;3.0;5.0;5.0;43.0;2662.0;46.0;1497.0;1656;1537.0
1587;180.0;4753E93B;07025389;0.02;0.24;0.27;0.01;0.01;2.0;5.0;4.0;51.0;1990.0;46.0;1497.0;1660;1537.0
1586;180.0;C077DA79;07025389;0.02;0.35;0.39;0.01;0.02;1.0;5.0;2.0;11.0;2614.0;46.0;1497.0;1666;1537.0
1585;180.0;DC4ED87D;07025389;0.02;0.24;0.27;0.01;0.01;4.0;4.0;8.0;47.0;2678.0;46.0;1497.0;1659;1537.0
1584;180.0;39D823B8;07025389;0.02;0.33;0.37;0.01;0.02;3.0;4.0;6.0;59.0;2554.0;46.0;1497.0;1657;1537.0
1583;180.0;DC0135E0;07025389;0.02;0.28;0.31;0.01;0.01;2.0;4.0;5.0;42.0;2375.0;46.0;1497.0;1655;1537.0
1582;180.0;09B1CBE2;07025389;0.02;0.26;0.29;0.01;0.01;1.0;4.0;4.0;50.0;1644.0;46.0;1497.0;1665;1537.0
1581;180.0;2F4091B6;07025389;0.02;0.29;0.32;0.01;0.02;5.0;7.0;2.0;10.0;2191.0;46.0;1497.0;1643;1537.0
1580;180.0;5AA03CD1;07025389;0.02;0.25;0.28;0.01;0.01;4.0;7.0;8.0;46.0;2250.0;46.0;1497.0;1656;1537.0
1579;180.0;CDC12253;07025389;0.02;0.35;0.39;0.01;0.02;3.0;7.0;6.0;58.0;2105.0;46.0;1497.0;1649;1537.0
1578;180.0;C964DF63;07025389;0.02;0.25;0.27;0.01;0.01;2.0;7.0;5.0;41.0;1933.0;46.0;1497.0;1655;1537.0
1577;180.0;3592EAE8;07025389;0.02;0.24;0.27;0.01;0.01;1.0;7.0;4.0;49.0;1261.0;51.0;1497.0;1670;1537.0
1576;180.0;8384E5E9;163D1351;0.02;0.2;0.21;0.0;0.02;7.0;7.0;2.0;9.0;1888.0;51.0;1503.0;1675;1548.0
1575;180.0;28DFB495;163D1351;0.02;0.17;0.19;0.0;0.02;6.0;7.0;8.0;45.0;1957.0;51.0;1503.0;1672;1548.0
1574;180.0;CA243AB8;163D1351;0.03;0.26;0.29;0.0;0.03;5.0;7.0;6.0;57.0;1835.0;51.0;1503.0;1680;1548.0
1573;180.0;EE90E7AE;163D1351;0.02;0.18;0.19;0.0;0.02;4.0;7.0;5.0;40.0;1665.0;51.0;1503.0;1681;1548.0
1572;180.0;0015171C;163D1351;0.03;0.26;0.29;0.0;0.03;3.0;7.0;4.0;48.0;997.0;51.0;1503.0;1676;1548.0
1571;180.0;370D2E70;163D1351;0.02;0.22;0.24;0.0;0.02;2.0;7.0;2.0;8.0;1602.0;51.0;1503.0;1678;1548.0
1570;180.0;058B15B1;163D1351;0.02;0.26;0.28;0.0;0.02;1.0;7.0;8.0;44.0;1644.0;55.0;1503.0;1688;1548.0
1569;180.0;FC2E9FB6;6E5EEB11;0.01;0.19;0.21;0.0;0.02;8.0;8.0;6.0;56.0;1517.0;46.0;1503.0;1665;1543.0
1568;180.0;E0CE77EC;6E5EEB11;0.02;0.23;0.25;0.0;0.02;7.0;8.0;5.0;39.0;1334.0;46.0;1503.0;1660;1543.0
1567;180.0;A589B536;A201F563;0.02;0.23;0.26;0.01;0.0;6.0;8.0;4.0;47.0;660.0;46.0;1504.0;1660;1544.0
1566;180.0;875EEDD9;76E5EEFF;0.03;0.21;0.24;0.01;0.01;5.0;8.0;2.0;7.0;1289.0;46.0;1504.0;1661;1549.0
1565;180.0;E2B94132;76E5EEFF;0.02;0.19;0.22;0.01;0.01;4.0;8.0;8.0;43.0;1364.0;46.0;1504.0;1658;1549.0
1564;180.0;BA432A91;392BEDA4;0.01;0.21;0.23;0.01;0.02;3.0;8.0;6.0;55.0;1235.0;46.0;1504.0;1657;1544.0
1563;180.0;036ECD7F;392BEDA4;0.02;0.24;0.26;0.01;0.02;2.0;8.0;5.0;38.0;1027.0;46.0;1504.0;1659;1544.0
1562;180.0;AE433FD5;392BEDA4;0.01;0.2;0.22;0.01;0.02;1.0;8.0;4.0;46.0;350.0;46.0;1504.0;1673;1544.0
1561;180.0;256FC629;E2EF030B;0.01;0.17;0.19;0.01;0.02;3.0;3.0;2.0;6.0;965.0;46.0;1502.0;1660;1547.0
1560;180.0;5CFA5613;8C409667;0.02;0.18;0.2;0.01;0.0;2.0;3.0;8.0;42.0;1013.0;46.0;1504.0;1660;1539.0
1559;180.0;41DD8570;8C409667;0.02;0.19;0.21;0.01;0.0;1.0;3.0;6.0;54.0;880.0;51.0;1504.0;1669;1539.0
1558;180.0;AA408E5A;246988A2;0.02;1.05;1.1;0.01;0.0;1.0;1.0;4.0;45.0;0.0;62.0;1458.0;1637;1493.0
1557;180.0;BEAC4648;5671F44D;0.01;0.44;0.47;0.0;0.01;8.0;8.0;5.0;37.0;531.0;46.0;1486.0;1658;1536.0
1556;180.0;48C23D62;5671F44D;0.02;0.64;0.68;0.0;0.01;7.0;8.0;2.0;5.0;523.0;46.0;1486.0;1656;1536.0
1555;180.0;F6EBE0C5;5671F44D;0.01;0.44;0.47;0.0;0.01;6.0;8.0;6.0;53.0;499.0;46.0;1486.0;1652;1536.0
1554;180.0;E177567A;5671F44D;0.01;0.49;0.52;0.0;0.01;5.0;8.0;8.0;41.0;517.0;46.0;1486.0;1650;1536.0
1553;180.0;A832EDF8;5671F44D;0.02;0.58;0.61;0.0;0.01;4.0;8.0;5.0;36.0;265.0;46.0;1486.0;1660;1536.0
1552;180.0;DA5B32DF;6C955C02;0.02;0.49;0.54;0.0;0.0;3.0;8.0;2.0;4.0;254.0;51.0;1483.0;1640;1528.0
1551;180.0;353EA0EE;6C955C02;0.01;0.4;0.44;0.0;0.0;2.0;8.0;6.0;52.0;232.0;51.0;1483.0;1643;1528.0
1550;180.0;7F27D57A;6C955C02;0.02;0.52;0.57;0.0;0.0;1.0;8.0;8.0;40.0;251.0;55.0;1483.0;1662;1528.0
1549;180.0;866465F2;9C0993CD;0.02;0.44;0.48;0.0;0.02;4.0;4.0;5.0;35.0;0.0;46.0;1480.0;1661;1515.0
1548;180.0;E97BFB84;B5D5B9CA;0.01;0.41;0.46;0.0;0.02;3.0;4.0;2.0;3.0;0.0;39.0;1480.0;1659;1520.0
1547;180.0;13DFCB2B;B5D5B9CA;0.01;0.44;0.49;0.0;0.02;2.0;4.0;6.0;51.0;0.0;39.0;1480.0;1658;1520.0
1546;180.0;538B2AFF;263123F2;0.01;0.55;0.58;0.0;0.02;1.0;4.0;8.0;39.0;0.0;46.0;1480.0;1683;1525.0
1545;180.0;E6E2A210;53C00FD5;0.01;0.54;0.57;0.0;0.02;3.0;3.0;6.0;50.0;1304.0;51.0;1483.0;1651;1523.0
1544;180.0;47259E56;DD4524C7;0.02;0.41;0.43;0.01;0.0;2.0;3.0;4.0;44.0;9304.0;46.0;1480.0;1634;1525.0
1543;180.0;725F852C;DD4524C7;0.02;0.54;0.56;0.01;0.0;2.0;8.0;5.0;34.0;947.0;46.0;1480.0;1635;1525.0
1542;180.0;495009A9;DD4524C7;0.02;0.41;0.42;0.01;0.0;1.0;8.0;2.0;2.0;415.0;46.0;1480.0;1657;1525.0
1541;180.0;100EAC85;5871DF5A;0.01;0.35;0.38;0.01;0.04;4.0;4.0;6.0;49.0;914.0;46.0;1486.0;1653;1536.0
1540;180.0;FE4E7367;00FFEE90;0.01;0.34;0.37;0.01;0.02;2.0;4.0;4.0;43.0;8951.0;46.0;1489.0;1658;1534.0
1539;180.0;553230C8;00FFEE90;0.01;0.29;0.31;0.01;0.02;2.0;4.0;5.0;33.0;541.0;46.0;1489.0;1649;1534.0
1538;180.0;D7CEA0D6;BE0EA08D;0.03;0.29;0.32;0.0;0.02;2.0;5.0;8.0;38.0;546.0;46.0;1497.0;1647;1537.0
1537;180.0;ADB73C60;BE0EA08D;0.02;0.19;0.21;0.0;0.01;1.0;5.0;2.0;1.0;0.0;46.0;1497.0;1690;1537.0
1536;180.0;4DFCDB8B;F852E2F5;0.01;0.41;0.43;0.01;0.06;7.0;7.0;6.0;48.0;498.0;51.0;1470.0;1632;1515.0
1535;180.0;BB634E2A;F852E2F5;0.01;0.54;0.58;0.02;0.08;6.0;7.0;4.0;42.0;8612.0;51.0;1470.0;1634;1515.0
1534;180.0;03063493;F852E2F5;0.01;0.4;0.43;0.01;0.06;5.0;7.0;5.0;32.0;254.0;51.0;1470.0;1628;1515.0
1533;180.0;2AF83463;F852E2F5;0.01;0.55;0.59;0.02;0.08;4.0;7.0;8.0;37.0;261.0;51.0;1470.0;1628;1515.0
1532;180.0;1040D485;F852E2F5;0.01;0.54;0.58;0.02;0.08;3.0;7.0;6.0;47.0;267.0;51.0;1470.0;1631;1515.0
1531;180.0;5E61BE9D;F852E2F5;0.01;0.36;0.38;0.01;0.05;2.0;7.0;4.0;41.0;8372.0;51.0;1470.0;1635;1515.0
1530;180.0;3B35C03E;F852E2F5;0.01;0.45;0.49;0.02;0.06;1.0;7.0;5.0;31.0;0.0;55.0;1470.0;1659;1515.0
1529;180.0;681C13C8;398F4446;0.01;0.39;0.42;0.02;0.02;3.0;3.0;8.0;36.0;0.0;51.0;1480.0;1659;1530.0
1528;180.0;638A4674;398F4446;0.01;0.39;0.42;0.02;0.02;2.0;3.0;6.0;46.0;0.0;51.0;1480.0;1671;1530.0
1527;180.0;3BCD27BA;4AC24E4B;0.03;0.28;0.32;0.01;0.02;1.0;3.0;4.0;40.0;7942.0;55.0;1501.0;1679;1546.0
1526;180.0;5EDA2DDB;4AC24E4B;0.02;0.19;0.21;0.01;0.01;5.0;8.0;5.0;30.0;7185.0;51.0;1501.0;1659;1546.0
1525;180.0;C0D931A3;4AC24E4B;0.03;0.28;0.32;0.01;0.02;4.0;8.0;8.0;35.0;7810.0;46.0;1501.0;1660;1546.0
1524;180.0;D0F3CACF;30171CF7;0.02;0.18;0.22;0.01;0.01;3.0;8.0;6.0;45.0;2048.0;55.0;1504.0;1660;1544.0
1523;180.0;77BF99A5;30171CF7;0.02;0.22;0.27;0.01;0.02;2.0;8.0;4.0;39.0;7635.0;51.0;1504.0;1656;1544.0
1522;180.0;80920BB4;E1C94594;0.02;0.34;0.37;0.0;0.0;1.0;7.0;3.0;59.0;0.0;46.0;1494.0;1687;1534.0
1521;180.0;AA7F9856;281A1554;0.01;0.55;0.57;0.01;0.0;3.0;3.0;5.0;29.0;6864.0;57.0;1486.0;1712;1541.0
1520;180.0;6E82C518;281A1554;0.0;0.53;0.55;0.01;0.0;2.0;3.0;8.0;34.0;7467.0;57.0;1486.0;1708;1541.0
1519;180.0;B88DA1ED;281A1554;0.01;0.7;0.73;0.01;0.0;1.0;3.0;6.0;44.0;1690.0;57.0;1486.0;1712;1541.0
1518;180.0;8A7D4BB9;281A1554;0.0;0.53;0.55;0.01;0.0;3.0;3.0;4.0;38.0;7264.0;57.0;1486.0;1710;1541.0
1517;180.0;5B7FF953;281A1554;0.0;0.53;0.55;0.01;0.0;2.0;3.0;5.0;28.0;6586.0;57.0;1486.0;1709;1541.0
1516;180.0;6CF61A0C;281A1554;0.0;0.52;0.54;0.01;0.0;1.0;3.0;8.0;33.0;7206.0;57.0;1486.0;1716;1541.0
1515;180.0;5DA8DE7D;2757A61E;0.0;0.5;0.53;0.01;0.0;3.0;3.0;6.0;43.0;1437.0;57.0;1486.0;1719;1541.0
1514;180.0;87B7A755;2757A61E;0.0;0.44;0.47;0.01;0.0;2.0;3.0;4.0;37.0;7021.0;57.0;1486.0;1698;1541.0
1513;180.0;208655FD;2757A61E;0.01;0.55;0.59;0.01;0.0;1.0;3.0;5.0;27.0;6335.0;57.0;1486.0;1701;1541.0
1512;180.0;D02C2875;48815118;0.01;0.65;0.69;0.01;0.0;2.0;2.0;8.0;32.0;6944.0;62.0;1486.0;1677;1541.0
1511;180.0;79206B91;48815118;0.01;0.66;0.7;0.01;0.0;1.0;2.0;6.0;42.0;1168.0;62.0;1486.0;1690;1541.0
1510;180.0;1B512795;DD4524C7;0.02;0.48;0.5;0.01;0.0;3.0;3.0;4.0;36.0;6748.0;46.0;1480.0;1645;1525.0
1509;180.0;46AE1A7A;DD4524C7;0.02;0.57;0.59;0.01;0.0;2.0;3.0;5.0;26.0;6071.0;46.0;1480.0;1644;1525.0
1508;180.0;E156F9F5;DD4524C7;0.02;0.4;0.42;0.01;0.0;1.0;3.0;3.0;58.0;6552.0;46.0;1480.0;1653;1525.0
1507;180.0;CD00507D;E9D2B793;0.0;0.36;0.4;0.01;0.08;8.0;8.0;8.0;31.0;6613.0;25.0;1480.0;1617;1520.0
1506;180.0;1931EE8F;E9D2B793;0.0;0.41;0.45;0.01;0.09;7.0;8.0;6.0;41.0;846.0;25.0;1480.0;1619;1520.0
1505;180.0;3C8727E9;9970B431;0.0;0.35;0.42;0.01;0.08;6.0;8.0;4.0;35.0;6438.0;34.0;1480.0;1627;1520.0
1504;180.0;B283C548;9970B431;0.0;0.36;0.44;0.01;0.08;5.0;8.0;5.0;25.0;5770.0;34.0;1480.0;1629;1520.0
1503;180.0;C7927A8E;9970B431;0.0;0.41;0.5;0.01;0.09;4.0;8.0;3.0;57.0;6254.0;34.0;1480.0;1627;1520.0
1502;180.0;0FAA4ECE;9970B431;0.0;0.43;0.53;0.01;0.09;3.0;8.0;8.0;30.0;6324.0;34.0;1480.0;1627;1520.0
1501;180.0;504D6B1F;9970B431;0.0;0.47;0.58;0.01;0.1;2.0;8.0;6.0;40.0;559.0;34.0;1480.0;1629;1520.0
1500;180.0;E3D51994;9970B431;0.0;0.3;0.37;0.01;0.07;1.0;8.0;4.0;34.0;6146.0;39.0;1480.0;1649;1520.0
1499;180.0;F93444CA;93142261;0.02;0.2;0.22;0.01;0.01;7.0;7.0;5.0;24.0;5484.0;46.0;1501.0;1647;1536.0
1498;180.0;D91C7E46;93142261;0.02;0.19;0.21;0.01;0.01;6.0;7.0;3.0;56.0;5979.0;46.0;1501.0;1657;1536.0
1497;180.0;4B3788D6;93142261;0.02;0.26;0.3;0.01;0.02;5.0;7.0;8.0;29.0;6042.0;46.0;1501.0;1647;1536.0
1496;180.0;0ECF8EA5;3167C7EE;0.02;0.22;0.24;0.0;0.02;4.0;7.0;6.0;39.0;275.0;46.0;1502.0;1665;1537.0
1495;180.0;B37E1EB1;F1291CB0;0.02;0.22;0.24;0.01;0.02;3.0;7.0;4.0;33.0;5867.0;51.0;1506.0;1664;1546.0
1494;180.0;BEAC4648;F1291CB0;0.02;0.16;0.17;0.01;0.02;2.0;7.0;5.0;23.0;5207.0;51.0;1506.0;1675;1546.0
1493;180.0;FA0DC426;F1291CB0;0.02;0.16;0.18;0.01;0.02;1.0;7.0;3.0;55.0;5693.0;60.0;1506.0;1692;1546.0
1492;180.0;23391102;7E866819;0.02;0.22;0.26;0.01;0.02;6.0;6.0;8.0;28.0;5765.0;46.0;1502.0;1668;1542.0
1491;180.0;8C603566;04751D20;0.03;0.26;0.29;0.01;0.03;5.0;6.0;6.0;38.0;0.0;46.0;1506.0;1678;1551.0
1490;180.0;AE33F7BD;04751D20;0.02;0.24;0.27;0.01;0.02;4.0;6.0;4.0;32.0;5581.0;46.0;1506.0;1677;1551.0
1489;180.0;4979773E;04751D20;0.02;0.2;0.22;0.01;0.02;3.0;6.0;5.0;22.0;4907.0;46.0;1506.0;1677;1551.0
1488;180.0;DC64F491;04751D20;0.02;0.22;0.24;0.01;0.02;2.0;6.0;3.0;54.0;5403.0;46.0;1506.0;1673;1551.0
1487;180.0;656049E3;04751D20;0.03;0.27;0.3;0.01;0.03;1.0;6.0;8.0;27.0;5455.0;51.0;1506.0;1692;1551.0
1486;180.0;64C94AED;DEC198B7;0.02;0.43;0.45;0.01;0.02;6.0;6.0;5.0;21.0;4635.0;57.0;1484.0;1645;1524.0
1485;180.0;C0461741;DEC198B7;0.02;0.41;0.43;0.01;0.02;5.0;6.0;3.0;53.0;5119.0;57.0;1484.0;1645;1524.0
1484;180.0;291625C8;DEC198B7;0.02;0.35;0.36;0.01;0.01;4.0;6.0;4.0;31.0;5125.0;57.0;1484.0;1640;1524.0
1483;180.0;A713E63F;DEC198B7;0.03;0.51;0.54;0.01;0.02;3.0;6.0;6.0;37.0;4951.0;57.0;1484.0;1643;1524.0
1482;180.0;D82A4B67;DEC198B7;0.02;0.4;0.42;0.01;0.01;2.0;6.0;8.0;26.0;5073.0;57.0;1484.0;1648;1524.0
1481;180.0;54A9065D;DEC198B7;0.02;0.46;0.48;0.01;0.02;1.0;6.0;5.0;20.0;4343.0;57.0;1484.0;1662;1524.0
1480;180.0;77529D46;B87AB689;0.01;0.49;0.55;0.0;0.01;7.0;7.0;3.0;52.0;4842.0;46.0;1487.0;1634;1527.0
1479;180.0;E78C96F9;D927D5F2;0.02;0.13;0.14;0.01;0.02;6.0;7.0;4.0;30.0;4848.0;46.0;1507.0;1665;1552.0
1478;180.0;FD6D1C4F;D927D5F2;0.03;0.19;0.22;0.01;0.03;5.0;7.0;6.0;36.0;4687.0;46.0;1507.0;1662;1552.0
1477;180.0;B791F49A;25016671;0.02;0.44;0.46;0.0;0.0;4.0;7.0;8.0;25.0;4803.0;46.0;1483.0;1634;1523.0
1476;180.0;A34ACD1F;25016671;0.02;0.53;0.56;0.0;0.0;3.0;7.0;5.0;19.0;4057.0;46.0;1483.0;1637;1523.0
1475;180.0;A30D7452;25016671;0.02;0.48;0.5;0.0;0.0;2.0;7.0;3.0;51.0;4544.0;46.0;1483.0;1641;1523.0
1474;180.0;840F518F;25016671;0.02;0.49;0.51;0.0;0.0;1.0;7.0;4.0;29.0;4545.0;46.0;1483.0;1656;1523.0
1473;180.0;68D17271;B3A39D69;0.02;0.32;0.34;0.01;0.02;5.0;5.0;6.0;35.0;4375.0;51.0;1484.0;1668;1539.0
1472;180.0;AE47CC49;B3A39D69;0.02;0.5;0.52;0.01;0.03;4.0;5.0;8.0;24.0;4497.0;51.0;1484.0;1666;1539.0
1471;180.0;B293A060;B3A39D69;0.02;0.46;0.48;0.01;0.03;3.0;5.0;5.0;18.0;3764.0;51.0;1484.0;1667;1539.0
1470;180.0;EFA5D0FE;B3A39D69;0.02;0.4;0.42;0.01;0.03;2.0;5.0;3.0;50.0;4264.0;51.0;1484.0;1667;1539.0
1469;180.0;E4E54F7F;B3A39D69;0.02;0.47;0.49;0.01;0.03;1.0;5.0;4.0;28.0;4274.0;57.0;1484.0;1675;1539.0
1468;180.0;8015E575;56FFE5DC;0.02;0.19;0.21;0.01;0.01;4.0;4.0;6.0;34.0;4113.0;39.0;1507.0;1650;1532.0
1467;180.0;723CB526;56FFE5DC;0.02;0.16;0.17;0.01;0.01;3.0;4.0;8.0;23.0;4239.0;39.0;1507.0;1640;1532.0
1466;180.0;3DAC1292;56FFE5DC;0.02;0.13;0.15;0.01;0.01;2.0;4.0;5.0;17.0;3500.0;39.0;1507.0;1648;1532.0
1465;180.0;F3B86CB0;56FFE5DC;0.02;0.16;0.18;0.01;0.01;1.0;4.0;3.0;49.0;3997.0;55.0;1507.0;1675;1532.0
1464;180.0;968994CB;71A937D5;0.02;0.41;0.47;0.0;0.02;7.0;7.0;4.0;27.0;4004.0;51.0;1487.0;1649;1532.0
1463;180.0;92B9B814;60B76B26;0.02;0.18;0.2;0.01;0.02;6.0;7.0;6.0;33.0;3838.0;46.0;1504.0;1661;1544.0
1462;180.0;EDDF1BDA;60B76B26;0.02;0.16;0.17;0.01;0.02;5.0;7.0;8.0;22.0;3955.0;46.0;1504.0;1663;1544.0
1461;180.0;F96AC869;60B76B26;0.02;0.22;0.24;0.01;0.02;4.0;7.0;5.0;16.0;3208.0;46.0;1504.0;1664;1544.0
1460;180.0;B84E5D26;60B76B26;0.02;0.17;0.19;0.01;0.02;3.0;7.0;3.0;48.0;3698.0;46.0;1504.0;1660;1544.0
1459;180.0;988A0ECC;2374C9B3;0.02;0.15;0.18;0.01;0.02;2.0;7.0;4.0;26.0;3701.0;46.0;1502.0;1662;1542.0
1458;180.0;C9C26D51;2374C9B3;0.02;0.19;0.23;0.01;0.02;1.0;7.0;6.0;32.0;3522.0;46.0;1502.0;1669;1542.0
1457;180.0;0E3AF1DF;0731C1FB;0.0;1.0;1.08;0.01;0.0;2.0;2.0;8.0;21.0;3638.0;62.0;1462.0;1606;1488.0
1456;180.0;6DD250BD;0EADFE3F;0.0;0.82;0.85;0.0;0.0;1.0;2.0;5.0;15.0;2890.0;69.0;1463.0;1625;1489.0
1455;180.0;004469B9;027DF228;0.0;0.99;1.06;0.0;0.0;2.0;2.0;3.0;47.0;3376.0;62.0;1463.0;1613;1489.0
1454;180.0;0B6E0B46;027DF228;0.0;0.99;1.05;0.0;0.0;1.0;2.0;4.0;25.0;3370.0;62.0;1463.0;1620;1489.0
1453;180.0;0A8B0913;68BBAE0D;0.02;0.54;0.58;0.0;0.02;5.0;5.0;6.0;31.0;3204.0;46.0;1484.0;1655;1534.0
1452;180.0;17890C45;217DAC59;0.02;0.46;0.48;0.0;0.02;4.0;5.0;8.0;20.0;3321.0;51.0;1483.0;1641;1523.0
1451;180.0;322F785D;E25D9AF5;0.02;0.52;0.55;0.0;0.03;3.0;5.0;5.0;14.0;2580.0;46.0;1486.0;1644;1531.0
1450;180.0;9D590BE7;E25D9AF5;0.01;0.38;0.41;0.0;0.02;2.0;5.0;3.0;46.0;3073.0;46.0;1486.0;1647;1531.0
1449;180.0;3ED07C2A;6570BD8E;0.01;0.41;0.43;0.0;0.02;1.0;5.0;4.0;24.0;3060.0;55.0;1485.0;1667;1520.0
1448;90.0;64071221;E9D2B793;0.0;0.47;0.52;0.01;0.1;8.0;8.0;6.0;30.0;2834.0;34.0;1480.0;1640;1520.0
1447;90.0;1FA809F2;E9D2B793;0.0;0.36;0.4;0.01;0.08;7.0;8.0;8.0;19.0;2949.0;34.0;1480.0;1632;1520.0
1446;90.0;3A3671C8;E9D2B793;0.0;0.44;0.49;0.01;0.1;6.0;8.0;5.0;13.0;2217.0;34.0;1480.0;1636;1520.0
1445;90.0;7DF8AFC0;DAF26177;0.0;0.42;0.45;0.0;0.01;5.0;8.0;3.0;45.0;2713.0;34.0;1480.0;1628;1525.0
1444;90.0;AA00A957;DAF26177;0.01;0.54;0.59;0.0;0.02;4.0;8.0;4.0;23.0;2718.0;34.0;1480.0;1623;1525.0
1443;90.0;292B40A2;DAF26177;0.0;0.46;0.5;0.0;0.01;3.0;8.0;6.0;29.0;2554.0;34.0;1480.0;1632;1525.0
1442;90.0;7AA47D43;DAF26177;0.0;0.38;0.41;0.0;0.01;2.0;8.0;8.0;18.0;2667.0;34.0;1480.0;1617;1525.0
1441;90.0;083AA67D;E85F4719;0.01;0.6;0.64;0.0;0.02;1.0;8.0;5.0;12.0;1939.0;34.0;1487.0;1655;1532.0
1440;90.0;61970B13;398F4446;0.01;0.47;0.51;0.02;0.03;6.0;6.0;3.0;44.0;2427.0;41.0;1480.0;1666;1530.0
1439;90.0;82184552;B44BA138;0.01;0.32;0.33;0.01;0.04;5.0;6.0;4.0;22.0;2425.0;34.0;1482.0;1669;1542.0
1438;90.0;F6A3DF75;60EFAC81;0.01;0.34;0.37;0.02;0.04;4.0;6.0;6.0;28.0;2261.0;34.0;1480.0;1662;1540.0
1437;90.0;D4CBFE8F;60EFAC81;0.01;0.33;0.36;0.02;0.04;3.0;6.0;8.0;17.0;2375.0;34.0;1480.0;1650;1540.0
1436;90.0;C0B20CEC;656E5837;0.02;0.49;0.54;0.0;0.03;2.0;6.0;5.0;11.0;1640.0;41.0;1486.0;1636;1531.0
1435;90.0;11D7943A;656E5837;0.01;0.32;0.36;0.0;0.02;1.0;6.0;3.0;43.0;2136.0;18.0;1486.0;1640;1531.0
1434;90.0;F755AE00;D3EA2584;0.01;0.61;0.65;0.0;0.02;7.0;7.0;4.0;21.0;2143.0;34.0;1482.0;1631;1527.0
1433;90.0;EBBFCDB5;703CB22C;0.02;0.52;0.54;0.0;0.02;6.0;7.0;6.0;27.0;1974.0;34.0;1486.0;1627;1531.0
1432;90.0;48303D66;3BA0D398;0.0;0.38;0.41;0.0;0.03;5.0;7.0;8.0;16.0;2092.0;18.0;1488.0;1622;1533.0
1431;90.0;091A5A08;3BA0D398;0.0;0.41;0.45;0.0;0.03;4.0;7.0;5.0;10.0;1358.0;18.0;1488.0;1624;1533.0
1430;90.0;0DA811F7;3BA0D398;0.0;0.32;0.36;0.0;0.02;3.0;7.0;3.0;42.0;1852.0;18.0;1488.0;1624;1533.0
1429;90.0;38374050;CC996FCB;0.02;0.16;0.19;0.0;0.0;2.0;7.0;4.0;20.0;1848.0;18.0;1510.0;1647;1555.0
1428;90.0;14AC278E;CC996FCB;0.03;0.23;0.26;0.0;0.0;1.0;7.0;6.0;26.0;1681.0;34.0;1510.0;1674;1555.0
1427;90.0;5A3F1FD8;7BF6FBDF;0.02;0.55;0.58;0.0;0.01;9.0;9.0;8.0;15.0;1805.0;34.0;1482.0;1646;1537.0
1426;90.0;C069400D;7BF6FBDF;0.02;0.52;0.56;0.0;0.01;8.0;9.0;5.0;9.0;1068.0;34.0;1482.0;1645;1537.0
1425;90.0;7965FC99;7BF6FBDF;0.02;0.57;0.6;0.0;0.01;7.0;9.0;3.0;41.0;1564.0;34.0;1482.0;1646;1537.0
1424;90.0;DB3E9AC8;7BF6FBDF;0.02;0.5;0.53;0.0;0.01;6.0;9.0;4.0;19.0;1570.0;34.0;1482.0;1643;1537.0
1423;90.0;19E01F2C;7BF6FBDF;0.02;0.55;0.59;0.0;0.01;5.0;5.0;6.0;25.0;1358.0;34.0;1482.0;1661;1537.0
1422;90.0;9674535C;7BF6FBDF;0.01;0.42;0.45;0.0;0.01;4.0;9.0;8.0;14.0;1477.0;34.0;1482.0;1646;1537.0
1421;90.0;3D5702FC;7BF6FBDF;0.02;0.46;0.5;0.0;0.01;3.0;9.0;5.0;8.0;736.0;34.0;1482.0;1649;1537.0
1420;90.0;6A82F847;7BF6FBDF;0.02;0.53;0.56;0.0;0.01;2.0;9.0;3.0;40.0;1235.0;34.0;1482.0;1642;1537.0
1419;90.0;CB9980E4;7BF6FBDF;0.02;0.48;0.52;0.0;0.01;1.0;9.0;4.0;18.0;1240.0;34.0;1482.0;1659;1537.0
1418;90.0;57AB904A;59D14704;0.01;0.42;0.45;0.0;0.01;4.0;4.0;6.0;24.0;1067.0;34.0;1487.0;1653;1537.0
1417;90.0;3C60CFF7;59D14704;0.02;0.59;0.64;0.0;0.01;3.0;4.0;8.0;13.0;1184.0;34.0;1487.0;1650;1537.0
1416;90.0;861A0DB6;59D14704;0.02;0.54;0.59;0.0;0.01;1.0;4.0;3.0;39.0;979.0;34.0;1487.0;1641;1537.0
1415;90.0;C2D5A525;59D14704;0.02;0.52;0.56;0.0;0.01;6.0;9.0;5.0;7.0;363.0;34.0;1487.0;1644;1537.0
1414;90.0;D237DD82;59D14704;0.02;0.6;0.65;0.0;0.01;5.0;9.0;4.0;17.0;896.0;34.0;1487.0;1643;1537.0
1413;90.0;6B8DD7D7;59D14704;0.02;0.61;0.66;0.0;0.01;4.0;9.0;6.0;23.0;712.0;34.0;1487.0;1643;1537.0
1412;90.0;996CDD8F;59D14704;0.02;0.63;0.68;0.0;0.01;3.0;9.0;8.0;12.0;826.0;34.0;1487.0;1644;1537.0
1411;90.0;1A9C944B;59D14704;0.02;0.62;0.67;0.0;0.01;2.0;9.0;3.0;38.0;616.0;39.0;1487.0;1645;1537.0
1410;90.0;15A4443C;59D14704;0.02;0.66;0.71;0.0;0.01;1.0;9.0;5.0;6.0;0.0;44.0;1487.0;1675;1537.0
1409;90.0;D31DB22A;9A0896DA;0.0;0.39;0.44;0.0;0.22;3.0;3.0;4.0;16.0;478.0;18.0;1471.0;1628;1516.0
1408;90.0;74925B2A;9A0896DA;0.0;0.49;0.55;0.01;0.28;1.0;3.0;8.0;11.0;482.0;28.0;1471.0;1633;1516.0
1407;90.0;4DB0149B;9A0896DA;0.0;0.5;0.56;0.01;0.29;3.0;5.0;6.0;22.0;238.0;34.0;1471.0;1617;1516.0
1406;90.0;356AFC27;9A0896DA;0.0;0.49;0.55;0.01;0.28;2.0;5.0;3.0;37.0;226.0;18.0;1471.0;1616;1516.0
1405;90.0;7FDF6A7A;9A0896DA;0.0;0.43;0.48;0.01;0.25;1.0;5.0;4.0;15.0;226.0;18.0;1471.0;1630;1516.0
1404;90.0;456E4B55;D90699DC;0.02;0.25;0.27;0.0;0.02;1.0;1.0;8.0;10.0;231.0;39.0;1495.0;1674;1545.0
1403;90.0;1A7012F6;D90699DC;0.03;0.39;0.43;0.01;0.03;4.0;5.0;6.0;21.0;0.0;39.0;1495.0;1685;1545.0
1402;90.0;BEBE1AC9;D90699DC;0.02;0.29;0.32;0.01;0.02;3.0;5.0;3.0;36.0;0.0;39.0;1495.0;1685;1545.0
1401;90.0;AC314465;D90699DC;0.02;0.3;0.33;0.01;0.02;2.0;5.0;4.0;14.0;0.0;39.0;1495.0;1677;1545.0
1400;90.0;02F37AFC;D90699DC;0.02;0.31;0.34;0.01;0.02;1.0;5.0;8.0;9.0;0.0;39.0;1495.0;1693;1545.0
1399;90.0;502AC997;7BF6FBDF;0.01;0.37;0.39;0.0;0.01;9.0;9.0;6.0;20.0;1454.0;34.0;1482.0;1651;1537.0
1398;90.0;4FF1DAC8;9C0993CD;0.02;0.52;0.57;0.0;0.02;8.0;9.0;5.0;5.0;1119.0;34.0;1480.0;1630;1530.0
1397;90.0;87742F2F;24C923E1;0.02;0.58;0.62;0.0;0.0;7.0;9.0;4.0;13.0;3659.0;34.0;1476.0;1628;1521.0
1396;90.0;54B19A2E;12A9E163;0.01;0.41;0.42;0.0;0.02;6.0;9.0;3.0;35.0;1714.0;18.0;1476.0;1621;1521.0
1395;90.0;AC895E09;12A9E163;0.01;0.6;0.62;0.0;0.03;5.0;9.0;8.0;8.0;2073.0;18.0;1476.0;1616;1521.0
1394;90.0;03F0C99F;12A9E163;0.01;0.53;0.55;0.0;0.02;4.0;9.0;6.0;19.0;1177.0;18.0;1476.0;1615;1521.0
1393;90.0;4785E69E;12A9E163;0.01;0.59;0.61;0.0;0.03;3.0;8.0;5.0;4.0;845.0;18.0;1476.0;1609;1521.0
1392;90.0;271390D0;12A9E163;0.01;0.37;0.39;0.0;0.02;2.0;8.0;4.0;12.0;3383.0;18.0;1476.0;1611;1521.0
1391;90.0;416FA661;12A9E163;0.01;0.51;0.53;0.0;0.02;1.0;8.0;3.0;34.0;1438.0;18.0;1476.0;1631;1521.0
1390;90.0;F4504489;4AC24E4B;0.02;0.26;0.29;0.01;0.02;6.0;6.0;8.0;7.0;1796.0;41.0;1501.0;1657;1541.0
1389;90.0;8F5C8067;4AC24E4B;0.02;0.22;0.25;0.01;0.02;5.0;6.0;6.0;18.0;899.0;34.0;1501.0;1641;1541.0
1388;90.0;805CEF6C;6466E4EB;0.03;0.21;0.26;0.01;0.02;4.0;6.0;5.0;3.0;558.0;34.0;1505.0;1668;1550.0
1387;90.0;4BAC94FE;6466E4EB;0.02;0.16;0.2;0.01;0.01;3.0;6.0;4.0;11.0;3099.0;34.0;1505.0;1653;1550.0
1386;90.0;4E5335B9;44661CD0;0.02;0.15;0.17;0.01;0.02;2.0;6.0;3.0;33.0;1147.0;32.0;1506.0;1672;1551.0
1385;90.0;139078FB;44661CD0;0.02;0.15;0.17;0.01;0.02;1.0;6.0;8.0;6.0;1499.0;32.0;1506.0;1666;1551.0
1382;90.0;51A3385B;D6BA9D02;0.02;0.45;0.47;0.0;0.02;5.0;7.0;4.0;10.0;2803.0;34.0;1481.0;1629;1526.0
1381;90.0;290367DD;D6BA9D02;0.01;0.36;0.37;0.0;0.02;4.0;7.0;3.0;32.0;857.0;34.0;1481.0;1634;1526.0
1380;90.0;C465AA43;493EAF60;0.01;0.36;0.38;0.0;0.01;3.0;7.0;8.0;5.0;1217.0;34.0;1486.0;1637;1531.0
1379;90.0;BF1CEADC;249A7E68;0.01;0.36;0.38;0.0;0.02;2.0;7.0;6.0;16.0;328.0;41.0;1484.0;1627;1519.0
1378;90.0;12CB7CBB;249A7E68;0.02;0.53;0.57;0.0;0.03;1.0;7.0;5.0;1.0;0.0;41.0;1484.0;1664;1519.0
1377;90.0;950C8152;DEC198B7;0.02;0.37;0.39;0.01;0.01;5.0;5.0;4.0;9.0;2535.0;57.0;1484.0;1655;1524.0
1376;90.0;0884AA96;DEC198B7;0.02;0.49;0.51;0.01;0.02;4.0;5.0;3.0;31.0;591.0;57.0;1484.0;1648;1524.0
1375;90.0;C672E379;DEC198B7;0.02;0.35;0.37;0.01;0.01;3.0;5.0;15.0;62.0;5137.0;57.0;1484.0;1642;1524.0
1374;90.0;70560371;DEC198B7;0.02;0.33;0.34;0.01;0.01;2.0;5.0;8.0;4.0;898.0;57.0;1484.0;1650;1524.0
1373;90.0;F96AC869;541EC46C;0.02;0.5;0.54;0.01;0.0;1.0;5.0;6.0;15.0;0.0;41.0;1482.0;1663;1527.0
1372;90.0;6313F27B;71A937D5;0.02;0.49;0.55;0.0;0.02;7.0;7.0;4.0;8.0;2259.0;34.0;1487.0;1642;1542.0
1371;90.0;D1EC447B;71A937D5;0.01;0.35;0.4;0.0;0.02;6.0;7.0;3.0;30.0;314.0;34.0;1487.0;1640;1542.0
1370;90.0;D0DCDC30;71A937D5;0.02;0.47;0.53;0.0;0.02;5.0;7.0;15.0;61.0;4853.0;18.0;1487.0;1628;1542.0
1369;90.0;8629F35E;BFEB6EA0;0.02;0.41;0.46;0.0;0.02;4.0;7.0;8.0;3.0;617.0;34.0;1483.0;1654;1538.0
1368;90.0;003E2C21;BFEB6EA0;0.02;0.41;0.46;0.0;0.02;3.0;7.0;4.0;7.0;2015.0;34.0;1483.0;1642;1538.0
1367;90.0;82184552;B134F38B;0.01;0.38;0.41;0.0;0.02;2.0;7.0;1.0;65.0;1843.0;34.0;1483.0;1634;1528.0
1366;90.0;24C1F436;60B76B26;0.03;0.23;0.26;0.01;0.03;1.0;7.0;3.0;29.0;0.0;34.0;1504.0;1684;1544.0
1365;90.0;699193BE;4C9F89E7;0.02;0.16;0.18;0.01;0.02;7.0;7.0;15.0;60.0;4537.0;34.0;1512.0;1680;1557.0
1364;90.0;3B6F8432;D927D5F2;0.02;0.17;0.19;0.01;0.02;6.0;7.0;8.0;2.0;297.0;32.0;1507.0;1695;1551.0
1363;90.0;46D6441A;DD961E29;0.02;0.12;0.14;0.01;0.02;5.0;7.0;4.0;6.0;1720.0;41.0;1507.0;1683;1551.0
1362;90.0;3E12C196;7D015357;0.02;0.14;0.16;0.01;0.01;4.0;7.0;1.0;64.0;1552.0;46.0;1506.0;1674;1551.0
1361;90.0;A97BF6AF;7D015357;0.02;0.17;0.19;0.01;0.01;3.0;7.0;6.0;14.0;702.0;46.0;1506.0;1672;1551.0
1360;90.0;1130E015;7D015357;0.02;0.19;0.22;0.01;0.01;2.0;7.0;15.0;59.0;4241.0;46.0;1506.0;1670;1551.0
1359;90.0;A48ACFB0;7D015357;0.02;0.14;0.16;0.01;0.01;1.0;7.0;8.0;1.0;0.0;53.0;1506.0;1709;1551.0
1358;90.0;5D8DFDB0;C21BA30D;0.0;1.0;1.08;0.0;0.0;3.0;3.0;4.0;5.0;1410.0;64.0;1462.0;1611;1497.0
1357;90.0;A10AC0B0;C21BA30D;0.0;0.98;1.06;0.0;0.0;2.0;3.0;1.0;63.0;1237.0;64.0;1462.0;1604;1497.0
1356;90.0;4D32AAD1;C21BA30D;0.0;0.88;0.95;0.0;0.0;1.0;3.0;6.0;13.0;340.0;69.0;1462.0;1637;1497.0
1355;90.0;82AFBACF;C1DBC95B;0.01;0.34;0.38;0.01;0.02;1.0;1.0;3.0;28.0;763.0;39.0;1491.0;1658;1536.0
1354;90.0;3818999A;E294A4B5;0.0;0.07;0.09;0.0;0.25;4.0;4.0;15.0;58.0;3831.0;0.0;1509.0;1654;1549.0
1353;90.0;0A31E068;E294A4B5;0.0;0.07;0.1;0.0;0.27;3.0;4.0;4.0;4.0;1044.0;0.0;1509.0;1643;1549.0
1352;90.0;010FCC4E;E294A4B5;0.0;0.08;0.12;0.0;0.33;2.0;4.0;1.0;62.0;870.0;0.0;1509.0;1643;1549.0
1351;90.0;1667A632;E294A4B5;0.0;0.06;0.08;0.0;0.22;1.0;4.0;6.0;12.0;0.0;0.0;1509.0;1659;1549.0
1350;180.0;0DB1136D;D6090DB2;0.0;0.93;0.98;0.01;0.0;6.0;6.0;3.0;27.0;347.0;64.0;1460.0;1601;1485.0
1349;180.0;015B480C;D6090DB2;0.0;1.03;1.09;0.01;0.0;5.0;6.0;15.0;57.0;3408.0;64.0;1460.0;1601;1485.0
1348;180.0;2ABE21A8;D6090DB2;0.0;0.9;0.95;0.01;0.0;4.0;6.0;4.0;3.0;645.0;64.0;1460.0;1606;1485.0
1347;180.0;A39FF28C;D6090DB2;0.0;0.81;0.85;0.01;0.0;3.0;6.0;7.0;65.0;6362.0;64.0;1460.0;1607;1485.0
1345;180.0;E7061F9A;D6090DB2;0.0;1.06;1.12;0.01;0.0;1.0;6.0;3.0;26.0;0.0;69.0;1460.0;1637;1485.0
1346;180.0;7AAB2D4E;D6090DB2;0.0;1.13;1.19;0.01;0.0;2.0;6.0;1.0;61.0;409.0;64.0;1460.0;1608;1485.0
1344;180.0;75BF7C64;76884E9D;0.0;0.65;0.69;0.01;0.06;5.0;5.0;15.0;56.0;3066.0;46.0;1474.0;1617;1509.0
1343;180.0;2F2C8D08;76884E9D;0.0;0.84;0.89;0.01;0.07;4.0;5.0;4.0;2.0;299.0;46.0;1474.0;1628;1509.0
1342;180.0;01DFDACB;F4C6D02B;0.02;0.59;0.65;0.0;0.05;3.0;5.0;6.0;11.0;3452.0;18.0;1487.0;1637;1527.0
1341;180.0;840F518F;703CB22C;0.02;0.61;0.64;0.0;0.02;2.0;5.0;7.0;64.0;5949.0;46.0;1486.0;1664;1536.0
1340;180.0;1D3BA43D;703CB22C;0.02;0.55;0.57;0.0;0.02;1.0;5.0;1.0;60.0;0.0;46.0;1486.0;1696;1536.0
1339;180.0;959E0E4E;53C00FD5;0.01;0.46;0.49;0.0;0.02;2.0;2.0;15.0;55.0;2760.0;46.0;1483.0;1643;1523.0
1338;180.0;629F6A2E;5C6E672A;0.02;0.55;0.58;0.01;0.02;1.0;2.0;4.0;1.0;0.0;51.0;1483.0;1710;1528.0
1337;180.0;C4602719;F852E2F5;0.01;0.42;0.45;0.01;0.06;2.0;2.0;6.0;10.0;3110.0;51.0;1470.0;1645;1515.0
1336;180.0;BBF1048E;F852E2F5;0.01;0.48;0.51;0.02;0.07;1.0;2.0;7.0;63.0;5610.0;55.0;1470.0;1649;1515.0
1335;180.0;47CCB08A;5C6E672A;0.02;0.43;0.46;0.0;0.02;1.0;3.0;3.0;25.0;1318.0;51.0;1483.0;1661;1528.0
1334;180.0;B8D96277;87C78AB7;0.01;0.46;0.53;0.0;0.0;6.0;9.0;15.0;54.0;2407.0;46.0;1480.0;1622;1525.0
1333;180.0;BE33B1D0;87C78AB7;0.01;0.56;0.65;0.0;0.0;5.0;9.0;1.0;59.0;3229.0;32.0;1480.0;1623;1525.0
1332;180.0;AB973AAD;87C78AB7;0.0;0.43;0.49;0.0;0.0;4.0;9.0;6.0;9.0;2769.0;32.0;1480.0;1620;1525.0
1331;180.0;5C5F235C;87C78AB7;0.01;0.48;0.56;0.0;0.0;3.0;9.0;7.0;62.0;5282.0;46.0;1480.0;1629;1525.0
1330;180.0;82AFBACF;332091CC;0.01;0.54;0.6;0.01;0.0;2.0;9.0;3.0;24.0;998.0;46.0;1486.0;1635;1526.0
1329;180.0;EA5B82F7;6C955C02;0.02;0.47;0.52;0.0;0.0;1.0;9.0;15.0;53.0;2096.0;55.0;1483.0;1665;1528.0
1328;180.0;DC0ABA96;46F56B8C;0.01;0.46;0.5;0.01;0.04;8.0;8.0;1.0;58.0;2945.0;39.0;1480.0;1626;1525.0
1327;180.0;A8CAA3E5;46F56B8C;0.0;0.36;0.39;0.01;0.03;7.0;8.0;7.0;61.0;4983.0;39.0;1480.0;1627;1525.0
1326;180.0;96EC8D8F;46F56B8C;0.01;0.46;0.5;0.01;0.04;6.0;8.0;7.0;61.0;4994.0;39.0;1480.0;1638;1525.0
1325;180.0;B890FA96;00FFEE90;0.01;0.28;0.31;0.01;0.02;5.0;8.0;6.0;9.0;2267.0;46.0;1489.0;1652;1534.0
1324;180.0;833FE3F2;00FFEE90;0.01;0.27;0.3;0.01;0.02;4.0;8.0;15.0;52.0;1807.0;51.0;1489.0;1648;1534.0
1323;180.0;F2DF2FD9;6466E4EB;0.03;0.21;0.26;0.01;0.02;3.0;7.0;1.0;56.0;2652.0;51.0;1505.0;1658;1545.0
1322;180.0;875EEDD9;645EACFA;0.02;0.16;0.19;0.01;0.02;2.0;7.0;6.0;8.0;2140.0;46.0;1512.0;1674;1557.0
1321;180.0;E8B2672E;645EACFA;0.02;0.18;0.21;0.01;0.02;1.0;7.0;7.0;60.0;4642.0;51.0;1512.0;1690;1557.0
1320;180.0;3C115535;F8C74014;0.01;0.42;0.44;0.0;0.0;8.0;8.0;3.0;22.0;608.0;46.0;1488.0;1639;1523.0
1319;180.0;F6D9B4CF;3BA0D398;0.0;0.38;0.41;0.0;0.03;7.0;8.0;15.0;51.0;1530.0;46.0;1488.0;1646;1528.0
1318;180.0;BC7CA69F;3BA0D398;0.0;0.36;0.4;0.0;0.03;6.0;8.0;1.0;55.0;2378.0;46.0;1488.0;1641;1528.0
1317;180.0;56C4A494;3BA0D398;0.0;0.4;0.44;0.0;0.03;5.0;8.0;6.0;7.0;1861.0;46.0;1488.0;1636;1528.0
1316;180.0;2F9C8FC8;3BA0D398;0.0;0.45;0.49;0.0;0.03;4.0;8.0;7.0;59.0;4360.0;46.0;1488.0;1640;1528.0
1315;180.0;265E299D;3BA0D398;0.0;0.34;0.38;0.0;0.03;3.0;8.0;3.0;21.0;322.0;46.0;1488.0;1640;1528.0
1314;180.0;4DFCDB8B;3BA0D398;0.0;0.38;0.42;0.0;0.03;2.0;8.0;15.0;50.0;1216.0;32.0;1488.0;1631;1528.0
1313;180.0;511DEB41;3BA0D398;0.0;0.41;0.45;0.0;0.03;1.0;8.0;1.0;54.0;2063.0;32.0;1488.0;1652;1528.0
1312;180.0;60501FAE;D6C5A3D0;0.02;0.22;0.25;0.0;0.02;7.0;7.0;6.0;6.0;1553.0;46.0;1501.0;1659;1546.0
1311;180.0;110B8910;D6C5A3D0;0.02;0.19;0.21;0.0;0.02;6.0;7.0;7.0;58.0;4045.0;46.0;1501.0;1655;1546.0
1310;180.0;A52674CC;D6C5A3D0;0.02;0.19;0.21;0.0;0.02;5.0;7.0;3.0;20.0;0.0;46.0;1501.0;1661;1546.0
1306;180.0;9B37EAF4;BE0EA08D;0.03;0.29;0.32;0.0;0.02;1.0;7.0;7.0;57.0;3760.0;46.0;1497.0;1665;1537.0
1305;180.0;07578254;E9D2B793;0.0;0.35;0.39;0.01;0.08;6.0;6.0;2.0;62.0;1905.0;25.0;1480.0;1621;1520.0
1304;180.0;4FF239C8;E9D2B793;0.0;0.37;0.41;0.01;0.08;5.0;6.0;15.0;48.0;647.0;25.0;1480.0;1617;1520.0
1303;180.0;223ABA66;9970B431;0.0;0.4;0.49;0.01;0.09;4.0;6.0;1.0;52.0;1503.0;25.0;1480.0;1633;1520.0
1301;180.0;A1F9A7A5;9C5F9BFA;0.01;0.29;0.31;0.0;0.01;2.0;6.0;7.0;56.0;3471.0;46.0;1490.0;1647;1535.0
1300;180.0;2F4091B6;9C5F9BFA;0.01;0.33;0.36;0.0;0.02;1.0;6.0;3.0;19.0;0.0;51.0;1490.0;1677;1535.0
1299;180.0;18755879;F852E2F5;0.0;0.35;0.38;0.01;0.05;7.0;7.0;2.0;61.0;1560.0;46.0;1470.0;1641;1515.0
1298;180.0;BCD73304;F852E2F5;0.01;0.56;0.6;0.02;0.08;6.0;7.0;15.0;47.0;304.0;46.0;1470.0;1625;1515.0
1297;180.0;37D29B2F;F852E2F5;0.01;0.36;0.39;0.01;0.05;5.0;7.0;1.0;51.0;1155.0;46.0;1470.0;1627;1515.0
1296;180.0;E66E53C9;F852E2F5;0.01;0.53;0.57;0.02;0.07;4.0;7.0;6.0;3.0;639.0;46.0;1470.0;1641;1515.0
1295;180.0;BC8CC60E;F852E2F5;0.0;0.35;0.37;0.01;0.05;3.0;7.0;7.0;55.0;3139.0;46.0;1470.0;1632;1515.0
1294;180.0;8A2FEBA6;F852E2F5;0.01;0.54;0.58;0.02;0.08;2.0;7.0;2.0;60.0;1270.0;46.0;1470.0;1632;1515.0
1293;180.0;FA56DE80;4FA44D87;0.01;0.48;0.5;0.01;0.03;1.0;7.0;15.0;46.0;0.0;55.0;1473.0;1688;1518.0
1292;180.0;0236A616;46F56B8C;0.0;0.35;0.37;0.01;0.03;7.0;7.0;1.0;50.0;806.0;39.0;1480.0;1639;1525.0
1291;180.0;466AA4F9;46F56B8C;0.01;0.45;0.48;0.01;0.04;6.0;7.0;6.0;2.0;300.0;39.0;1480.0;1643;1525.0
1290;180.0;A1F9A7A5;46F56B8C;0.0;0.33;0.36;0.01;0.03;5.0;7.0;7.0;54.0;2796.0;39.0;1480.0;1634;1525.0
1289;180.0;48DA7813;46F56B8C;0.0;0.34;0.37;0.01;0.03;4.0;7.0;3.0;18.0;2596.0;39.0;1480.0;1631;1525.0
1288;180.0;497059B7;46F56B8C;0.0;0.33;0.36;0.01;0.03;3.0;7.0;2.0;59.0;873.0;39.0;1480.0;1637;1525.0
1287;180.0;C34A93E3;46F56B8C;0.01;0.4;0.44;0.01;0.03;2.0;7.0;1.0;49.0;517.0;39.0;1480.0;1632;1525.0
1286;180.0;18B852C6;46F56B8C;0.01;0.43;0.46;0.01;0.03;1.0;7.0;6.0;1.0;0.0;51.0;1480.0;1695;1525.0
1285;180.0;1D9C89D5;D139AB57;0.0;0.37;0.4;0.0;0.0;5.0;5.0;7.0;53.0;2497.0;55.0;1481.0;1664;1526.0
1284;180.0;5CE8ABFD;D139AB57;0.01;0.57;0.61;0.0;0.0;4.0;5.0;3.0;17.0;2271.0;55.0;1481.0;1660;1526.0
1283;180.0;0A2D767B;D139AB57;0.01;0.47;0.5;0.0;0.0;3.0;5.0;2.0;58.0;545.0;55.0;1481.0;1660;1526.0
1282;180.0;66075CAE;D139AB57;0.0;0.41;0.44;0.0;0.0;2.0;5.0;15.0;45.0;2062.0;55.0;1481.0;1661;1526.0
1281;180.0;2A70BFD9;D139AB57;0.01;0.57;0.61;0.0;0.0;1.0;5.0;1.0;48.0;0.0;55.0;1481.0;1680;1526.0
1280;180.0;50853BE9;E154DB61;0.0;0.78;0.87;0.0;0.0;1.0;1.0;3.0;16.0;1886.0;69.0;1465.0;1638;1490.0
1279;180.0;BE3F4D4E;D139AB57;0.01;0.56;0.6;0.0;0.0;2.0;6.0;7.0;52.0;1939.0;55.0;1481.0;1608;1526.0
1278;180.0;8F5C8067;D139AB57;0.01;0.45;0.48;0.0;0.0;1.0;6.0;2.0;57.0;0.0;55.0;1481.0;1687;1526.0
1277;180.0;DB2307F6;2757A61E;0.01;0.61;0.66;0.01;0.0;3.0;3.0;15.0;44.0;1534.0;57.0;1486.0;1701;1541.0
1276;180.0;2C00A6EF;2757A61E;0.01;0.57;0.61;0.01;0.0;2.0;3.0;1.0;47.0;1223.0;57.0;1486.0;1706;1541.0
1275;180.0;C0FEF98C;2757A61E;0.01;0.68;0.72;0.01;0.0;1.0;3.0;3.0;15.0;1460.0;57.0;1486.0;1714;1541.0
1274;180.0;C775A3D0;2757A61E;0.01;0.66;0.71;0.01;0.0;3.0;3.0;7.0;51.0;1541.0;57.0;1486.0;1716;1541.0
1273;180.0;CA54137A;2757A61E;0.01;0.69;0.74;0.01;0.0;2.0;3.0;15.0;43.0;1270.0;57.0;1486.0;1705;1541.0
1272;180.0;38D0F2A1;2757A61E;0.01;0.6;0.64;0.01;0.0;1.0;3.0;1.0;46.0;975.0;57.0;1486.0;1713;1541.0
1271;180.0;915C1FC8;2757A61E;0.01;0.6;0.64;0.01;0.0;3.0;3.0;3.0;14.0;1202.0;57.0;1486.0;1710;1541.0
1270;180.0;6FEA6D7F;2757A61E;0.01;0.55;0.59;0.01;0.0;2.0;3.0;7.0;50.0;1278.0;57.0;1486.0;1700;1541.0
1269;180.0;C7EE2D36;2757A61E;0.01;0.62;0.66;0.01;0.0;1.0;3.0;15.0;42.0;1003.0;57.0;1486.0;1702;1541.0
1268;180.0;E3A4D05C;5671F44D;0.02;0.65;0.69;0.0;0.01;4.0;4.0;1.0;45.0;716.0;46.0;1486.0;1662;1536.0
1267;180.0;68984E99;5671F44D;0.02;0.58;0.61;0.0;0.01;3.0;4.0;3.0;13.0;951.0;46.0;1486.0;1657;1536.0
1266;180.0;08E72091;5671F44D;0.01;0.5;0.52;0.0;0.01;2.0;4.0;2.0;56.0;961.0;46.0;1486.0;1668;1536.0
1265;180.0;E5E52BD6;48815118;0.0;0.54;0.57;0.01;0.0;1.0;4.0;7.0;49.0;978.0;62.0;1486.0;1691;1541.0
1264;180.0;75369318;9970B431;0.0;0.44;0.53;0.01;0.09;6.0;6.0;15.0;41.0;708.0;34.0;1480.0;1632;1520.0
1263;180.0;5644DC3B;9970B431;0.0;0.34;0.41;0.01;0.07;5.0;6.0;1.0;44.0;417.0;34.0;1480.0;1623;1520.0
1262;180.0;6E88DDBE;9970B431;0.0;0.38;0.47;0.01;0.08;4.0;6.0;3.0;12.0;649.0;34.0;1480.0;1624;1520.0
1261;180.0;940AC77F;9970B431;0.0;0.43;0.52;0.01;0.09;3.0;6.0;2.0;55.0;660.0;34.0;1480.0;1625;1520.0
1260;180.0;978DE201;9970B431;0.0;0.45;0.55;0.01;0.1;2.0;6.0;7.0;48.0;588.0;34.0;1480.0;1625;1520.0
1259;180.0;6C5122F4;9970B431;0.0;0.32;0.39;0.01;0.07;2.0;7.0;15.0;40.0;302.0;34.0;1480.0;1635;1520.0
1258;180.0;362F6FE3;9970B431;0.0;0.4;0.48;0.01;0.09;1.0;7.0;1.0;43.0;0.0;39.0;1480.0;1669;1520.0
1257;180.0;ED8B0EAE;DD4524C7;0.02;0.45;0.47;0.01;0.0;7.0;7.0;3.0;11.0;235.0;46.0;1480.0;1660;1525.0
1256;180.0;08F62FCC;DD4524C7;0.02;0.5;0.52;0.01;0.0;6.0;7.0;2.0;54.0;237.0;46.0;1480.0;1637;1525.0
1255;180.0;A5C586C6;DD4524C7;0.02;0.4;0.42;0.01;0.0;5.0;7.0;7.0;47.0;260.0;46.0;1480.0;1636;1525.0
1254;180.0;EF66C2F1;DD4524C7;0.02;0.49;0.52;0.01;0.0;4.0;7.0;15.0;39.0;0.0;46.0;1480.0;1653;1525.0
1253;180.0;FD1CCCEA;DD4524C7;0.02;0.52;0.55;0.01;0.0;3.0;7.0;3.0;10.0;0.0;46.0;1480.0;1651;1525.0
1252;180.0;296B3E48;4AC24E4B;0.02;0.25;0.29;0.01;0.02;2.0;7.0;2.0;53.0;0.0;51.0;1501.0;1678;1546.0
1251;180.0;1DDA852D;4AC24E4B;0.02;0.22;0.25;0.01;0.01;1.0;7.0;7.0;46.0;0.0;57.0;1501.0;1705;1546.0
1250;180.0;62E7EF40;4AC24E4B;0.02;0.22;0.25;0.01;0.01;3.0;3.0;1.0;42.0;416.0;51.0;1501.0;1671;1546.0
1249;180.0;3F99EA3E;4AC24E4B;0.02;0.19;0.21;0.01;0.01;2.0;5.0;15.0;38.0;43.0;51.0;1501.0;1665;1546.0
1248;180.0;E2C27489;4AC24E4B;0.02;0.22;0.25;0.01;0.01;3.0;7.0;2.0;52.0;554.0;51.0;1501.0;1672;1546.0
1247;180.0;68992E88;30171CF7;0.02;0.19;0.23;0.01;0.02;2.0;7.0;3.0;9.0;313.0;55.0;1504.0;1665;1544.0
1246;180.0;0FB549BB;6466E4EB;0.03;0.22;0.27;0.01;0.02;1.0;7.0;1.0;41.0;0.0;55.0;1505.0;1703;1545.0
1245;180.0;F9B768E4;E1C94594;0.01;0.28;0.3;0.0;0.0;2.0;2.0;15.0;37.0;0.0;46.0;1494.0;1665;1534.0
1244;180.0;EE0CBAF4;E1C94594;0.01;0.26;0.27;0.0;0.0;1.0;2.0;2.0;51.0;284.0;46.0;1494.0;1668;1534.0
1243;180.0;0F5E577A;E1C94594;0.02;0.31;0.33;0.0;0.0;3.0;3.0;3.0;7.0;0.0;46.0;1494.0;1673;1534.0
1242;180.0;D535B1BD;E1C94594;0.02;0.29;0.31;0.0;0.0;3.0;3.0;2.0;50.0;0.0;46.0;1494.0;1693;1534.0
1241;180.0;FD3ECA68;493EAF60;0.01;0.37;0.39;0.0;0.01;2.0;3.0;3.0;7.0;0.0;48.0;1486.0;1640;1521.0
1240;180.0;498F32AD;6570BD8E;0.01;0.51;0.53;0.0;0.03;1.0;3.0;15.0;35.0;0.0;55.0;1485.0;1698;1520.0
1239;180.0;92BA2F00;217DAC59;0.02;0.38;0.4;0.0;0.02;8.0;8.0;2.0;49.0;3944.0;51.0;1483.0;1650;1523.0
1238;180.0;FBD9731F;B3A39D69;0.02;0.42;0.44;0.01;0.03;7.0;8.0;3.0;6.0;1660.0;51.0;1484.0;1670;1539.0
1237;180.0;406D3815;B3A39D69;0.02;0.42;0.44;0.01;0.03;6.0;8.0;1.0;40.0;5508.0;51.0;1484.0;1667;1539.0
1236;180.0;575F2849;B3A39D69;0.02;0.36;0.37;0.01;0.02;5.0;8.0;7.0;45.0;1055.0;51.0;1484.0;1660;1539.0
1235;180.0;DDB2B374;B3A39D69;0.02;0.33;0.35;0.01;0.02;4.0;8.0;5.0;65.0;390.0;51.0;1484.0;1667;1539.0
1234;180.0;C9CD1360;B3A39D69;0.02;0.37;0.39;0.01;0.02;3.0;8.0;2.0;48.0;3657.0;51.0;1484.0;1671;1539.0
1233;180.0;FA33F289;B3A39D69;0.02;0.43;0.45;0.01;0.03;2.0;8.0;15.0;34.0;9865.0;51.0;1484.0;1671;1539.0
1232;180.0;AD6BC6B0;B3A39D69;0.02;0.33;0.34;0.01;0.02;1.0;8.0;3.0;5.0;1308.0;57.0;1484.0;1687;1539.0
1231;180.0;1852F753;35C7C29B;0.02;0.31;0.33;0.01;0.0;3.0;3.0;1.0;39.0;5155.0;69.0;1501.0;1711;1551.0
1230;180.0;E752D832;35C7C29B;0.01;0.26;0.28;0.01;0.0;2.0;3.0;7.0;44.0;666.0;69.0;1501.0;1704;1551.0
1229;180.0;0FBBD860;35C7C29B;0.02;0.34;0.37;0.01;0.0;1.0;3.0;5.0;64.0;0.0;69.0;1501.0;1712;1551.0
1228;180.0;B063F1F7;F1291CB0;0.02;0.2;0.22;0.01;0.02;5.0;5.0;2.0;47.0;3269.0;53.0;1506.0;1673;1546.0
1227;180.0;EA27C069;F1291CB0;0.02;0.23;0.25;0.01;0.02;4.0;5.0;15.0;33.0;9483.0;55.0;1506.0;1670;1546.0
1226;180.0;7C9DEF6B;F1291CB0;0.02;0.17;0.18;0.01;0.02;3.0;5.0;3.0;4.0;916.0;55.0;1506.0;1674;1546.0
1225;180.0;47CF0B9C;F1291CB0;0.03;0.24;0.27;0.01;0.03;2.0;5.0;1.0;38.0;4764.0;55.0;1506.0;1677;1546.0
1224;180.0;53237157;F1291CB0;0.02;0.21;0.24;0.01;0.02;1.0;5.0;7.0;43.0;301.0;60.0;1506.0;1697;1546.0
1223;180.0;BB0F4745;F1291CB0;0.02;0.18;0.2;0.01;0.02;5.0;10.0;2.0;46.0;2961.0;51.0;1506.0;1657;1546.0
1222;180.0;968994CB;F1291CB0;0.02;0.2;0.22;0.01;0.02;4.0;10.0;15.0;32.0;9175.0;51.0;1506.0;1661;1546.0
1221;180.0;899C7FF4;F1291CB0;0.02;0.22;0.25;0.01;0.02;3.0;10.0;3.0;3.0;611.0;51.0;1506.0;1673;1546.0
1220;180.0;5BA23E21;CC18C404;0.03;0.25;0.28;0.01;0.03;2.0;10.0;1.0;37.0;4456.0;46.0;1506.0;1669;1551.0
1219;180.0;31C94ED8;CC18C404;0.02;0.25;0.27;0.01;0.02;1.0;10.0;7.0;42.0;0.0;55.0;1506.0;1702;1551.0
1216;180.0;269BC1A9;04751D20;0.02;0.21;0.23;0.01;0.02;2.0;4.0;3.0;2.0;306.0;46.0;1506.0;1678;1551.0
1215;180.0;568ED8FA;04751D20;0.03;0.27;0.29;0.01;0.03;1.0;4.0;5.0;63.0;9289.0;51.0;1506.0;1674;1551.0
1214;180.0;3D05250D;04751D20;0.02;0.17;0.19;0.01;0.02;4.0;4.0;1.0;36.0;4103.0;46.0;1506.0;1661;1551.0
1213;180.0;EB7EC7A5;04751D20;0.02;0.2;0.22;0.01;0.02;3.0;4.0;2.0;44.0;2366.0;46.0;1506.0;1666;1551.0
1212;180.0;51EB5E7A;04751D20;0.02;0.18;0.19;0.01;0.02;2.0;4.0;15.0;30.0;8559.0;46.0;1506.0;1669;1551.0
1211;180.0;90A2A2E0;04751D20;0.02;0.17;0.19;0.01;0.02;1.0;4.0;3.0;1.0;0.0;46.0;1506.0;1701;1551.0
1210;180.0;96EC8D8F;5A195F30;0.01;0.53;0.55;0.0;0.04;5.0;5.0;5.0;62.0;8988.0;46.0;1487.0;1640;1527.0
1209;180.0;E559C3CF;5A195F30;0.0;0.37;0.39;0.0;0.02;4.0;5.0;1.0;35.0;3811.0;41.0;1487.0;1627;1527.0
1208;180.0;451D87C7;DD961E29;0.02;0.16;0.18;0.01;0.02;3.0;5.0;2.0;43.0;2080.0;46.0;1507.0;1669;1552.0
1207;180.0;051A4C93;DD961E29;0.03;0.19;0.22;0.01;0.03;2.0;5.0;7.0;41.0;3430.0;46.0;1507.0;1667;1552.0
1206;180.0;8BAF8F7A;D927D5F2;0.02;0.14;0.16;0.01;0.02;1.0;5.0;15.0;29.0;8241.0;46.0;1507.0;1690;1552.0
1205;180.0;483B24F4;56FFE5DC;0.02;0.18;0.2;0.01;0.01;3.0;3.0;5.0;61.0;8724.0;39.0;1507.0;1648;1532.0
1204;180.0;B9945255;56FFE5DC;0.02;0.18;0.2;0.01;0.01;2.0;3.0;1.0;34.0;3548.0;39.0;1507.0;1649;1532.0
1203;180.0;65BCF3E5;56FFE5DC;0.02;0.19;0.21;0.01;0.01;1.0;3.0;2.0;42.0;1819.0;55.0;1507.0;1674;1532.0
1202;180.0;38D99447;ED43FC57;0.01;0.35;0.37;0.01;0.02;7.0;7.0;7.0;40.0;3165.0;46.0;1486.0;1656;1531.0
1201;180.0;A0B25534;249A7E68;0.01;0.35;0.38;0.0;0.02;6.0;7.0;15.0;28.0;7976.0;46.0;1484.0;1635;1519.0
1200;180.0;CA54877A;249A7E68;0.01;0.41;0.44;0.0;0.02;5.0;7.0;5.0;60.0;8458.0;46.0;1484.0;1640;1519.0
1199;180.0;47E2CC90;67470249;0.01;0.33;0.38;0.0;0.02;4.0;7.0;1.0;33.0;3281.0;46.0;1486.0;1643;1526.0
1198;180.0;3EF49D77;67470249;0.01;0.39;0.45;0.0;0.02;3.0;7.0;2.0;41.0;1532.0;51.0;1486.0;1645;1526.0
1197;180.0;7965FC99;67470249;0.01;0.48;0.54;0.0;0.03;2.0;7.0;7.0;39.0;2888.0;51.0;1486.0;1641;1526.0
1196;180.0;369CFF0B;67470249;0.01;0.35;0.4;0.0;0.02;1.0;7.0;15.0;27.0;7692.0;51.0;1486.0;1659;1526.0
1195;180.0;BEDDF144;B3A39D69;0.02;0.33;0.35;0.01;0.02;7.0;7.0;5.0;59.0;8082.0;51.0;1484.0;1654;1539.0
1194;180.0;B8659FE3;B3A39D69;0.03;0.51;0.53;0.01;0.03;6.0;7.0;1.0;32.0;2900.0;51.0;1484.0;1656;1539.0
1193;180.0;AC59C35F;2BA96869;0.01;0.42;0.45;0.0;0.02;5.0;7.0;7.0;38.0;2576.0;46.0;1486.0;1635;1526.0
1192;180.0;E831EBF9;2BA96869;0.01;0.46;0.5;0.0;0.02;4.0;7.0;2.0;40.0;1119.0;46.0;1486.0;1653;1526.0
1191;180.0;87C3DCF7;2BA96869;0.01;0.47;0.51;0.0;0.02;3.0;7.0;15.0;26.0;7338.0;46.0;1486.0;1642;1526.0
1190;180.0;F0294568;2E90E747;0.02;0.27;0.3;0.01;0.02;2.0;7.0;5.0;58.0;7823.0;46.0;1499.0;1658;1539.0
1189;180.0;C9BA34A6;2E90E747;0.02;0.29;0.33;0.01;0.02;1.0;7.0;1.0;31.0;2652.0;41.0;1499.0;1655;1539.0
1188;180.0;6904B156;56FFE5DC;0.02;0.13;0.15;0.01;0.01;4.0;4.0;7.0;37.0;2334.0;39.0;1507.0;1646;1532.0
1187;180.0;6C0F85C5;56FFE5DC;0.02;0.19;0.21;0.01;0.01;3.0;4.0;2.0;39.0;876.0;39.0;1507.0;1641;1532.0
1186;180.0;E54EA2AA;56FFE5DC;0.02;0.14;0.16;0.01;0.01;2.0;4.0;15.0;25.0;7085.0;39.0;1507.0;1652;1532.0
1185;180.0;1DDA852D;56FFE5DC;0.02;0.16;0.18;0.01;0.01;1.0;4.0;5.0;57.0;7562.0;55.0;1507.0;1670;1532.0
1184;180.0;611B5CB9;C696558F;0.03;0.24;0.27;0.0;0.02;4.0;4.0;1.0;30.0;2368.0;41.0;1505.0;1659;1535.0
1183;180.0;C656DAB2;C696558F;0.02;0.19;0.21;0.0;0.02;3.0;4.0;7.0;36.0;2046.0;46.0;1505.0;1661;1535.0
1182;180.0;3EF49D77;60B76B26;0.02;0.19;0.21;0.01;0.02;2.0;4.0;2.0;38.0;580.0;46.0;1504.0;1664;1544.0
1181;180.0;72E660D4;60B76B26;0.02;0.22;0.24;0.01;0.02;1.0;4.0;15.0;24.0;6789.0;46.0;1504.0;1671;1544.0
1180;180.0;3C6793B2;027DF228;0.0;1.09;1.16;0.0;0.0;2.0;2.0;5.0;56.0;7257.0;62.0;1463.0;1612;1489.0
1179;180.0;223285CE;027DF228;0.0;0.99;1.05;0.0;0.0;1.0;2.0;1.0;29.0;2079.0;62.0;1463.0;1622;1489.0
1178;180.0;CB1163DD;0731C1FB;0.0;0.89;0.96;0.01;0.0;4.0;4.0;7.0;35.0;1757.0;62.0;1462.0;1613;1488.0
1177;180.0;70F0EDCC;0731C1FB;0.0;1.0;1.08;0.01;0.0;3.0;4.0;2.0;37.0;289.0;62.0;1462.0;1611;1488.0
1176;180.0;CA8FBAAC;0EADFE3F;0.0;0.91;0.94;0.0;0.0;2.0;4.0;15.0;23.0;6497.0;64.0;1463.0;1607;1489.0
1175;180.0;70F0EDCC;0EADFE3F;0.0;1.03;1.08;0.0;0.0;1.0;4.0;5.0;55.0;6970.0;69.0;1463.0;1606;1489.0
1174;180.0;9F416A93;56FFE5DC;0.02;0.13;0.15;0.01;0.01;3.0;3.0;1.0;28.0;1768.0;39.0;1507.0;1648;1532.0
1173;180.0;D9231796;56FFE5DC;0.02;0.14;0.16;0.01;0.01;1.0;3.0;2.0;36.0;0.0;55.0;1507.0;1683;1532.0
1172;180.0;9E883375;56FFE5DC;0.02;0.13;0.15;0.01;0.01;2.0;4.0;7.0;34.0;1343.0;39.0;1507.0;1646;1532.0
1171;180.0;00A115CC;56FFE5DC;0.02;0.16;0.18;0.01;0.01;1.0;4.0;15.0;22.0;6150.0;55.0;1507.0;1672;1532.0
1170;180.0;9AC76105;76E5EEFF;0.02;0.17;0.2;0.01;0.01;2.0;2.0;5.0;54.0;6622.0;46.0;1504.0;1673;1549.0
1169;180.0;FC3AD815;163D1351;0.02;0.25;0.27;0.0;0.02;1.0;2.0;1.0;27.0;1438.0;55.0;1503.0;1703;1548.0
1168;180.0;C8FB02F6;163D1351;0.02;0.2;0.22;0.0;0.02;4.0;4.0;5.0;53.0;6353.0;51.0;1503.0;1674;1548.0
1167;180.0;73AE7074;163D1351;0.02;0.18;0.19;0.0;0.02;3.0;6.0;7.0;33.0;906.0;46.0;1503.0;1678;1548.0
1166;180.0;12FE1662;163D1351;0.02;0.25;0.28;0.0;0.02;2.0;6.0;15.0;21.0;5701.0;46.0;1503.0;1665;1548.0
1165;180.0;46B8B747;163D1351;0.03;0.27;0.3;0.0;0.03;1.0;6.0;2.0;35.0;937.0;55.0;1503.0;1686;1548.0
1164;180.0;8903C153;07025389;0.02;0.27;0.3;0.01;0.01;5.0;5.0;1.0;26.0;1003.0;46.0;1497.0;1653;1537.0
1163;180.0;C5D4BD44;07025389;0.02;0.25;0.28;0.01;0.01;4.0;5.0;5.0;52.0;6079.0;41.0;1497.0;1650;1537.0
1162;180.0;9F7F8ABD;07025389;0.02;0.34;0.37;0.01;0.02;3.0;5.0;7.0;32.0;609.0;46.0;1497.0;1654;1537.0
1161;180.0;369CFF0B;07025389;0.02;0.26;0.29;0.01;0.01;2.0;5.0;15.0;20.0;5405.0;46.0;1497.0;1664;1537.0
1160;180.0;B9F0D281;07025389;0.02;0.35;0.39;0.01;0.02;1.0;5.0;2.0;34.0;641.0;55.0;1497.0;1669;1537.0
1159;180.0;2D9F3578;A201F563;0.02;0.24;0.27;0.01;0.0;7.0;7.0;1.0;25.0;709.0;46.0;1504.0;1663;1544.0
1158;180.0;7A0EBEAA;6E5EEB11;0.02;0.23;0.25;0.0;0.02;6.0;7.0;5.0;51.0;5784.0;46.0;1503.0;1677;1543.0
1157;180.0;B9DB8FDC;6E5EEB11;0.01;0.17;0.19;0.0;0.02;5.0;7.0;7.0;31.0;332.0;46.0;1503.0;1661;1543.0
1156;180.0;B7389B6D;6E5EEB11;0.02;0.26;0.28;0.0;0.02;4.0;7.0;15.0;19.0;5145.0;46.0;1503.0;1662;1543.0
1155;180.0;69E650A6;392BEDA4;0.02;0.22;0.24;0.01;0.02;3.0;7.0;2.0;33.0;383.0;46.0;1504.0;1662;1544.0
1154;180.0;4813F8EB;92E96E75;0.02;0.49;0.52;0.01;0.0;2.0;7.0;5.0;50.0;5521.0;46.0;1483.0;1647;1523.0
1153;180.0;53C99D06;92E96E75;0.01;0.32;0.34;0.01;0.0;1.0;7.0;1.0;24.0;332.0;55.0;1483.0;1646;1523.0
1152;180.0;7F8418C7;1F3F501C;0.02;0.12;0.14;0.01;0.01;1.0;1.0;7.0;30.0;0.0;46.0;1503.0;1692;1543.0
1151;180.0;9889D92F;E2EF030B;0.01;0.18;0.21;0.01;0.02;1.0;1.0;15.0;18.0;4761.0;46.0;1502.0;1673;1547.0
1150;180.0;986B305A;8C409667;0.02;0.19;0.21;0.01;0.0;3.0;4.0;2.0;32.0;0.0;46.0;1504.0;1654;1539.0
1149;180.0;17890C45;96956A01;0.02;0.2;0.22;0.01;0.02;2.0;4.0;5.0;49.0;5183.0;46.0;1500.0;1661;1540.0
1148;180.0;BCD73304;96956A01;0.03;0.23;0.26;0.01;0.03;1.0;4.0;1.0;23.0;0.0;46.0;1500.0;1681;1540.0
1147;180.0;F1626723;96956A01;0.02;0.17;0.19;0.01;0.02;3.0;3.0;15.0;17.0;4306.0;46.0;1500.0;1658;1540.0
1146;180.0;FBF32707;96956A01;0.02;0.21;0.24;0.01;0.02;2.0;7.0;5.0;48.0;4786.0;46.0;1500.0;1655;1540.0
1145;180.0;89CDFAFF;96956A01;0.02;0.16;0.18;0.01;0.02;1.0;7.0;2.0;31.0;1809.0;46.0;1500.0;1667;1540.0
1144;90.0;08A5FEA5;96956A01;0.02;0.22;0.25;0.01;0.02;5.0;5.0;1.0;22.0;1625.0;46.0;1500.0;1654;1540.0
1143;90.0;F8CE0FBD;96956A01;0.02;0.19;0.21;0.01;0.02;4.0;5.0;7.0;29.0;4603.0;46.0;1500.0;1657;1540.0
1142;90.0;121E85EF;96956A01;0.02;0.2;0.22;0.01;0.02;3.0;5.0;15.0;16.0;3938.0;46.0;1500.0;1657;1540.0
1141;90.0;3A7E4D92;FA0F279E;0.02;0.23;0.25;0.0;0.03;2.0;5.0;5.0;47.0;4409.0;18.0;1503.0;1659;1553.0
1140;90.0;17890C45;5A9C08BA;0.02;0.41;0.47;0.0;0.0;1.0;5.0;2.0;30.0;1452.0;46.0;1480.0;1663;1520.0
1139;90.0;67B0A7F9;A2E1A153;0.02;0.11;0.15;0.0;0.0;1.0;1.0;1.0;21.0;1328.0;39.0;1500.0;1668;1540.0
1138;90.0;6DEC53D4;BB15B95F;0.0;0.06;0.09;0.0;0.3;3.0;3.0;7.0;28.0;4310.0;0.0;1511.0;1648;1556.0
1137;90.0;AA408E5A;BB15B95F;0.0;0.07;0.1;0.0;0.32;2.0;3.0;15.0;15.0;3640.0;0.0;1511.0;1646;1556.0
1136;90.0;305C2112;BB15B95F;0.0;0.06;0.1;0.0;0.31;1.0;3.0;5.0;46.0;4120.0;0.0;1511.0;1664;1556.0
1135;90.0;3EF49D77;46F56B8C;0.01;0.38;0.41;0.01;0.03;7.0;7.0;2.0;29.0;1166.0;34.0;1480.0;1653;1535.0
1134;90.0;13479FF0;46F56B8C;0.01;0.42;0.46;0.01;0.03;6.0;7.0;1.0;20.0;1045.0;34.0;1480.0;1640;1535.0
1133;90.0;0E639414;46F56B8C;0.01;0.41;0.44;0.01;0.03;5.0;7.0;7.0;27.0;4025.0;34.0;1480.0;1637;1535.0
1132;90.0;861A0DB6;46F56B8C;0.01;0.39;0.43;0.01;0.03;4.0;7.0;15.0;14.0;3366.0;18.0;1480.0;1634;1535.0
1131;90.0;60BEA8B9;00FFEE90;0.01;0.42;0.46;0.01;0.02;3.0;7.0;5.0;45.0;3843.0;18.0;1489.0;1640;1534.0
1130;90.0;92B9B814;0A8B5BDF;0.01;0.36;0.38;0.01;0.02;2.0;7.0;2.0;28.0;888.0;41.0;1481.0;1656;1536.0
1129;90.0;DF484954;0A8B5BDF;0.01;0.42;0.44;0.01;0.02;1.0;7.0;1.0;19.0;775.0;41.0;1481.0;1670;1536.0
1128;90.0;AC0873A5;DAF26177;0.0;0.44;0.48;0.0;0.01;10.0;10.0;7.0;26.0;3754.0;34.0;1480.0;1625;1525.0
1127;90.0;A5FC87DC;DAF26177;0.01;0.56;0.6;0.0;0.02;9.0;10.0;15.0;13.0;3091.0;41.0;1480.0;1632;1525.0
1126;90.0;892961FF;DAF26177;0.0;0.46;0.49;0.0;0.01;8.0;10.0;5.0;44.0;3571.0;34.0;1480.0;1616;1525.0
1125;90.0;A85F6161;DAF26177;0.0;0.39;0.43;0.0;0.01;7.0;10.0;2.0;27.0;612.0;34.0;1480.0;1614;1525.0
1124;90.0;3EFEAE59;DAF26177;0.0;0.45;0.49;0.0;0.01;6.0;10.0;1.0;18.0;498.0;34.0;1480.0;1621;1525.0
1123;90.0;61B66CDE;DAF26177;0.0;0.38;0.41;0.0;0.01;5.0;10.0;7.0;25.0;3481.0;34.0;1480.0;1612;1525.0
1122;90.0;CF2E2794;DAF26177;0.01;0.48;0.52;0.0;0.02;4.0;10.0;15.0;12.0;2815.0;34.0;1480.0;1616;1525.0
1121;90.0;D89BFDBC;DAF26177;0.01;0.51;0.55;0.0;0.02;3.0;10.0;5.0;43.0;3294.0;34.0;1480.0;1618;1525.0
1120;90.0;C17F2DB0;DAF26177;0.01;0.49;0.53;0.0;0.02;2.0;10.0;1.0;17.0;280.0;34.0;1480.0;1619;1525.0
1119;90.0;8CE3CCE8;DAF26177;0.01;0.55;0.59;0.0;0.02;1.0;10.0;2.0;26.0;275.0;34.0;1480.0;1647;1525.0
1118;90.0;BA0F127C;9C0993CD;0.02;0.51;0.56;0.0;0.02;7.0;7.0;7.0;24.0;3191.0;34.0;1480.0;1634;1530.0
1117;90.0;8F788C72;9C0993CD;0.02;0.36;0.39;0.0;0.01;6.0;7.0;15.0;11.0;2535.0;51.0;1480.0;1641;1530.0
1116;90.0;7FD5F4C7;B5D5B9CA;0.01;0.44;0.49;0.0;0.02;5.0;7.0;5.0;42.0;3018.0;34.0;1480.0;1628;1525.0
1115;90.0;D9853D1F;B1EBA22B;0.01;0.49;0.52;0.0;0.02;4.0;7.0;1.0;16.0;0.0;46.0;1480.0;1639;1525.0
1114;90.0;A46BD93A;6657D710;0.01;0.26;0.31;0.0;0.0;3.0;7.0;2.0;25.0;0.0;18.0;1493.0;1665;1543.0
1113;90.0;BF320B89;59D14704;0.01;0.5;0.54;0.0;0.01;2.0;7.0;7.0;23.0;2858.0;34.0;1487.0;1652;1537.0
1112;90.0;F377E584;59D14704;0.02;0.65;0.7;0.0;0.01;2.0;8.0;15.0;10.0;2196.0;34.0;1487.0;1652;1537.0
1111;90.0;3E820119;59D14704;0.02;0.63;0.68;0.0;0.01;1.0;8.0;5.0;41.0;2649.0;44.0;1487.0;1660;1537.0
1110;90.0;D9231796;D6C5A3D0;0.02;0.16;0.18;0.0;0.01;7.0;7.0;7.0;22.0;2545.0;46.0;1501.0;1663;1546.0
1109;90.0;67A28CED;D6C5A3D0;0.02;0.2;0.22;0.0;0.02;6.0;7.0;2.0;24.0;2273.0;34.0;1501.0;1650;1546.0
1108;90.0;4DA3DE1B;3BA0D398;0.0;0.38;0.42;0.0;0.03;5.0;7.0;1.0;15.0;2288.0;18.0;1488.0;1632;1533.0
1107;90.0;A5CAEC3F;3BA0D398;0.0;0.52;0.57;0.0;0.04;4.0;7.0;15.0;9.0;1765.0;18.0;1488.0;1641;1533.0
1106;90.0;5F3DCC44;43608E5D;0.0;0.42;0.44;0.0;0.05;3.0;7.0;5.0;40.0;2240.0;18.0;1485.0;1647;1535.0
1105;90.0;AE9068AF;1C61F0BD;0.0;0.77;0.83;0.01;0.07;2.0;7.0;7.0;21.0;2263.0;18.0;1474.0;1603;1509.0
1104;90.0;0B04BD96;E85F4719;0.0;0.48;0.51;0.0;0.02;1.0;7.0;2.0;23.0;1986.0;34.0;1487.0;1648;1532.0
1103;90.0;F11CE96C;74291B2A;0.01;0.52;0.57;0.0;0.02;8.0;8.0;1.0;14.0;1993.0;18.0;1480.0;1616;1525.0
1102;90.0;AAEFF0FE;24C923E1;0.02;0.44;0.47;0.0;0.0;7.0;8.0;15.0;8.0;1488.0;34.0;1476.0;1621;1521.0
1101;90.0;C006062E;24C923E1;0.02;0.55;0.58;0.0;0.0;6.0;8.0;5.0;39.0;1969.0;34.0;1476.0;1623;1521.0
1100;90.0;32E9F01D;24C923E1;0.02;0.57;0.61;0.0;0.0;5.0;8.0;7.0;20.0;1986.0;34.0;1476.0;1619;1521.0
1099;90.0;EFDEB2B6;24C923E1;0.02;0.41;0.44;0.0;0.0;4.0;8.0;2.0;22.0;1699.0;34.0;1476.0;1626;1521.0
1098;90.0;C778CDEA;7BF6FBDF;0.01;0.44;0.47;0.0;0.01;3.0;8.0;1.0;13.0;1700.0;34.0;1482.0;1641;1537.0
1097;90.0;E26175C3;7BF6FBDF;0.02;0.57;0.61;0.0;0.01;2.0;8.0;15.0;7.0;1200.0;34.0;1482.0;1647;1537.0
1096;90.0;DC64F491;7BF6FBDF;0.02;0.48;0.51;0.0;0.01;1.0;8.0;5.0;38.0;1651.0;34.0;1482.0;1656;1537.0
1095;90.0;483A00E8;E9D2B793;0.0;0.48;0.53;0.01;0.1;7.0;7.0;7.0;19.0;1664.0;34.0;1480.0;1642;1520.0
1094;90.0;5A6861BC;E9D2B793;0.0;0.33;0.37;0.01;0.07;6.0;7.0;2.0;21.0;1381.0;34.0;1480.0;1632;1520.0
1093;90.0;375964A4;E9D2B793;0.0;0.47;0.52;0.01;0.1;5.0;7.0;1.0;12.0;1375.0;18.0;1480.0;1632;1520.0
1092;90.0;4E4F79E0;9970B431;0.0;0.31;0.38;0.01;0.07;4.0;7.0;15.0;6.0;862.0;34.0;1480.0;1639;1520.0
1091;90.0;F895EFC2;9970B431;0.0;0.41;0.5;0.01;0.09;3.0;7.0;5.0;37.0;1343.0;34.0;1480.0;1634;1520.0
1090;90.0;BCD73304;9970B431;0.0;0.48;0.58;0.01;0.1;2.0;7.0;7.0;18.0;1363.0;34.0;1480.0;1631;1520.0
1089;90.0;4813F8EB;48A7AB1A;0.01;0.44;0.47;0.0;0.02;1.0;7.0;2.0;20.0;1087.0;34.0;1486.0;1655;1531.0
1087;90.0;63DA1E0E;F1291CB0;0.02;0.15;0.17;0.01;0.02;2.0;3.0;15.0;5.0;588.0;55.0;1506.0;1677;1551.0
1088;90.0;B897A440;F1291CB0;0.02;0.22;0.24;0.01;0.02;3.0;3.0;1.0;11.0;1094.0;55.0;1506.0;1680;1551.0
1086;90.0;02E9FB05;F1291CB0;0.02;0.16;0.18;0.01;0.02;1.0;3.0;5.0;36.0;1067.0;60.0;1506.0;1687;1551.0
1085;90.0;67260EEF;22C5A4BE;0.02;0.14;0.17;0.01;0.0;5.0;5.0;7.0;17.0;1090.0;18.0;1511.0;1646;1552.0
1084;90.0;2FCD24FE;22C5A4BE;0.02;0.15;0.18;0.01;0.0;4.0;5.0;2.0;19.0;794.0;18.0;1511.0;1640;1552.0
1083;90.0;9550C998;B4E0CC84;0.02;0.15;0.17;0.01;0.02;3.0;5.0;1.0;10.0;795.0;34.0;1507.0;1663;1552.0
1082;90.0;916F0866;B4E0CC84;0.02;0.22;0.25;0.01;0.02;2.0;5.0;15.0;4.0;287.0;34.0;1507.0;1655;1552.0
1081;90.0;2914F515;D9882B65;0.01;0.36;0.39;0.0;0.02;1.0;5.0;5.0;35.0;767.0;34.0;1490.0;1662;1540.0
1080;90.0;7F27D57A;7D015357;0.02;0.19;0.22;0.01;0.01;4.0;4.0;7.0;16.0;782.0;46.0;1506.0;1668;1551.0
1079;90.0;058B15B1;7D015357;0.02;0.2;0.22;0.01;0.01;3.0;4.0;2.0;18.0;501.0;46.0;1506.0;1671;1551.0
1078;90.0;9497BEFC;7D015357;0.02;0.17;0.19;0.01;0.01;2.0;4.0;1.0;9.0;508.0;46.0;1506.0;1666;1551.0
1077;90.0;F08DE0B6;7D015357;0.02;0.13;0.15;0.01;0.01;1.0;4.0;15.0;3.0;0.0;53.0;1506.0;1708;1551.0
1076;90.0;41B4BE24;71A937D5;0.02;0.42;0.47;0.0;0.02;10.0;10.0;5.0;34.0;479.0;34.0;1487.0;1650;1542.0
1075;90.0;113BBDA6;71A937D5;0.01;0.33;0.37;0.0;0.02;9.0;10.0;7.0;15.0;497.0;34.0;1487.0;1644;1542.0
1074;90.0;B293A060;71A937D5;0.02;0.46;0.51;0.0;0.02;8.0;10.0;2.0;17.0;224.0;34.0;1487.0;1645;1542.0
1073;90.0;494F6188;71A937D5;0.02;0.52;0.58;0.0;0.03;7.0;10.0;1.0;8.0;237.0;34.0;1487.0;1645;1542.0
1072;90.0;0351D806;BFEB6EA0;0.02;0.4;0.45;0.0;0.02;6.0;10.0;5.0;33.0;252.0;34.0;1483.0;1637;1538.0
1071;90.0;EFEC3CD1;BFEB6EA0;0.02;0.44;0.5;0.0;0.02;5.0;10.0;7.0;14.0;275.0;34.0;1483.0;1651;1538.0
1070;90.0;85B80C6C;BFEB6EA0;0.02;0.4;0.45;0.0;0.02;4.0;10.0;2.0;16.0;0.0;34.0;1483.0;1661;1538.0
1069;90.0;F0475594;BFEB6EA0;0.02;0.47;0.53;0.0;0.02;3.0;10.0;1.0;7.0;0.0;34.0;1483.0;1661;1538.0
1068;90.0;3EFEAE59;BFEB6EA0;0.02;0.4;0.44;0.0;0.02;2.0;10.0;5.0;32.0;0.0;34.0;1483.0;1659;1538.0
1067;90.0;331C7409;BFEB6EA0;0.02;0.39;0.44;0.0;0.02;1.0;10.0;7.0;13.0;0.0;34.0;1483.0;1681;1538.0
1066;90.0;19D8C68E;17D537B5;0.02;0.12;0.14;0.01;0.02;5.0;5.0;2.0;15.0;3140.0;18.0;1509.0;1655;1554.0
1065;90.0;E1EF9C49;A38FF5CA;0.02;0.15;0.19;0.01;0.01;4.0;5.0;15.0;2.0;296.0;34.0;1507.0;1659;1547.0
1064;90.0;734F24A2;92B3EDD4;0.02;0.21;0.27;0.01;0.01;3.0;5.0;1.0;6.0;1639.0;39.0;1502.0;1652;1547.0
1063;90.0;B8D14FE6;A410176C;0.02;0.21;0.27;0.01;0.01;2.0;5.0;5.0;31.0;3184.0;57.0;1502.0;1682;1557.0
1062;90.0;F93444CA;A410176C;0.02;0.15;0.2;0.01;0.01;1.0;5.0;7.0;12.0;3056.0;57.0;1502.0;1698;1557.0
1059;90.0;5CD9195F;6570BD8E;0.01;0.42;0.45;0.0;0.02;5.0;5.0;1.0;5.0;1342.0;34.0;1485.0;1637;1530.0
1058;90.0;987C3439;F7838086;0.01;0.39;0.42;0.0;0.0;4.0;5.0;5.0;30.0;2897.0;23.0;1483.0;1631;1528.0
1057;90.0;E6B1FC7F;67470249;0.01;0.45;0.51;0.0;0.02;3.0;5.0;7.0;11.0;2780.0;34.0;1486.0;1639;1531.0
1056;90.0;6A8459EA;44661CD0;0.02;0.2;0.22;0.01;0.02;2.0;5.0;8.0;61.0;2639.0;32.0;1506.0;1661;1551.0
1055;90.0;D4EDF8C9;44661CD0;0.02;0.2;0.22;0.01;0.02;1.0;5.0;2.0;13.0;2465.0;0.0;1506.0;1656;1551.0
1054;90.0;DB10B62D;BB15B95F;0.0;0.05;0.08;0.0;0.26;5.0;7.0;1.0;4.0;987.0;0.0;1511.0;1642;1556.0
1053;90.0;7BC0E460;BB15B95F;0.0;0.07;0.11;0.0;0.35;4.0;7.0;5.0;29.0;2533.0;0.0;1511.0;1642;1556.0
1052;90.0;21904E9B;BB15B95F;0.0;0.08;0.11;0.0;0.37;3.0;5.0;7.0;10.0;2338.0;0.0;1511.0;1638;1556.0
1051;90.0;319C7CE4;BB15B95F;0.0;0.06;0.09;0.0;0.3;1.0;7.0;2.0;12.0;2132.0;0.0;1511.0;1650;1556.0
1050;90.0;8F7EC7CA;BB15B95F;0.0;0.06;0.09;0.0;0.29;6.0;7.0;8.0;60.0;2136.0;0.0;1511.0;1639;1556.0
1049;90.0;F7761CD2;BB15B95F;0.0;0.07;0.11;0.0;0.35;5.0;7.0;1.0;3.0;613.0;0.0;1511.0;1646;1556.0
1048;90.0;E6B1FC7F;BB15B95F;0.0;0.07;0.11;0.0;0.34;4.0;7.0;5.0;28.0;2163.0;0.0;1511.0;1640;1556.0
1047;90.0;49B5F098;E294A4B5;0.0;0.07;0.09;0.0;0.26;3.0;7.0;7.0;9.0;2037.0;0.0;1509.0;1642;1549.0
1046;90.0;427622E1;E294A4B5;0.0;0.09;0.13;0.0;0.34;2.0;7.0;2.0;11.0;1820.0;0.0;1509.0;1624;1549.0
1045;90.0;C7A014A0;E294A4B5;0.0;0.06;0.08;0.0;0.23;1.0;7.0;8.0;59.0;1820.0;0.0;1509.0;1639;1549.0
1044;90.0;411A8711;E294A4B5;0.0;0.06;0.09;0.0;0.25;6.0;6.0;1.0;2.0;313.0;0.0;1509.0;1661;1549.0
1043;90.0;A3188947;E294A4B5;0.0;0.06;0.09;0.0;0.24;5.0;6.0;5.0;27.0;1856.0;0.0;1509.0;1649;1549.0
1042;90.0;051A4C93;E294A4B5;0.0;0.09;0.13;0.0;0.34;4.0;6.0;7.0;8.0;1720.0;0.0;1509.0;1651;1549.0
1041;90.0;8C3E496D;E294A4B5;0.0;0.06;0.09;0.0;0.24;3.0;6.0;2.0;10.0;1515.0;0.0;1509.0;1645;1549.0
1040;90.0;114EFF44;E294A4B5;0.0;0.08;0.11;0.0;0.29;2.0;6.0;8.0;58.0;1519.0;0.0;1509.0;1645;1549.0
1039;90.0;E210B28A;E294A4B5;0.0;0.08;0.11;0.0;0.3;1.0;6.0;1.0;1.0;0.0;0.0;1509.0;1683;1549.0
1038;180.0;101A3BF0;71A937D5;0.02;0.43;0.48;0.0;0.02;3.0;3.0;5.0;26.0;1465.0;46.0;1487.0;1659;1532.0
1037;180.0;48C23D62;4C9F89E7;0.02;0.18;0.21;0.01;0.02;2.0;3.0;7.0;7.0;1349.0;46.0;1512.0;1675;1557.0
1036;180.0;BA71D83D;2BA96869;0.01;0.44;0.48;0.0;0.02;1.0;3.0;2.0;9.0;1097.0;55.0;1486.0;1670;1526.0
1035;180.0;F6EBE0C5;71A937D5;0.01;0.33;0.37;0.0;0.02;5.0;7.0;8.0;57.0;1113.0;46.0;1487.0;1647;1532.0
1034;180.0;7B17CDEA;60B76B26;0.02;0.22;0.25;0.01;0.02;4.0;7.0;5.0;25.0;1203.0;46.0;1504.0;1673;1544.0
1033;180.0;7B9905F2;60B76B26;0.02;0.16;0.18;0.01;0.02;3.0;7.0;7.0;6.0;1079.0;46.0;1504.0;1663;1544.0
1032;180.0;9E3D5E9E;60B76B26;0.02;0.22;0.24;0.01;0.02;2.0;7.0;2.0;8.0;877.0;46.0;1504.0;1673;1544.0
1031;180.0;5C5F235C;60B76B26;0.02;0.2;0.22;0.01;0.02;1.0;7.0;8.0;56.0;889.0;46.0;1504.0;1675;1544.0
1030;180.0;D879F897;E9D2B793;0.0;0.32;0.36;0.01;0.07;7.0;7.0;5.0;24.0;967.0;25.0;1480.0;1632;1520.0
1029;180.0;D737EE0E;E9D2B793;0.0;0.32;0.36;0.01;0.07;6.0;7.0;7.0;5.0;849.0;25.0;1480.0;1625;1520.0
1028;180.0;242793B6;9970B431;0.0;0.43;0.52;0.01;0.09;5.0;7.0;2.0;7.0;651.0;25.0;1480.0;1627;1520.0
1027;180.0;157B0140;9970B431;0.0;0.39;0.47;0.01;0.08;4.0;7.0;8.0;55.0;656.0;25.0;1480.0;1616;1520.0
1026;180.0;B487127E;9970B431;0.0;0.31;0.38;0.01;0.07;3.0;7.0;5.0;23.0;754.0;34.0;1480.0;1625;1520.0
1025;180.0;00C7181A;9970B431;0.0;0.36;0.44;0.01;0.08;2.0;7.0;7.0;4.0;636.0;34.0;1480.0;1632;1520.0
1024;180.0;D89C8665;9970B431;0.0;0.43;0.52;0.01;0.09;1.0;7.0;2.0;6.0;427.0;39.0;1480.0;1644;1520.0
1023;180.0;A3C2452A;56FFE5DC;0.02;0.19;0.21;0.01;0.01;4.0;4.0;8.0;54.0;435.0;39.0;1507.0;1646;1532.0
1022;180.0;E76A2215;56FFE5DC;0.02;0.18;0.21;0.01;0.01;2.0;4.0;7.0;3.0;302.0;44.0;1507.0;1656;1532.0
1021;180.0;F255E164;56FFE5DC;0.02;0.14;0.16;0.01;0.01;2.0;4.0;5.0;22.0;317.0;39.0;1507.0;1648;1532.0
1020;180.0;F40CFA65;56FFE5DC;0.02;0.17;0.19;0.01;0.01;1.0;4.0;4.0;58.0;0.0;55.0;1507.0;1670;1532.0
1019;180.0;8485B1B6;2E90E747;0.02;0.28;0.31;0.01;0.02;4.0;4.0;2.0;5.0;0.0;46.0;1499.0;1673;1539.0
1018;180.0;FF637873;2E90E747;0.02;0.28;0.32;0.01;0.02;3.0;4.0;8.0;53.0;0.0;46.0;1499.0;1658;1539.0
1017;180.0;4FF1DAC8;F2951EE4;0.01;0.32;0.35;0.01;0.02;2.0;4.0;7.0;2.0;0.0;46.0;1496.0;1702;1536.0
1016;180.0;3A3671C8;35C7C29B;0.02;0.32;0.34;0.01;0.0;1.0;4.0;5.0;21.0;0.0;69.0;1501.0;1723;1551.0
1015;180.0;2FEF6212;56FFE5DC;0.02;0.15;0.17;0.01;0.01;4.0;4.0;4.0;57.0;2258.0;39.0;1507.0;1650;1532.0
1014;180.0;BA70ABB5;56FFE5DC;0.03;0.21;0.23;0.02;0.01;3.0;4.0;2.0;4.0;881.0;39.0;1507.0;1642;1532.0
1013;180.0;32B455EE;56FFE5DC;0.02;0.16;0.18;0.01;0.01;2.0;4.0;8.0;52.0;3150.0;39.0;1507.0;1645;1532.0
1012;180.0;161BCBE1;56FFE5DC;0.02;0.17;0.2;0.01;0.01;1.0;4.0;7.0;1.0;0.0;55.0;1507.0;1700;1532.0
1011;180.0;46B8B747;493EAF60;0.01;0.5;0.53;0.0;0.01;6.0;6.0;6.0;63.0;2977.0;46.0;1486.0;1638;1521.0
1010;180.0;79E4A383;67470249;0.01;0.37;0.42;0.0;0.02;5.0;6.0;4.0;56.0;1969.0;51.0;1486.0;1644;1526.0
1009;180.0;B7969699;67470249;0.01;0.31;0.35;0.0;0.02;4.0;6.0;2.0;3.0;597.0;51.0;1486.0;1649;1526.0
1008;180.0;9CA7CC6A;249A7E68;0.02;0.51;0.55;0.0;0.03;3.0;6.0;8.0;51.0;2864.0;46.0;1484.0;1623;1519.0
1007;180.0;D35D943C;249A7E68;0.02;0.49;0.52;0.0;0.02;2.0;6.0;5.0;20.0;2689.0;46.0;1484.0;1631;1519.0
1006;180.0;13578997;249A7E68;0.01;0.34;0.36;0.0;0.02;1.0;6.0;6.0;62.0;2702.0;55.0;1484.0;1648;1519.0
1005;180.0;357346FB;25016671;0.02;0.46;0.48;0.0;0.0;7.0;7.0;4.0;55.0;1694.0;46.0;1483.0;1644;1523.0
1004;180.0;755447B4;25016671;0.02;0.47;0.49;0.0;0.0;6.0;7.0;2.0;2.0;318.0;46.0;1483.0;1637;1523.0
1003;180.0;538B2AFF;25016671;0.02;0.51;0.53;0.0;0.0;5.0;7.0;8.0;50.0;2566.0;46.0;1483.0;1633;1523.0
1002;180.0;AC895E09;25016671;0.02;0.55;0.57;0.0;0.0;4.0;7.0;5.0;19.0;2391.0;46.0;1483.0;1632;1523.0
1001;180.0;9F81DBDE;25016671;0.02;0.45;0.48;0.0;0.0;3.0;7.0;6.0;61.0;2401.0;46.0;1483.0;1637;1523.0
1000;180.0;26220A81;25016671;0.02;0.48;0.5;0.0;0.0;2.0;7.0;4.0;54.0;1375.0;46.0;1483.0;1633;1523.0
999;180.0;605CEFA0;25016671;0.02;0.5;0.52;0.0;0.0;1.0;7.0;2.0;1.0;0.0;46.0;1483.0;1691;1523.0
998;180.0;DBB74E9D;B4CD6E45;0.0;0.75;0.79;0.0;0.02;8.0;8.0;8.0;49.0;2262.0;46.0;1475.0;1633;1515.0
997;180.0;C999CAAE;B4CD6E45;0.0;0.74;0.77;0.0;0.02;7.0;8.0;5.0;18.0;2070.0;46.0;1475.0;1634;1515.0
996;180.0;840F518F;B4CD6E45;0.0;0.8;0.83;0.0;0.02;6.0;8.0;6.0;60.0;2078.0;46.0;1475.0;1630;1515.0
995;180.0;0B04BD96;B4CD6E45;0.0;0.67;0.7;0.0;0.02;5.0;8.0;4.0;53.0;1062.0;46.0;1475.0;1635;1515.0
994;180.0;497059B7;E154DB61;0.0;0.76;0.85;0.0;0.0;4.0;8.0;8.0;48.0;2006.0;64.0;1465.0;1613;1490.0
993;180.0;7D0E34E0;E154DB61;0.0;0.76;0.85;0.0;0.0;3.0;8.0;5.0;17.0;1815.0;64.0;1465.0;1609;1490.0
992;180.0;3733095B;E154DB61;0.0;0.96;1.08;0.0;0.0;2.0;8.0;6.0;59.0;1820.0;64.0;1465.0;1614;1490.0
991;180.0;3733095B;E154DB61;0.0;0.96;1.08;0.0;0.0;1.0;8.0;4.0;52.0;807.0;69.0;1465.0;1621;1490.0
990;180.0;E335A090;2806A3F9;0.0;0.32;0.35;0.0;0.01;5.0;5.0;8.0;47.0;1760.0;39.0;1491.0;1645;1531.0
989;180.0;70FB3F30;46F56B8C;0.0;0.37;0.4;0.01;0.03;4.0;5.0;5.0;16.0;1576.0;39.0;1480.0;1644;1525.0
988;180.0;42501D54;46F56B8C;0.01;0.47;0.51;0.01;0.04;3.0;5.0;6.0;58.0;1579.0;39.0;1480.0;1639;1525.0
987;180.0;3BF20DFE;46F56B8C;0.0;0.34;0.37;0.01;0.03;2.0;5.0;4.0;51.0;566.0;39.0;1480.0;1635;1525.0
986;180.0;6C98A7F0;46F56B8C;0.01;0.39;0.43;0.01;0.03;1.0;5.0;8.0;46.0;1513.0;55.0;1480.0;1658;1525.0
985;180.0;E5604AE7;00FFEE90;0.01;0.32;0.34;0.01;0.02;2.0;7.0;5.0;15.0;1288.0;51.0;1489.0;1668;1534.0
984;180.0;A9A5CD32;00FFEE90;0.01;0.35;0.39;0.01;0.02;1.0;7.0;6.0;57.0;1299.0;51.0;1489.0;1669;1534.0
983;180.0;7353D386;1FCFE9BD;0.02;0.26;0.28;0.01;0.03;6.0;6.0;4.0;50.0;295.0;46.0;1500.0;1654;1540.0
982;180.0;0A93664D;1FCFE9BD;0.02;0.23;0.25;0.01;0.03;5.0;6.0;8.0;45.0;1244.0;46.0;1500.0;1659;1540.0
981;180.0;C67BFD0C;1FCFE9BD;0.02;0.19;0.21;0.01;0.02;4.0;6.0;3.0;34.0;1226.0;46.0;1500.0;1665;1540.0
980;180.0;0651A113;217DAC59;0.02;0.4;0.42;0.0;0.02;3.0;6.0;5.0;14.0;989.0;46.0;1483.0;1644;1523.0
979;180.0;067F5D92;2BA96869;0.01;0.48;0.52;0.0;0.02;2.0;6.0;6.0;56.0;1000.0;46.0;1486.0;1647;1526.0
978;180.0;E654D789;2BA96869;0.01;0.48;0.51;0.0;0.02;1.0;6.0;4.0;49.0;0.0;46.0;1486.0;1683;1526.0
977;180.0;B3E72B99;3167C7EE;0.02;0.24;0.26;0.0;0.02;7.0;7.0;8.0;44.0;954.0;41.0;1502.0;1658;1537.0
976;180.0;F3B73F87;3167C7EE;0.02;0.24;0.26;0.0;0.02;6.0;7.0;3.0;33.0;959.0;41.0;1502.0;1645;1537.0
975;180.0;A4A05A19;CC18C404;0.02;0.2;0.22;0.01;0.02;5.0;7.0;5.0;13.0;719.0;46.0;1506.0;1666;1551.0
974;180.0;AD1C9E7B;CC18C404;0.02;0.18;0.2;0.01;0.02;4.0;7.0;6.0;55.0;732.0;46.0;1506.0;1666;1551.0
973;180.0;5166DD0A;F1291CB0;0.02;0.16;0.18;0.01;0.02;3.0;7.0;8.0;43.0;725.0;51.0;1506.0;1676;1546.0
972;180.0;07FA8C66;F1291CB0;0.02;0.21;0.23;0.01;0.02;2.0;7.0;3.0;32.0;723.0;51.0;1506.0;1674;1546.0
971;180.0;8DEBBA60;F1291CB0;0.02;0.18;0.2;0.01;0.02;1.0;7.0;5.0;12.0;475.0;60.0;1506.0;1698;1546.0
970;180.0;2500E615;F1291CB0;0.02;0.21;0.23;0.01;0.02;7.0;7.0;6.0;54.0;485.0;51.0;1506.0;1669;1546.0
969;180.0;D822F30C;F1291CB0;0.02;0.21;0.23;0.01;0.02;6.0;7.0;8.0;42.0;483.0;51.0;1506.0;1682;1546.0
968;180.0;7141E71B;F1291CB0;0.02;0.2;0.22;0.01;0.02;5.0;7.0;3.0;31.0;492.0;51.0;1506.0;1676;1546.0
967;180.0;0F4A43FA;F1291CB0;0.02;0.22;0.24;0.01;0.02;4.0;7.0;5.0;11.0;257.0;51.0;1506.0;1680;1546.0
966;180.0;04952FB0;F1291CB0;0.02;0.15;0.17;0.01;0.02;3.0;7.0;6.0;53.0;258.0;51.0;1506.0;1669;1546.0
965;180.0;3A4BAF9A;F1291CB0;0.02;0.17;0.19;0.01;0.02;2.0;7.0;8.0;41.0;253.0;51.0;1506.0;1666;1546.0
964;180.0;DE24F633;F1291CB0;0.03;0.24;0.27;0.01;0.03;1.0;7.0;3.0;30.0;251.0;60.0;1506.0;1691;1546.0
963;180.0;6F1769AE;76884E9D;0.0;0.66;0.7;0.01;0.06;4.0;4.0;5.0;10.0;0.0;46.0;1474.0;1645;1509.0
961;180.0;6BB098C2;22ADB3F3;0.0;0.69;0.72;0.01;0.05;2.0;4.0;8.0;40.0;0.0;46.0;1476.0;1634;1501.0
962;180.0;5AA03CD1;76884E9D;0.0;0.61;0.65;0.01;0.05;3.0;4.0;6.0;52.0;0.0;46.0;1474.0;1640;1509.0
960;180.0;E80A8649;22ADB3F3;0.0;0.63;0.66;0.01;0.05;1.0;4.0;3.0;29.0;0.0;46.0;1476.0;1644;1501.0
959;180.0;02903316;93142261;0.02;0.19;0.22;0.01;0.01;5.0;5.0;4.0;48.0;7468.0;46.0;1501.0;1651;1536.0
958;180.0;EAD09635;93142261;0.02;0.27;0.31;0.01;0.02;4.0;5.0;6.0;51.0;7579.0;46.0;1501.0;1649;1536.0
957;180.0;91409A57;6466E4EB;0.02;0.19;0.23;0.01;0.01;3.0;5.0;5.0;9.0;2399.0;46.0;1505.0;1669;1545.0
956;180.0;7009DADE;6466E4EB;0.03;0.21;0.26;0.01;0.02;2.0;5.0;8.0;39.0;7426.0;46.0;1505.0;1674;1545.0
955;180.0;012735D5;6466E4EB;0.03;0.21;0.25;0.01;0.02;1.0;5.0;3.0;28.0;4591.0;55.0;1505.0;1689;1545.0
954;180.0;24C9925B;D6C5A3D0;0.03;0.23;0.26;0.0;0.02;5.0;5.0;4.0;47.0;7211.0;46.0;1501.0;1668;1546.0
953;180.0;A9A5CD32;D6C5A3D0;0.02;0.19;0.21;0.0;0.02;4.0;5.0;6.0;50.0;7321.0;46.0;1501.0;1669;1546.0
952;180.0;C9EA76FC;D6C5A3D0;0.02;0.22;0.24;0.0;0.02;3.0;5.0;5.0;8.0;2136.0;46.0;1501.0;1665;1546.0
951;180.0;0F88777E;D6C5A3D0;0.02;0.17;0.19;0.0;0.01;2.0;5.0;8.0;38.0;7149.0;46.0;1501.0;1670;1546.0
950;180.0;CF965FC6;D6C5A3D0;0.02;0.22;0.24;0.0;0.02;1.0;5.0;3.0;27.0;4303.0;55.0;1501.0;1678;1546.0
949;180.0;A6BBF00A;D139AB57;0.0;0.42;0.45;0.0;0.0;4.0;4.0;4.0;46.0;6914.0;55.0;1481.0;1665;1526.0
948;180.0;185DE899;D139AB57;0.01;0.49;0.52;0.0;0.0;3.0;4.0;6.0;49.0;7019.0;55.0;1481.0;1664;1526.0
947;180.0;24664793;D139AB57;0.0;0.39;0.41;0.0;0.0;2.0;4.0;5.0;7.0;1826.0;55.0;1481.0;1661;1526.0
946;180.0;469C5DB3;703CB22C;0.02;0.64;0.66;0.0;0.02;1.0;4.0;8.0;37.0;6848.0;51.0;1486.0;1672;1536.0
945;180.0;9F7F8ABD;F852E2F5;0.01;0.52;0.55;0.02;0.07;6.0;6.0;3.0;26.0;4006.0;51.0;1470.0;1631;1515.0
944;180.0;00A115CC;F852E2F5;0.01;0.42;0.45;0.01;0.06;5.0;6.0;4.0;45.0;6623.0;51.0;1470.0;1630;1515.0
943;180.0;8C7D62FB;F852E2F5;0.01;0.52;0.56;0.02;0.07;4.0;6.0;6.0;48.0;6735.0;51.0;1470.0;1628;1515.0
942;180.0;386FB9D8;F852E2F5;0.01;0.47;0.5;0.02;0.07;3.0;6.0;5.0;6.0;1545.0;51.0;1470.0;1627;1515.0
941;180.0;41B4BE24;F852E2F5;0.01;0.45;0.48;0.02;0.06;2.0;6.0;8.0;36.0;6560.0;51.0;1470.0;1625;1515.0
940;180.0;75FF8B39;F852E2F5;0.01;0.4;0.43;0.01;0.06;1.0;6.0;3.0;25.0;3722.0;55.0;1470.0;1643;1515.0
934;180.0;B00BB0C8;F852E2F5;0.01;0.49;0.52;0.02;0.07;1.0;6.0;4.0;43.0;6038.0;55.0;1470.0;1652;1515.0
933;180.0;DE0F701D;E1B28665;0.01;0.42;0.45;0.0;0.01;5.0;5.0;6.0;46.0;6159.0;46.0;1492.0;1674;1547.0
932;180.0;5C8F6E10;E1B28665;0.01;0.41;0.44;0.0;0.01;4.0;5.0;5.0;4.0;956.0;46.0;1492.0;1676;1547.0
931;180.0;7070F8D5;E1B28665;0.0;0.35;0.38;0.0;0.01;3.0;5.0;8.0;34.0;5973.0;46.0;1492.0;1672;1547.0
930;180.0;7E75BDDC;E1B28665;0.01;0.38;0.42;0.0;0.01;2.0;5.0;3.0;23.0;3114.0;46.0;1492.0;1672;1547.0
929;180.0;75A7AC4C;E1B28665;0.01;0.39;0.42;0.0;0.01;1.0;5.0;4.0;42.0;5734.0;57.0;1492.0;1693;1547.0
928;180.0;98D3A41E;0FDB4332;0.03;0.54;0.57;0.01;0.01;7.0;7.0;6.0;45.0;5858.0;46.0;1480.0;1643;1520.0
927;180.0;F338E818;4CA7CEA8;0.02;0.45;0.47;0.01;0.02;6.0;7.0;5.0;3.0;652.0;46.0;1483.0;1650;1528.0
926;180.0;3DA7A878;53C00FD5;0.01;0.6;0.64;0.0;0.03;5.0;7.0;8.0;33.0;5671.0;46.0;1483.0;1637;1523.0
925;180.0;3E70B9E9;53C00FD5;0.01;0.39;0.42;0.0;0.02;4.0;7.0;3.0;22.0;2815.0;46.0;1483.0;1641;1523.0
924;180.0;CF229BEF;263123F2;0.01;0.54;0.57;0.0;0.02;3.0;7.0;4.0;41.0;5431.0;46.0;1480.0;1638;1525.0
923;180.0;9C97A0FA;5C6E672A;0.02;0.56;0.59;0.01;0.02;2.0;7.0;6.0;44.0;5555.0;46.0;1483.0;1655;1528.0
922;180.0;3D75F757;5C6E672A;0.02;0.51;0.55;0.01;0.02;1.0;7.0;5.0;2.0;335.0;46.0;1483.0;1665;1528.0
921;180.0;8AD16109;87C78AB7;0.0;0.36;0.42;0.0;0.0;5.0;5.0;8.0;32.0;5304.0;32.0;1480.0;1619;1525.0
920;180.0;C58F150C;87C78AB7;0.0;0.35;0.41;0.0;0.0;4.0;5.0;3.0;21.0;2463.0;32.0;1480.0;1622;1525.0
919;180.0;DB3E9AC8;332091CC;0.01;0.53;0.58;0.01;0.0;3.0;5.0;4.0;40.0;5071.0;46.0;1486.0;1638;1526.0
918;180.0;1C50335C;332091CC;0.01;0.42;0.47;0.01;0.0;2.0;5.0;6.0;43.0;5197.0;46.0;1486.0;1635;1526.0
917;180.0;AD4251FD;332091CC;0.01;0.43;0.48;0.01;0.0;1.0;5.0;5.0;1.0;0.0;46.0;1486.0;1688;1526.0
916;180.0;015D559E;F4C6D02B;0.02;0.59;0.65;0.0;0.05;10.0;10.0;3.0;20.0;2242.0;18.0;1487.0;1623;1527.0
915;180.0;9BDBCDA3;5671F44D;0.02;0.56;0.59;0.0;0.01;9.0;10.0;8.0;31.0;4973.0;46.0;1486.0;1658;1536.0
914;180.0;E99914A1;5671F44D;0.01;0.53;0.56;0.0;0.01;8.0;10.0;4.0;39.0;4751.0;46.0;1486.0;1651;1536.0
913;180.0;F96AC869;5671F44D;0.02;0.63;0.67;0.0;0.01;7.0;10.0;6.0;42.0;4863.0;46.0;1486.0;1650;1536.0
911;180.0;576BEB09;5671F44D;0.02;0.63;0.66;0.0;0.01;5.0;10.0;8.0;30.0;4680.0;46.0;1486.0;1658;1536.0
910;180.0;92F8B145;5671F44D;0.02;0.67;0.7;0.0;0.01;4.0;10.0;4.0;38.0;4497.0;46.0;1486.0;1650;1536.0
909;180.0;0FEEC9B7;2A8BED63;0.02;0.51;0.53;0.0;0.0;3.0;10.0;6.0;41.0;4614.0;46.0;1488.0;1635;1528.0
908;180.0;B0F306DD;2A8BED63;0.02;0.53;0.55;0.0;0.0;2.0;10.0;3.0;18.0;1698.0;46.0;1488.0;1632;1528.0
907;180.0;11106903;2A8BED63;0.02;0.52;0.54;0.0;0.0;1.0;10.0;8.0;29.0;4418.0;46.0;1488.0;1657;1528.0
906;180.0;AC59C35F;645EACFA;0.02;0.16;0.19;0.01;0.02;8.0;8.0;4.0;37.0;4245.0;46.0;1512.0;1674;1557.0
905;180.0;C6E8AABC;645EACFA;0.02;0.15;0.18;0.01;0.02;7.0;8.0;6.0;40.0;4370.0;46.0;1512.0;1672;1557.0
904;180.0;3819B38F;3BA0D398;0.0;0.39;0.42;0.0;0.03;6.0;8.0;3.0;17.0;1466.0;46.0;1488.0;1638;1528.0
903;180.0;0DB1136D;3BA0D398;0.0;0.4;0.44;0.0;0.03;5.0;8.0;8.0;28.0;4196.0;46.0;1488.0;1641;1528.0
902;180.0;09464F50;3BA0D398;0.0;0.5;0.55;0.0;0.04;4.0;8.0;4.0;36.0;4033.0;46.0;1488.0;1644;1528.0
901;180.0;82FA9DDF;3BA0D398;0.0;0.42;0.47;0.0;0.03;3.0;8.0;6.0;39.0;4161.0;32.0;1488.0;1632;1528.0
900;180.0;1A7012F6;6C955C02;0.02;0.55;0.61;0.0;0.0;2.0;8.0;3.0;16.0;1258.0;51.0;1483.0;1640;1528.0
899;180.0;841BD3C6;6C955C02;0.01;0.36;0.39;0.0;0.0;1.0;8.0;8.0;27.0;3982.0;55.0;1483.0;1668;1528.0
898;180.0;5D20573F;163D1351;0.02;0.25;0.28;0.0;0.02;7.0;7.0;15.0;56.0;3354.0;51.0;1503.0;1664;1548.0
897;180.0;72F3E965;163D1351;0.02;0.26;0.28;0.0;0.02;6.0;7.0;4.0;35.0;3761.0;51.0;1503.0;1667;1548.0
896;180.0;7F8DFC93;163D1351;0.02;0.17;0.19;0.0;0.02;5.0;7.0;6.0;38.0;3884.0;51.0;1503.0;1665;1548.0
895;180.0;BEBE1AC9;163D1351;0.02;0.2;0.22;0.0;0.02;4.0;7.0;3.0;15.0;976.0;51.0;1503.0;1676;1548.0
894;180.0;EF66C2F1;163D1351;0.02;0.22;0.24;0.0;0.02;3.0;7.0;8.0;26.0;3704.0;51.0;1503.0;1670;1548.0
893;180.0;58D1EECA;163D1351;0.02;0.21;0.23;0.0;0.02;2.0;7.0;15.0;55.0;3077.0;51.0;1503.0;1670;1548.0
892;180.0;32A0ECDD;07025389;0.02;0.3;0.33;0.01;0.02;1.0;7.0;4.0;34.0;3483.0;51.0;1497.0;1678;1537.0
891;180.0;1B28E8DD;07025389;0.02;0.28;0.31;0.01;0.02;3.0;3.0;6.0;37.0;3561.0;46.0;1497.0;1652;1537.0
890;180.0;21398BBF;07025389;0.02;0.33;0.37;0.01;0.02;2.0;4.0;3.0;14.0;659.0;46.0;1497.0;1652;1537.0
889;180.0;C077DA79;07025389;0.02;0.35;0.39;0.01;0.02;1.0;4.0;8.0;25.0;3377.0;51.0;1497.0;1687;1537.0
888;180.0;9D027E4A;07025389;0.02;0.25;0.28;0.01;0.01;4.0;4.0;15.0;54.0;2709.0;41.0;1497.0;1648;1537.0
887;180.0;0D92201D;07025389;0.02;0.35;0.38;0.01;0.02;3.0;8.0;4.0;33.0;3109.0;41.0;1497.0;1653;1537.0
886;180.0;370253E0;07025389;0.02;0.28;0.31;0.01;0.01;2.0;8.0;6.0;36.0;3215.0;46.0;1497.0;1659;1537.0
885;180.0;3C1D0B7C;07025389;0.02;0.25;0.27;0.01;0.01;1.0;8.0;3.0;13.0;309.0;51.0;1497.0;1674;1537.0
884;180.0;1678F175;A201F563;0.01;0.17;0.19;0.01;0.0;5.0;5.0;8.0;24.0;3028.0;41.0;1504.0;1652;1544.0
883;180.0;3D7FB240;76E5EEFF;0.02;0.18;0.21;0.01;0.01;4.0;5.0;15.0;53.0;2392.0;51.0;1504.0;1664;1549.0
882;180.0;076E8FBF;392BEDA4;0.02;0.21;0.23;0.01;0.02;3.0;5.0;4.0;32.0;2785.0;41.0;1504.0;1659;1544.0
881;180.0;A589B536;392BEDA4;0.02;0.24;0.26;0.01;0.02;2.0;5.0;6.0;35.0;2907.0;41.0;1504.0;1651;1544.0
880;180.0;EBA6AEFB;392BEDA4;0.01;0.17;0.19;0.01;0.02;1.0;5.0;3.0;12.0;0.0;46.0;1504.0;1689;1544.0
879;180.0;E831EBF9;8C409667;0.02;0.21;0.23;0.01;0.0;3.0;3.0;8.0;23.0;2717.0;46.0;1504.0;1673;1539.0
878;180.0;B33A68A3;8C409667;0.02;0.16;0.17;0.01;0.0;1.0;3.0;4.0;31.0;2491.0;46.0;1504.0;1671;1539.0
877;180.0;036ECD7F;8C409667;0.02;0.2;0.23;0.01;0.0;2.0;4.0;15.0;52.0;1979.0;46.0;1504.0;1662;1539.0
876;180.0;5A28CA83;7D501556;0.01;0.14;0.16;0.01;0.02;1.0;4.0;6.0;34.0;2545.0;51.0;1503.0;1694;1543.0
875;90.0;CB9980E4;76E5EEFF;0.03;0.22;0.25;0.01;0.01;6.0;6.0;3.0;11.0;2249.0;34.0;1504.0;1656;1549.0
874;90.0;9AC76105;76E5EEFF;0.02;0.17;0.2;0.01;0.01;5.0;6.0;8.0;22.0;2245.0;34.0;1504.0;1653;1549.0
873;90.0;6684ED42;76E5EEFF;0.03;0.24;0.27;0.01;0.01;4.0;6.0;4.0;30.0;2079.0;41.0;1504.0;1668;1549.0
872;90.0;7F7807AD;138B69A9;0.02;0.22;0.24;0.01;0.02;3.0;6.0;15.0;51.0;1561.0;34.0;1503.0;1660;1548.0
871;90.0;B748F13E;DFBF368A;0.01;0.34;0.38;0.0;0.0;2.0;6.0;6.0;33.0;2149.0;57.0;1485.0;1645;1525.0
870;90.0;4979773E;DFBF368A;0.01;0.36;0.41;0.0;0.0;1.0;6.0;3.0;10.0;1969.0;18.0;1485.0;1631;1525.0
869;90.0;12A942B0;1169CAE4;0.02;0.23;0.27;0.0;0.03;5.0;5.0;8.0;21.0;1975.0;46.0;1502.0;1659;1542.0
868;90.0;48DA7813;1169CAE4;0.02;0.18;0.2;0.0;0.02;4.0;5.0;4.0;29.0;1801.0;46.0;1502.0;1663;1542.0
867;90.0;962E2E13;1169CAE4;0.02;0.21;0.24;0.0;0.03;3.0;5.0;15.0;50.0;1286.0;46.0;1502.0;1654;1542.0
866;90.0;986B305A;10A9A4D4;0.02;0.19;0.22;0.01;0.02;2.0;5.0;6.0;32.0;1869.0;18.0;1502.0;1639;1542.0
865;90.0;E01D250A;D36B37E7;0.01;0.4;0.45;0.0;0.0;1.0;5.0;3.0;9.0;1687.0;48.0;1480.0;1656;1525.0
864;90.0;6ECE1C2C;E294A4B5;0.0;0.08;0.11;0.0;0.31;6.0;6.0;8.0;20.0;1671.0;0.0;1509.0;1642;1549.0
863;90.0;69017C5B;E294A4B5;0.0;0.09;0.12;0.0;0.33;5.0;6.0;4.0;28.0;1504.0;0.0;1509.0;1631;1549.0
862;90.0;CC94E728;E294A4B5;0.0;0.07;0.1;0.0;0.26;4.0;6.0;15.0;49.0;987.0;0.0;1509.0;1636;1549.0
861;90.0;EB631EBC;E294A4B5;0.0;0.06;0.09;0.0;0.24;3.0;6.0;6.0;31.0;1576.0;0.0;1509.0;1639;1549.0
860;90.0;3EE53BB5;E294A4B5;0.0;0.08;0.12;0.0;0.33;2.0;6.0;3.0;8.0;1387.0;0.0;1509.0;1640;1549.0
859;90.0;B2783A8A;E294A4B5;0.0;0.06;0.09;0.0;0.23;1.0;6.0;8.0;19.0;1390.0;0.0;1509.0;1660;1549.0
858;90.0;450C1D91;9C0993CD;0.02;0.52;0.56;0.0;0.02;7.0;7.0;4.0;27.0;1211.0;34.0;1480.0;1643;1530.0
857;90.0;12D34451;9C0993CD;0.02;0.5;0.55;0.0;0.02;6.0;7.0;15.0;48.0;702.0;46.0;1480.0;1640;1530.0
856;90.0;78FA2B6A;9C0993CD;0.02;0.46;0.5;0.0;0.02;5.0;7.0;6.0;30.0;1289.0;46.0;1480.0;1639;1530.0
855;90.0;73C94768;5C6E672A;0.02;0.51;0.54;0.01;0.02;4.0;7.0;3.0;7.0;1109.0;34.0;1483.0;1632;1528.0
854;90.0;0A431CA5;B5D5B9CA;0.01;0.45;0.51;0.0;0.02;3.0;7.0;8.0;18.0;1114.0;34.0;1480.0;1633;1525.0
853;90.0;9E3125CF;12A9E163;0.01;0.5;0.52;0.0;0.02;2.0;7.0;4.0;26.0;937.0;18.0;1476.0;1616;1521.0
852;90.0;DD7EC5E9;E85F4719;0.0;0.42;0.45;0.0;0.02;1.0;7.0;15.0;47.0;417.0;39.0;1487.0;1659;1532.0
851;90.0;AC59C35F;00FFEE90;0.01;0.35;0.38;0.01;0.02;4.0;4.0;6.0;29.0;991.0;18.0;1489.0;1643;1534.0
850;90.0;38D99447;B44BA138;0.01;0.31;0.33;0.01;0.04;3.0;4.0;3.0;6.0;754.0;34.0;1482.0;1669;1542.0
849;90.0;584E58EC;B44BA138;0.01;0.29;0.31;0.01;0.04;1.0;3.0;4.0;25.0;645.0;34.0;1482.0;1664;1542.0
848;90.0;59BC00D4;00FFEE90;0.01;0.33;0.35;0.01;0.02;3.0;5.0;8.0;17.0;696.0;18.0;1489.0;1658;1534.0
847;90.0;3BCD27BA;0A8B5BDF;0.01;0.47;0.49;0.02;0.03;2.0;5.0;6.0;28.0;701.0;41.0;1481.0;1657;1536.0
846;90.0;426D7C8F;0A8B5BDF;0.01;0.34;0.36;0.01;0.02;1.0;5.0;15.0;46.0;0.0;41.0;1481.0;1686;1536.0
845;90.0;D6A00ECF;FC8C358D;0.0;0.4;0.43;0.02;0.05;7.0;7.0;4.0;24.0;407.0;34.0;1476.0;1635;1516.0
844;90.0;E2B94132;FC8C358D;0.0;0.42;0.46;0.02;0.05;6.0;7.0;3.0;5.0;399.0;34.0;1476.0;1626;1516.0
837;90.0;860DF6F5;E9D2B793;0.0;0.43;0.48;0.01;0.09;4.0;4.0;4.0;22.0;0.0;34.0;1480.0;1644;1520.0
836;90.0;E752D832;E9D2B793;0.0;0.36;0.39;0.01;0.08;3.0;4.0;3.0;3.0;0.0;34.0;1480.0;1646;1520.0
835;90.0;76456250;7BA7093A;0.01;0.18;0.21;0.01;0.0;2.0;4.0;8.0;14.0;0.0;18.0;1509.0;1660;1554.0
834;90.0;E0C4317E;A8E02CB3;0.01;0.48;0.52;0.0;0.02;1.0;4.0;6.0;25.0;0.0;18.0;1480.0;1659;1525.0
825;90.0;E1612E1D;F1291CB0;0.02;0.21;0.23;0.01;0.02;5.0;5.0;8.0;12.0;3152.0;51.0;1506.0;1689;1551.0
824;90.0;1D6F6DC4;F1291CB0;0.02;0.24;0.26;0.01;0.02;4.0;5.0;15.0;44.0;5462.0;51.0;1506.0;1685;1551.0
823;90.0;2E12F21A;F1291CB0;0.02;0.23;0.26;0.01;0.02;3.0;5.0;6.0;22.0;5784.0;51.0;1506.0;1679;1551.0
822;90.0;3A6E4E39;F1291CB0;0.02;0.17;0.19;0.01;0.02;2.0;5.0;4.0;19.0;5039.0;51.0;1506.0;1685;1551.0
821;90.0;E9043640;F1291CB0;0.02;0.21;0.23;0.01;0.02;1.0;5.0;8.0;11.0;2889.0;60.0;1506.0;1692;1551.0
820;90.0;0351D806;F1291CB0;0.02;0.19;0.21;0.01;0.02;2.0;6.0;15.0;43.0;5195.0;55.0;1506.0;1669;1551.0
819;90.0;E4EE4DE4;F1291CB0;0.02;0.16;0.18;0.01;0.02;1.0;6.0;6.0;21.0;5504.0;60.0;1506.0;1700;1551.0
818;90.0;68FE4862;ADF66D45;0.02;0.15;0.17;0.01;0.01;7.0;7.0;4.0;18.0;4782.0;34.0;1507.0;1663;1547.0
817;90.0;E7999B35;D927D5F2;0.02;0.14;0.16;0.01;0.02;6.0;7.0;8.0;10.0;2644.0;32.0;1507.0;1656;1551.0
816;90.0;68D6BCEE;D927D5F2;0.02;0.17;0.19;0.01;0.02;5.0;7.0;15.0;42.0;4963.0;32.0;1507.0;1666;1551.0
815;90.0;6BFE114C;D927D5F2;0.02;0.18;0.2;0.01;0.02;4.0;7.0;6.0;20.0;5266.0;32.0;1507.0;1662;1551.0
814;90.0;C93248FC;D927D5F2;0.02;0.14;0.15;0.01;0.02;3.0;7.0;4.0;17.0;4542.0;32.0;1507.0;1670;1551.0
804;90.0;17890C45;D6BA9D02;0.02;0.46;0.48;0.0;0.02;3.0;3.0;8.0;7.0;1875.0;39.0;1481.0;1634;1526.0
803;90.0;4517DFEF;D6BA9D02;0.01;0.37;0.39;0.0;0.02;2.0;3.0;15.0;39.0;4186.0;39.0;1481.0;1635;1526.0
802;90.0;9D369DD4;D6BA9D02;0.01;0.37;0.39;0.0;0.02;1.0;3.0;6.0;17.0;4516.0;46.0;1481.0;1653;1526.0
801;90.0;CDC12253;D6BA9D02;0.02;0.53;0.56;0.0;0.03;3.0;3.0;7.0;54.0;8000.0;34.0;1481.0;1638;1526.0
800;90.0;D1DCC3E6;D6BA9D02;0.01;0.4;0.42;0.0;0.02;2.0;3.0;4.0;14.0;3734.0;34.0;1481.0;1640;1526.0
799;90.0;D741D6F2;D6BA9D02;0.02;0.46;0.48;0.0;0.02;1.0;3.0;8.0;6.0;1593.0;46.0;1481.0;1652;1526.0
798;90.0;7058577A;44661CD0;0.02;0.2;0.23;0.01;0.02;3.0;3.0;15.0;38.0;3908.0;32.0;1506.0;1668;1551.0
797;90.0;1A82C935;44661CD0;0.02;0.19;0.21;0.01;0.02;2.0;3.0;6.0;16.0;4230.0;32.0;1506.0;1660;1551.0
796;90.0;8496D8B3;44661CD0;0.02;0.18;0.2;0.01;0.02;1.0;3.0;7.0;53.0;7711.0;39.0;1506.0;1676;1551.0
795;90.0;555EF354;C21BA30D;0.0;0.85;0.91;0.0;0.0;3.0;3.0;4.0;13.0;3445.0;64.0;1462.0;1618;1497.0
794;90.0;0A9587EF;C21BA30D;0.0;0.92;0.99;0.0;0.0;2.0;3.0;8.0;5.0;1292.0;64.0;1462.0;1609;1497.0
793;90.0;D12D04B4;C21BA30D;0.0;0.96;1.03;0.0;0.0;1.0;3.0;15.0;37.0;3608.0;69.0;1462.0;1628;1497.0
792;90.0;C203B1A5;C696558F;0.02;0.21;0.23;0.0;0.02;4.0;4.0;6.0;15.0;3930.0;18.0;1505.0;1662;1555.0
791;90.0;E2A576D2;9DBCC3D3;0.03;0.25;0.28;0.0;0.03;3.0;4.0;7.0;52.0;7410.0;39.0;1502.0;1668;1552.0
790;90.0;6E4E5FEA;A410176C;0.02;0.15;0.2;0.01;0.01;2.0;4.0;4.0;12.0;3098.0;57.0;1502.0;1690;1557.0
789;90.0;511DEB41;A410176C;0.02;0.17;0.23;0.01;0.01;1.0;4.0;8.0;4.0;958.0;57.0;1502.0;1702;1557.0
788;90.0;76B83055;71A937D5;0.02;0.46;0.52;0.0;0.02;5.0;5.0;15.0;36.0;3273.0;34.0;1487.0;1648;1542.0
787;90.0;53C4ECD8;71A937D5;0.01;0.38;0.42;0.0;0.02;4.0;5.0;6.0;14.0;3605.0;34.0;1487.0;1650;1542.0
786;90.0;4B413A83;BFEB6EA0;0.02;0.5;0.56;0.0;0.02;3.0;5.0;7.0;51.0;7085.0;34.0;1483.0;1647;1538.0
785;90.0;72EA56C5;BFEB6EA0;0.03;0.51;0.58;0.0;0.03;2.0;5.0;4.0;11.0;2822.0;34.0;1483.0;1658;1538.0
784;90.0;1F01C200;BFEB6EA0;0.02;0.42;0.47;0.0;0.02;1.0;5.0;8.0;3.0;643.0;34.0;1483.0;1661;1538.0
783;180.0;56DF0A38;9970B431;0.0;0.36;0.44;0.01;0.08;5.0;5.0;15.0;35.0;2899.0;34.0;1480.0;1632;1520.0
782;180.0;998D176C;9970B431;0.0;0.35;0.42;0.01;0.08;4.0;5.0;6.0;13.0;3225.0;34.0;1480.0;1628;1520.0
781;180.0;C94C03CC;9970B431;0.0;0.35;0.42;0.01;0.07;3.0;5.0;7.0;50.0;6705.0;34.0;1480.0;1628;1520.0
780;180.0;996CDD8F;9970B431;0.0;0.46;0.56;0.01;0.1;2.0;5.0;4.0;10.0;2431.0;34.0;1480.0;1632;1520.0
779;180.0;62F239C9;9970B431;0.0;0.41;0.49;0.01;0.09;1.0;5.0;8.0;2.0;288.0;39.0;1480.0;1655;1520.0
778;180.0;9AACA814;9970B431;0.0;0.48;0.58;0.01;0.1;5.0;5.0;15.0;34.0;2600.0;34.0;1480.0;1631;1520.0
777;180.0;8C147682;9970B431;0.0;0.43;0.52;0.01;0.09;4.0;5.0;6.0;12.0;2917.0;34.0;1480.0;1629;1520.0
776;180.0;3EE53BB5;9970B431;0.0;0.45;0.54;0.01;0.1;3.0;5.0;7.0;49.0;6408.0;25.0;1480.0;1621;1520.0
775;180.0;2C0B4BF8;9970B431;0.0;0.37;0.45;0.01;0.08;2.0;5.0;4.0;9.0;2138.0;25.0;1480.0;1626;1520.0
774;180.0;605CEFA0;9970B431;0.0;0.44;0.53;0.01;0.09;1.0;5.0;8.0;1.0;0.0;25.0;1480.0;1664;1520.0
773;180.0;EE056E63;9970B431;0.0;0.42;0.51;0.01;0.09;7.0;7.0;15.0;33.0;2304.0;34.0;1480.0;1645;1520.0
772;180.0;5C4D51A8;9970B431;0.0;0.46;0.55;0.01;0.1;6.0;7.0;6.0;11.0;2630.0;34.0;1480.0;1626;1520.0
771;180.0;D4365A86;9970B431;0.0;0.45;0.55;0.01;0.1;5.0;7.0;7.0;48.0;6113.0;34.0;1480.0;1624;1520.0
770;180.0;4FF1DAC8;9970B431;0.0;0.45;0.55;0.01;0.1;4.0;7.0;4.0;8.0;1838.0;34.0;1480.0;1628;1520.0
769;180.0;3D250EB6;9970B431;0.0;0.4;0.49;0.01;0.09;3.0;7.0;15.0;32.0;2065.0;34.0;1480.0;1626;1520.0
768;180.0;CA1E3DF0;9970B431;0.0;0.35;0.42;0.01;0.08;2.0;7.0;6.0;10.0;2374.0;34.0;1480.0;1631;1520.0
767;180.0;556AC8FA;9970B431;0.0;0.36;0.44;0.01;0.08;1.0;7.0;7.0;47.0;5860.0;39.0;1480.0;1647;1520.0
766;180.0;D783749E;46F56B8C;0.01;0.45;0.49;0.01;0.04;2.0;2.0;4.0;7.0;1545.0;39.0;1480.0;1643;1525.0
765;180.0;C3F9EB18;46F56B8C;0.01;0.41;0.44;0.01;0.03;1.0;2.0;15.0;31.0;1741.0;51.0;1480.0;1653;1525.0
764;180.0;F755AE00;46F56B8C;0.01;0.45;0.48;0.01;0.04;4.0;6.0;1.0;62.0;6217.0;39.0;1480.0;1632;1525.0
763;180.0;B487127E;46F56B8C;0.0;0.31;0.33;0.01;0.03;3.0;6.0;6.0;9.0;2007.0;39.0;1480.0;1631;1525.0
762;180.0;576BEB09;46F56B8C;0.01;0.44;0.47;0.01;0.04;2.0;6.0;7.0;46.0;5495.0;39.0;1480.0;1630;1525.0
761;180.0;B1EB7838;46F56B8C;0.0;0.34;0.37;0.01;0.03;1.0;6.0;4.0;6.0;1221.0;51.0;1480.0;1656;1525.0
760;180.0;D9231796;E1B28665;0.0;0.32;0.34;0.0;0.01;6.0;6.0;15.0;30.0;1448.0;46.0;1492.0;1678;1547.0
759;180.0;DCE6F012;E1B28665;0.01;0.42;0.46;0.0;0.01;5.0;6.0;1.0;61.0;5923.0;46.0;1492.0;1670;1547.0
758;180.0;A6A9F3DE;E1B28665;0.01;0.39;0.42;0.0;0.01;4.0;6.0;6.0;8.0;1715.0;46.0;1492.0;1676;1547.0
757;180.0;BD70D0BA;E1B28665;0.01;0.39;0.43;0.0;0.01;3.0;6.0;7.0;45.0;5207.0;46.0;1492.0;1672;1547.0
756;180.0;21398BBF;E1B28665;0.01;0.43;0.46;0.0;0.01;2.0;6.0;4.0;5.0;934.0;46.0;1492.0;1678;1547.0
755;180.0;D034FA3D;E1B28665;0.01;0.46;0.49;0.0;0.01;1.0;6.0;15.0;29.0;1173.0;57.0;1492.0;1688;1547.0
754;180.0;B26FB4A3;E1B28665;0.0;0.33;0.36;0.0;0.01;6.0;6.0;1.0;60.0;5641.0;46.0;1492.0;1677;1547.0
753;180.0;E1807248;E1B28665;0.01;0.37;0.4;0.0;0.01;5.0;6.0;6.0;7.0;1433.0;46.0;1492.0;1678;1547.0
752;180.0;21B5D279;E1B28665;0.0;0.34;0.37;0.0;0.01;4.0;6.0;7.0;44.0;4927.0;46.0;1492.0;1676;1547.0
751;180.0;595B7662;E1B28665;0.01;0.36;0.39;0.0;0.01;3.0;6.0;4.0;4.0;658.0;46.0;1492.0;1676;1547.0
750;180.0;F6A838B5;E1B28665;0.01;0.39;0.42;0.0;0.01;2.0;6.0;15.0;28.0;882.0;46.0;1492.0;1673;1547.0
749;180.0;051A4C93;E1B28665;0.01;0.46;0.49;0.0;0.01;1.0;6.0;1.0;59.0;5352.0;57.0;1492.0;1687;1547.0
748;180.0;2160F26C;F852E2F5;0.01;0.37;0.4;0.01;0.05;4.0;4.0;6.0;6.0;1139.0;51.0;1470.0;1651;1520.0
747;180.0;D21ABEC0;F852E2F5;0.01;0.39;0.42;0.01;0.05;3.0;4.0;7.0;43.0;4615.0;51.0;1470.0;1634;1520.0
746;180.0;915A98E4;6C955C02;0.02;0.47;0.51;0.0;0.0;2.0;4.0;4.0;3.0;336.0;51.0;1483.0;1654;1528.0
745;180.0;E3A967D8;6C955C02;0.02;0.46;0.5;0.0;0.0;1.0;4.0;15.0;27.0;562.0;55.0;1483.0;1669;1528.0
744;180.0;9AC76105;22ADB3F3;0.0;0.59;0.62;0.01;0.05;4.0;4.0;1.0;58.0;5031.0;46.0;1476.0;1618;1501.0
743;180.0;55EE9426;22ADB3F3;0.0;0.86;0.9;0.01;0.07;3.0;4.0;6.0;5.0;803.0;46.0;1476.0;1611;1501.0
742;180.0;A282F051;22ADB3F3;0.0;0.87;0.91;0.01;0.07;2.0;4.0;7.0;42.0;4277.0;46.0;1476.0;1615;1501.0
741;180.0;E360027E;22ADB3F3;0.0;0.64;0.67;0.01;0.05;1.0;4.0;4.0;2.0;0.0;46.0;1476.0;1665;1501.0
740;180.0;92F8B145;5C6E672A;0.03;0.58;0.62;0.01;0.03;5.0;5.0;15.0;26.0;227.0;46.0;1483.0;1645;1528.0
739;180.0;E335A090;3BA0D398;0.0;0.39;0.43;0.0;0.03;4.0;5.0;1.0;57.0;4702.0;46.0;1488.0;1647;1528.0
738;180.0;2D4E6C2D;3BA0D398;0.0;0.37;0.41;0.0;0.03;3.0;5.0;6.0;4.0;493.0;46.0;1488.0;1644;1528.0
737;180.0;813C59ED;3BA0D398;0.0;0.45;0.49;0.0;0.03;2.0;5.0;7.0;41.0;3973.0;46.0;1488.0;1639;1528.0
736;180.0;F7761CD2;3BA0D398;0.0;0.48;0.53;0.0;0.04;1.0;5.0;15.0;25.0;0.0;32.0;1488.0;1667;1528.0
735;180.0;6BFE114C;703CB22C;0.02;0.64;0.66;0.0;0.02;2.0;2.0;2.0;50.0;4665.0;46.0;1486.0;1661;1536.0
734;180.0;02897A89;703CB22C;0.02;0.53;0.54;0.0;0.02;1.0;2.0;1.0;56.0;4419.0;46.0;1486.0;1673;1536.0
733;180.0;875EEDD9;703CB22C;0.02;0.56;0.58;0.0;0.02;5.0;5.0;7.0;40.0;3608.0;46.0;1486.0;1671;1536.0
732;180.0;167D3BD4;B4CD6E45;0.0;0.71;0.74;0.0;0.02;4.0;7.0;6.0;3.0;0.0;46.0;1475.0;1665;1515.0
731;180.0;0EC30B33;B4CD6E45;0.0;0.71;0.74;0.0;0.02;3.0;7.0;2.0;49.0;4275.0;46.0;1475.0;1634;1515.0
730;180.0;CC97DC3D;CF354F29;0.01;0.64;0.75;0.0;0.01;2.0;7.0;4.0;1.0;0.0;51.0;1470.0;1658;1510.0
729;180.0;5CABE708;CF354F29;0.01;0.63;0.74;0.0;0.01;1.0;7.0;1.0;55.0;3959.0;57.0;1470.0;1651;1510.0
728;180.0;2EF566C0;D6C5A3D0;0.02;0.17;0.19;0.0;0.01;8.0;8.0;15.0;24.0;3925.0;46.0;1501.0;1665;1546.0
727;180.0;B0BE9B24;D6C5A3D0;0.02;0.21;0.24;0.0;0.02;7.0;8.0;7.0;39.0;3166.0;46.0;1501.0;1652;1546.0
726;180.0;71C42970;D6C5A3D0;0.02;0.21;0.23;0.0;0.02;6.0;8.0;2.0;48.0;3912.0;46.0;1501.0;1659;1546.0
725;180.0;6D9B90C4;D6C5A3D0;0.02;0.15;0.17;0.0;0.01;5.0;8.0;6.0;2.0;223.0;46.0;1501.0;1662;1546.0
724;180.0;7D5030C8;D6C5A3D0;0.02;0.2;0.22;0.0;0.02;4.0;8.0;15.0;23.0;3724.0;46.0;1501.0;1650;1546.0
723;180.0;29B1E6F6;D6C5A3D0;0.02;0.2;0.23;0.0;0.02;3.0;8.0;1.0;54.0;3576.0;46.0;1501.0;1662;1546.0
722;180.0;1DC57A50;D6C5A3D0;0.02;0.19;0.21;0.0;0.02;2.0;8.0;7.0;38.0;2904.0;46.0;1501.0;1650;1546.0
721;180.0;B088BED2;D6C5A3D0;0.02;0.15;0.17;0.0;0.01;1.0;8.0;6.0;1.0;0.0;55.0;1501.0;1712;1546.0
720;180.0;B62945C1;E9D2B793;0.0;0.36;0.4;0.01;0.08;8.0;8.0;2.0;47.0;3593.0;25.0;1480.0;1613;1520.0
719;180.0;B45B8ADE;E9D2B793;0.0;0.35;0.39;0.01;0.08;7.0;8.0;15.0;22.0;3451.0;25.0;1480.0;1619;1520.0
718;180.0;D0F3CACF;4AC24E4B;0.02;0.21;0.24;0.01;0.01;6.0;8.0;1.0;53.0;3291.0;46.0;1501.0;1653;1546.0
717;180.0;224B36BB;4AC24E4B;0.02;0.23;0.26;0.01;0.02;5.0;8.0;7.0;37.0;2617.0;51.0;1501.0;1652;1546.0
716;180.0;2FEF6212;4AC24E4B;0.02;0.21;0.24;0.01;0.01;4.0;8.0;2.0;46.0;3349.0;51.0;1501.0;1660;1546.0
715;180.0;D166EF37;DD4524C7;0.02;0.44;0.46;0.01;0.0;3.0;8.0;15.0;21.0;3194.0;46.0;1480.0;1645;1525.0
714;180.0;32EEA21C;DD4524C7;0.02;0.45;0.47;0.01;0.0;2.0;8.0;1.0;52.0;3034.0;46.0;1480.0;1628;1525.0
713;180.0;6277249A;DD4524C7;0.02;0.44;0.46;0.01;0.0;1.0;8.0;7.0;36.0;2367.0;51.0;1480.0;1658;1525.0
712;180.0;3CB6F496;2277D145;0.02;0.23;0.25;0.01;0.02;4.0;4.0;2.0;45.0;3096.0;46.0;1506.0;1671;1551.0
711;180.0;D8883B2D;2277D145;0.02;0.25;0.27;0.01;0.02;3.0;4.0;15.0;20.0;2949.0;46.0;1506.0;1677;1551.0
710;180.0;28F7154E;2277D145;0.02;0.21;0.23;0.01;0.02;2.0;4.0;1.0;51.0;2796.0;46.0;1506.0;1671;1551.0
709;180.0;C58F150C;2277D145;0.02;0.17;0.19;0.01;0.02;1.0;4.0;7.0;35.0;2125.0;55.0;1506.0;1688;1551.0
708;180.0;7057B77A;2277D145;0.02;0.25;0.28;0.01;0.02;4.0;4.0;2.0;44.0;2871.0;46.0;1506.0;1676;1551.0
707;180.0;4DFCDB8B;2277D145;0.02;0.2;0.22;0.01;0.02;3.0;4.0;15.0;19.0;2729.0;46.0;1506.0;1671;1551.0
706;180.0;5ADA76B1;2277D145;0.02;0.24;0.26;0.01;0.02;2.0;4.0;1.0;50.0;2560.0;46.0;1506.0;1677;1551.0
705;180.0;CEB45035;2277D145;0.02;0.23;0.25;0.01;0.02;1.0;4.0;7.0;34.0;1892.0;51.0;1506.0;1682;1551.0
704;180.0;F37D7262;027DF228;0.0;0.83;0.88;0.0;0.0;1.0;1.0;2.0;43.0;2594.0;62.0;1463.0;1622;1489.0
703;180.0;59313572;A68D5105;0.03;0.22;0.24;0.01;0.03;8.0;8.0;1.0;49.0;2346.0;46.0;1502.0;1663;1542.0
702;180.0;7030F7CA;A68D5105;0.03;0.21;0.23;0.01;0.02;7.0;8.0;15.0;18.0;2385.0;46.0;1502.0;1652;1542.0
701;180.0;0ED31302;A68D5105;0.03;0.19;0.21;0.01;0.02;6.0;8.0;7.0;33.0;1619.0;46.0;1502.0;1659;1542.0
700;180.0;F8CE0FBD;60B76B26;0.02;0.19;0.21;0.01;0.02;5.0;8.0;2.0;42.0;2365.0;46.0;1504.0;1667;1544.0
699;180.0;192FD83D;60B76B26;0.03;0.23;0.26;0.01;0.03;4.0;8.0;1.0;48.0;2125.0;46.0;1504.0;1653;1544.0
698;180.0;6DEC53D4;60B76B26;0.02;0.19;0.21;0.01;0.02;3.0;8.0;5.0;50.0;2122.0;46.0;1504.0;1654;1544.0
697;180.0;57AE6952;2374C9B3;0.02;0.21;0.24;0.01;0.02;2.0;8.0;15.0;17.0;2096.0;46.0;1502.0;1659;1542.0
696;180.0;50801AB0;92B3EDD4;0.03;0.21;0.28;0.01;0.01;1.0;8.0;7.0;32.0;1341.0;55.0;1502.0;1675;1537.0
695;180.0;29F34069;4D302CE7;0.0;0.92;0.96;0.0;0.0;1.0;1.0;2.0;41.0;1994.0;62.0;1460.0;1612;1485.0
694;180.0;E66358A0;4D302CE7;0.0;0.89;0.93;0.0;0.0;5.0;6.0;1.0;47.0;1754.0;64.0;1460.0;1612;1485.0
693;180.0;950C8152;4D302CE7;0.0;0.84;0.88;0.0;0.0;4.0;6.0;5.0;49.0;1747.0;64.0;1460.0;1611;1485.0
692;180.0;BAF2DD92;0731C1FB;0.0;1.13;1.22;0.01;0.0;3.0;6.0;15.0;16.0;1731.0;62.0;1462.0;1610;1488.0
691;180.0;038F16D9;0731C1FB;0.0;1.19;1.27;0.01;0.0;2.0;6.0;7.0;31.0;970.0;62.0;1462.0;1608;1488.0
690;180.0;0B23F574;0731C1FB;0.0;0.87;0.94;0.01;0.0;1.0;6.0;2.0;40.0;1669.0;62.0;1462.0;1615;1488.0
689;90.0;9BDBCDA3;D6BA9D02;0.02;0.44;0.46;0.0;0.02;5.0;5.0;1.0;46.0;1388.0;39.0;1481.0;1640;1526.0
688;90.0;6A82F847;D6BA9D02;0.02;0.49;0.52;0.0;0.02;4.0;5.0;5.0;48.0;1383.0;39.0;1481.0;1635;1526.0
687;90.0;A5398D17;D6BA9D02;0.02;0.38;0.4;0.0;0.02;3.0;5.0;15.0;15.0;1374.0;39.0;1481.0;1636;1526.0
686;90.0;69017C5B;D6BA9D02;0.02;0.52;0.54;0.0;0.02;2.0;5.0;7.0;30.0;613.0;39.0;1481.0;1633;1526.0
685;90.0;861A0DB6;D6BA9D02;0.02;0.45;0.47;0.0;0.02;1.0;5.0;2.0;39.0;1347.0;46.0;1481.0;1658;1526.0
684;90.0;28D5EBE8;9C0993CD;0.02;0.5;0.54;0.0;0.02;4.0;4.0;1.0;45.0;1100.0;34.0;1480.0;1650;1530.0
683;90.0;1515F426;7BF6FBDF;0.01;0.44;0.47;0.0;0.01;3.0;4.0;5.0;47.0;1085.0;34.0;1482.0;1646;1537.0
682;90.0;165CFFF7;7BF6FBDF;0.02;0.58;0.62;0.0;0.01;2.0;4.0;15.0;14.0;1066.0;34.0;1482.0;1645;1537.0
681;90.0;0DCA2EE1;7BF6FBDF;0.01;0.37;0.39;0.0;0.01;1.0;4.0;7.0;29.0;299.0;39.0;1482.0;1668;1537.0
680;90.0;DB9F64BE;E294A4B5;0.0;0.08;0.11;0.0;0.33;5.0;5.0;2.0;38.0;1030.0;0.0;1509.0;1646;1549.0
679;90.0;CC2B29EF;E294A4B5;0.0;0.06;0.08;0.0;0.24;4.0;5.0;1.0;44.0;784.0;0.0;1509.0;1636;1549.0
678;90.0;D7FA7CA3;E294A4B5;0.0;0.07;0.09;0.0;0.27;3.0;5.0;5.0;46.0;780.0;0.0;1509.0;1654;1549.0
677;90.0;FC8DD612;E294A4B5;0.0;0.09;0.12;0.0;0.36;2.0;5.0;15.0;13.0;757.0;0.0;1509.0;1646;1549.0
676;90.0;F066AC6A;E294A4B5;0.0;0.07;0.11;0.0;0.31;1.0;5.0;7.0;28.0;0.0;0.0;1509.0;1663;1549.0
675;90.0;D48689C4;E294A4B5;0.0;0.06;0.09;0.0;0.25;5.0;5.0;2.0;37.0;730.0;0.0;1509.0;1631;1549.0
674;90.0;ABA02EB6;E294A4B5;0.0;0.08;0.12;0.0;0.35;4.0;5.0;1.0;43.0;478.0;0.0;1509.0;1645;1549.0
673;90.0;4F1A265C;E294A4B5;0.0;0.09;0.13;0.0;0.37;3.0;5.0;5.0;45.0;461.0;0.0;1509.0;1635;1549.0
672;90.0;22EFD013;E294A4B5;0.0;0.08;0.12;0.0;0.34;2.0;5.0;15.0;12.0;452.0;0.0;1509.0;1635;1549.0
671;90.0;E697E65C;E294A4B5;0.0;0.06;0.08;0.0;0.24;1.0;5.0;2.0;36.0;486.0;0.0;1509.0;1638;1549.0
670;90.0;87890401;E294A4B5;0.0;0.07;0.1;0.0;0.28;5.0;5.0;1.0;42.0;232.0;0.0;1509.0;1636;1549.0
669;90.0;7BC0E460;E294A4B5;0.0;0.08;0.12;0.0;0.35;4.0;5.0;5.0;44.0;219.0;0.0;1509.0;1644;1549.0
668;90.0;F347946D;E294A4B5;0.0;0.08;0.11;0.0;0.32;3.0;5.0;15.0;11.0;209.0;0.0;1509.0;1637;1549.0
667;90.0;61204EAE;E294A4B5;0.0;0.08;0.12;0.0;0.35;2.0;5.0;2.0;35.0;247.0;0.0;1509.0;1624;1549.0
666;90.0;9A130B83;E294A4B5;0.0;0.07;0.1;0.0;0.29;1.0;5.0;1.0;41.0;0.0;0.0;1509.0;1667;1549.0
665;90.0;1F946944;3BA0D398;0.0;0.34;0.38;0.0;0.03;3.0;3.0;5.0;43.0;0.0;18.0;1488.0;1659;1533.0
664;90.0;B33A68A3;3BA0D398;0.0;0.34;0.38;0.0;0.03;2.0;3.0;15.0;10.0;0.0;18.0;1488.0;1647;1533.0
663;90.0;3FF7301D;3BA0D398;0.0;0.39;0.43;0.0;0.03;1.0;3.0;2.0;34.0;0.0;18.0;1488.0;1669;1533.0
662;180.0;1027D3EA;56FFE5DC;0.02;0.14;0.16;0.01;0.01;4.0;4.0;7.0;27.0;5127.0;39.0;1507.0;1633;1532.0
661;180.0;7B3F40AA;56FFE5DC;0.02;0.15;0.17;0.01;0.01;3.0;4.0;1.0;40.0;2399.0;39.0;1507.0;1644;1532.0
660;180.0;17BAE502;56FFE5DC;0.02;0.18;0.2;0.01;0.01;2.0;4.0;5.0;42.0;4861.0;39.0;1507.0;1646;1532.0
659;180.0;7618B214;56FFE5DC;0.02;0.15;0.16;0.01;0.01;1.0;4.0;15.0;9.0;2415.0;51.0;1507.0;1676;1532.0
658;180.0;CF303E97;5A195F30;0.0;0.36;0.38;0.0;0.02;4.0;4.0;2.0;33.0;7721.0;46.0;1487.0;1652;1527.0
657;180.0;D1EC447B;5A195F30;0.0;0.37;0.39;0.0;0.02;3.0;4.0;7.0;26.0;4770.0;46.0;1487.0;1644;1527.0
656;180.0;3F99EA3E;D927D5F2;0.02;0.13;0.14;0.01;0.02;2.0;4.0;1.0;39.0;2053.0;41.0;1507.0;1678;1552.0
655;180.0;ED6EC0F4;C696558F;0.02;0.19;0.2;0.0;0.02;5.0;8.0;5.0;41.0;4536.0;46.0;1505.0;1652;1535.0
654;180.0;230A36F4;C696558F;0.03;0.24;0.27;0.0;0.02;4.0;8.0;15.0;8.0;2086.0;46.0;1505.0;1656;1535.0
653;180.0;110B8910;C696558F;0.02;0.21;0.23;0.0;0.02;3.0;8.0;2.0;32.0;7386.0;46.0;1505.0;1663;1535.0
652;180.0;2E806851;C696558F;0.02;0.21;0.23;0.0;0.02;2.0;8.0;7.0;25.0;4500.0;46.0;1505.0;1661;1535.0
651;180.0;57AED836;C696558F;0.02;0.18;0.19;0.0;0.02;1.0;8.0;1.0;38.0;1776.0;51.0;1505.0;1668;1535.0
650;180.0;058B15B1;6C4C7BC5;0.02;0.48;0.51;0.0;0.0;7.0;7.0;5.0;40.0;4257.0;46.0;1485.0;1661;1530.0
649;180.0;4AE9F1DA;493EAF60;0.01;0.38;0.4;0.0;0.01;6.0;7.0;15.0;7.0;1809.0;46.0;1486.0;1648;1521.0
648;180.0;7234BEFB;61541AEF;0.01;0.36;0.38;0.0;0.01;5.0;7.0;2.0;31.0;7116.0;46.0;1486.0;1646;1521.0
647;180.0;82677F0C;6570BD8E;0.01;0.49;0.51;0.0;0.03;4.0;7.0;7.0;24.0;4237.0;46.0;1485.0;1632;1520.0
646;180.0;8ECCCEBE;67470249;0.01;0.43;0.48;0.0;0.02;3.0;7.0;1.0;37.0;1492.0;51.0;1486.0;1642;1526.0
645;180.0;5CC4D2B9;249A7E68;0.02;0.52;0.56;0.0;0.03;2.0;7.0;5.0;39.0;3960.0;46.0;1484.0;1634;1519.0
644;180.0;0AA7F280;DEF25D02;0.02;0.23;0.25;0.0;0.02;1.0;7.0;15.0;6.0;1516.0;51.0;1505.0;1682;1545.0
643;180.0;0CBB218B;56FFE5DC;0.02;0.19;0.21;0.01;0.01;4.0;4.0;2.0;30.0;6799.0;39.0;1507.0;1650;1532.0
642;180.0;3355C919;56FFE5DC;0.02;0.13;0.14;0.01;0.01;3.0;4.0;7.0;23.0;3917.0;39.0;1507.0;1643;1532.0
641;180.0;E78C96F9;56FFE5DC;0.02;0.13;0.15;0.01;0.01;2.0;4.0;1.0;36.0;1177.0;39.0;1507.0;1646;1532.0
640;180.0;1EF2EE85;56FFE5DC;0.02;0.17;0.19;0.01;0.01;1.0;4.0;15.0;5.0;1258.0;55.0;1507.0;1674;1532.0
639;180.0;C68E5A15;0B13406F;0.01;0.48;0.52;0.0;0.0;6.0;6.0;5.0;38.0;3593.0;39.0;1480.0;1638;1520.0
638;180.0;699193BE;0B13406F;0.02;0.62;0.66;0.0;0.0;5.0;6.0;2.0;29.0;6507.0;39.0;1480.0;1627;1520.0
637;180.0;FC413ADC;0B13406F;0.02;0.61;0.65;0.0;0.0;4.0;6.0;7.0;22.0;3629.0;39.0;1480.0;1626;1520.0
636;180.0;1FF03622;EB045A99;0.02;0.27;0.3;0.0;0.02;3.0;6.0;1.0;35.0;889.0;46.0;1489.0;1648;1534.0
635;180.0;51A3E8FF;EB045A99;0.02;0.32;0.34;0.0;0.02;2.0;6.0;15.0;4.0;962.0;46.0;1489.0;1646;1534.0
634;180.0;A63FDCDC;71A937D5;0.02;0.5;0.56;0.0;0.03;1.0;6.0;5.0;37.0;3299.0;51.0;1487.0;1667;1532.0
633;180.0;450C1D91;CC18C404;0.02;0.24;0.26;0.01;0.02;6.0;6.0;2.0;28.0;6210.0;51.0;1506.0;1684;1551.0
632;180.0;140C2143;CC18C404;0.02;0.19;0.21;0.01;0.02;5.0;6.0;7.0;21.0;3334.0;51.0;1506.0;1679;1551.0
631;180.0;72F3E965;3167C7EE;0.02;0.26;0.28;0.0;0.02;4.0;6.0;1.0;34.0;614.0;46.0;1502.0;1666;1537.0
630;180.0;C545692B;3167C7EE;0.03;0.27;0.3;0.0;0.02;3.0;6.0;15.0;3.0;698.0;46.0;1502.0;1672;1537.0
629;180.0;04324D98;2F2406D1;0.02;0.38;0.4;0.01;0.0;2.0;6.0;5.0;36.0;3029.0;46.0;1485.0;1656;1530.0
628;180.0;8522E344;2F2406D1;0.02;0.32;0.34;0.01;0.0;1.0;6.0;2.0;27.0;5942.0;51.0;1485.0;1661;1530.0
627;180.0;F3A6FE3C;281A1554;0.0;0.46;0.48;0.01;0.0;3.0;3.0;7.0;20.0;3051.0;57.0;1486.0;1711;1541.0
626;180.0;4125799C;281A1554;0.01;0.6;0.63;0.01;0.0;2.0;3.0;1.0;33.0;317.0;57.0;1486.0;1700;1541.0
625;180.0;848D96CF;281A1554;0.01;0.66;0.68;0.01;0.0;1.0;3.0;15.0;2.0;397.0;57.0;1486.0;1709;1541.0
624;180.0;B1DE93D3;281A1554;0.01;0.57;0.59;0.01;0.0;3.0;3.0;5.0;35.0;2734.0;57.0;1486.0;1700;1541.0
623;180.0;19A57C97;281A1554;0.0;0.55;0.57;0.01;0.0;2.0;3.0;2.0;26.0;5628.0;57.0;1486.0;1694;1541.0
622;180.0;2C61014D;281A1554;0.01;0.63;0.65;0.01;0.0;1.0;3.0;7.0;19.0;2738.0;57.0;1486.0;1711;1541.0
621;180.0;F04F2DEB;2757A61E;0.01;0.66;0.71;0.01;0.0;3.0;3.0;1.0;32.0;0.0;57.0;1486.0;1724;1541.0
620;180.0;A25E24BA;2757A61E;0.01;0.57;0.61;0.01;0.0;2.0;3.0;15.0;1.0;0.0;57.0;1486.0;1726;1541.0
619;180.0;D2809EDB;2757A61E;0.0;0.51;0.55;0.01;0.0;1.0;3.0;5.0;34.0;2314.0;57.0;1486.0;1702;1541.0
617;180.0;C26DFB6C;48815118;0.01;0.58;0.61;0.01;0.0;2.0;2.0;2.0;25.0;4985.0;62.0;1486.0;1687;1541.0
618;180.0;4938BD74;48815118;0.0;0.44;0.47;0.01;0.0;1.0;2.0;7.0;18.0;2338.0;62.0;1486.0;1686;1541.0
616;180.0;C8251324;502F0F5B;0.01;0.51;0.55;0.02;0.07;7.0;7.0;1.0;31.0;5063.0;46.0;1470.0;1645;1515.0
615;180.0;83922286;502F0F5B;0.01;0.5;0.53;0.02;0.06;6.0;7.0;5.0;33.0;1981.0;46.0;1470.0;1625;1515.0
614;180.0;17E86041;502F0F5B;0.01;0.42;0.45;0.01;0.05;5.0;7.0;2.0;24.0;4779.0;46.0;1470.0;1622;1515.0
613;180.0;101A3BF0;502F0F5B;0.01;0.46;0.5;0.02;0.06;4.0;7.0;7.0;17.0;2002.0;46.0;1470.0;1628;1515.0
612;180.0;E63DC315;502F0F5B;0.01;0.56;0.59;0.02;0.07;3.0;7.0;4.0;63.0;1996.0;46.0;1470.0;1629;1515.0
611;180.0;5A1CA2BA;502F0F5B;0.01;0.4;0.43;0.01;0.05;2.0;7.0;1.0;30.0;4759.0;46.0;1470.0;1625;1515.0
610;180.0;526FCC17;502F0F5B;0.01;0.55;0.59;0.02;0.07;1.0;7.0;5.0;32.0;1686.0;55.0;1470.0;1655;1515.0
609;180.0;91409A57;46F56B8C;0.0;0.37;0.4;0.01;0.03;7.0;7.0;2.0;23.0;4491.0;39.0;1480.0;1648;1525.0
608;180.0;AA31BF7F;46F56B8C;0.01;0.41;0.44;0.01;0.03;6.0;7.0;7.0;16.0;1728.0;39.0;1480.0;1637;1525.0
607;180.0;73AE7074;46F56B8C;0.0;0.31;0.34;0.01;0.03;5.0;7.0;4.0;62.0;1734.0;39.0;1480.0;1642;1525.0
606;180.0;67A28CED;46F56B8C;0.01;0.41;0.44;0.01;0.03;4.0;7.0;1.0;29.0;4506.0;39.0;1480.0;1635;1525.0
605;180.0;BA254CBC;46F56B8C;0.0;0.3;0.33;0.01;0.02;3.0;7.0;5.0;31.0;1437.0;39.0;1480.0;1648;1525.0
604;180.0;EE0CBAF4;46F56B8C;0.0;0.33;0.35;0.01;0.03;2.0;7.0;2.0;22.0;4215.0;39.0;1480.0;1636;1525.0
603;180.0;6EC1DC47;46F56B8C;0.01;0.48;0.52;0.01;0.04;1.0;7.0;7.0;15.0;1448.0;55.0;1480.0;1670;1525.0
602;180.0;A2582ED7;9C0993CD;0.02;0.37;0.4;0.0;0.01;4.0;4.0;4.0;61.0;1448.0;46.0;1480.0;1641;1515.0
601;180.0;A6BBF00A;87C78AB7;0.0;0.4;0.47;0.0;0.0;3.0;4.0;1.0;28.0;4214.0;32.0;1480.0;1620;1525.0
600;180.0;E5E888A3;87C78AB7;0.01;0.48;0.55;0.0;0.0;2.0;4.0;5.0;30.0;1144.0;32.0;1480.0;1617;1525.0
599;180.0;8FFF5C40;87C78AB7;0.01;0.55;0.64;0.0;0.0;1.0;4.0;2.0;21.0;3949.0;51.0;1480.0;1660;1525.0
598;180.0;B2AEECAF;332091CC;0.01;0.44;0.49;0.01;0.0;5.0;5.0;7.0;14.0;1170.0;46.0;1486.0;1642;1526.0
597;180.0;63F6FCA0;332091CC;0.01;0.61;0.67;0.01;0.0;4.0;5.0;4.0;60.0;1175.0;46.0;1486.0;1635;1526.0
596;180.0;1A7E85B6;332091CC;0.01;0.51;0.56;0.01;0.0;3.0;5.0;1.0;27.0;3935.0;46.0;1486.0;1632;1526.0
595;180.0;EAB8CB3C;84F339B7;0.01;0.23;0.25;0.0;0.02;2.0;5.0;5.0;29.0;846.0;18.0;1496.0;1629;1541.0
594;180.0;1123B9B9;84F339B7;0.01;0.25;0.27;0.0;0.02;1.0;5.0;2.0;20.0;3646.0;46.0;1496.0;1674;1541.0
593;180.0;60DE7B3B;645EACFA;0.02;0.12;0.15;0.01;0.02;3.0;3.0;7.0;13.0;873.0;46.0;1512.0;1676;1557.0
592;180.0;A444A2D1;CC996FCB;0.02;0.17;0.2;0.0;0.0;2.0;3.0;4.0;59.0;876.0;48.0;1510.0;1660;1550.0
590;180.0;25DA5348;E1B28665;0.01;0.42;0.45;0.0;0.01;8.0;8.0;5.0;28.0;581.0;46.0;1492.0;1675;1547.0
589;180.0;60B45E1C;E1B28665;0.0;0.35;0.37;0.0;0.01;7.0;8.0;2.0;19.0;3371.0;46.0;1492.0;1674;1547.0
588;180.0;6CC2E85A;E1B28665;0.0;0.32;0.34;0.0;0.01;6.0;8.0;7.0;12.0;600.0;46.0;1492.0;1670;1547.0
587;180.0;55710A28;E1B28665;0.0;0.29;0.31;0.0;0.01;5.0;8.0;4.0;58.0;592.0;46.0;1492.0;1675;1547.0
586;180.0;BA71D83D;E1B28665;0.01;0.4;0.43;0.0;0.01;4.0;8.0;1.0;25.0;3362.0;46.0;1492.0;1670;1547.0
585;180.0;1E081B40;E1B28665;0.0;0.32;0.35;0.0;0.01;3.0;8.0;5.0;27.0;289.0;46.0;1492.0;1676;1547.0
584;180.0;B872AE3B;E1B28665;0.0;0.34;0.37;0.0;0.01;2.0;8.0;2.0;18.0;3075.0;46.0;1492.0;1675;1547.0
583;180.0;027C226A;E1B28665;0.0;0.31;0.34;0.0;0.01;1.0;8.0;7.0;11.0;299.0;57.0;1492.0;1698;1547.0
582;180.0;36C42F5C;93142261;0.02;0.2;0.23;0.01;0.01;7.0;7.0;4.0;57.0;304.0;46.0;1501.0;1660;1536.0
581;180.0;9C9C7B62;93142261;0.02;0.19;0.22;0.01;0.01;6.0;7.0;1.0;24.0;3080.0;46.0;1501.0;1659;1536.0
580;180.0;6C9DAF67;BDB26FB7;0.02;0.22;0.24;0.01;0.02;5.0;7.0;5.0;26.0;0.0;51.0;1500.0;1687;1540.0
579;180.0;0729F9F9;BDB26FB7;0.02;0.25;0.27;0.01;0.02;4.0;7.0;2.0;17.0;2808.0;51.0;1500.0;1658;1540.0
578;180.0;A5CAEC3F;BDB26FB7;0.03;0.35;0.38;0.01;0.03;3.0;7.0;7.0;10.0;0.0;51.0;1500.0;1683;1540.0
577;180.0;D67825CA;BDB26FB7;0.02;0.23;0.24;0.01;0.02;2.0;7.0;4.0;56.0;0.0;51.0;1500.0;1682;1540.0
575;180.0;54EF7A24;D249F467;0.02;0.18;0.22;0.01;0.01;6.0;6.0;2.0;16.0;2342.0;46.0;1504.0;1675;1549.0
574;180.0;8C39982A;D249F467;0.02;0.23;0.28;0.01;0.02;5.0;6.0;5.0;25.0;2239.0;46.0;1504.0;1672;1549.0
573;180.0;1488B6DD;6466E4EB;0.02;0.18;0.21;0.01;0.01;4.0;6.0;7.0;9.0;2325.0;46.0;1505.0;1679;1545.0
572;180.0;CB1901B6;6466E4EB;0.02;0.16;0.19;0.01;0.01;3.0;6.0;4.0;55.0;1785.0;46.0;1505.0;1656;1545.0
571;180.0;08E72091;6466E4EB;0.02;0.18;0.21;0.01;0.01;2.0;6.0;1.0;22.0;2161.0;46.0;1505.0;1659;1545.0
570;180.0;1852F753;30171CF7;0.02;0.22;0.26;0.01;0.02;1.0;6.0;2.0;15.0;1947.0;55.0;1504.0;1680;1544.0
569;180.0;91FFF185;76E5EEFF;0.03;0.22;0.25;0.01;0.01;6.0;6.0;5.0;24.0;1830.0;55.0;1504.0;1664;1549.0
568;180.0;68E5198E;07025389;0.02;0.27;0.3;0.01;0.01;5.0;6.0;7.0;8.0;1916.0;46.0;1497.0;1647;1537.0
567;180.0;FC06C46A;07025389;0.02;0.26;0.28;0.01;0.01;4.0;6.0;4.0;54.0;1374.0;46.0;1497.0;1651;1537.0
566;180.0;0CBB218B;07025389;0.02;0.33;0.37;0.01;0.02;3.0;6.0;1.0;21.0;1844.0;46.0;1497.0;1653;1537.0
565;180.0;72E660D4;07025389;0.02;0.34;0.38;0.01;0.02;1.0;6.0;5.0;23.0;1576.0;51.0;1497.0;1672;1537.0
564;180.0;99378966;07025389;0.02;0.33;0.37;0.01;0.02;1.0;6.0;2.0;14.0;1577.0;46.0;1497.0;1666;1537.0
563;180.0;16488E65;07025389;0.02;0.31;0.35;0.01;0.02;7.0;7.0;7.0;7.0;1610.0;46.0;1497.0;1655;1537.0
562;180.0;B9DB8FDC;07025389;0.01;0.23;0.26;0.01;0.01;6.0;7.0;4.0;53.0;1065.0;46.0;1497.0;1655;1537.0
561;180.0;1E00020A;07025389;0.02;0.27;0.3;0.01;0.01;5.0;7.0;1.0;20.0;1578.0;46.0;1497.0;1654;1537.0
560;180.0;3819B38F;07025389;0.02;0.27;0.3;0.01;0.01;4.0;7.0;5.0;22.0;1317.0;46.0;1497.0;1654;1537.0
559;180.0;85608ED1;07025389;0.02;0.27;0.29;0.01;0.01;3.0;7.0;2.0;13.0;1318.0;46.0;1497.0;1651;1537.0
558;180.0;39A5E1C5;07025389;0.02;0.34;0.38;0.01;0.02;2.0;7.0;7.0;6.0;1354.0;46.0;1497.0;1643;1537.0
557;180.0;3193D079;07025389;0.02;0.25;0.27;0.01;0.01;1.0;7.0;4.0;52.0;813.0;46.0;1497.0;1656;1537.0
556;180.0;0DA811F7;07025389;0.01;0.23;0.25;0.01;0.01;7.0;7.0;1.0;19.0;1326.0;46.0;1497.0;1656;1537.0
555;180.0;795A3716;07025389;0.02;0.28;0.31;0.01;0.02;6.0;7.0;5.0;21.0;1064.0;46.0;1497.0;1649;1537.0
554;180.0;E5913EA7;07025389;0.02;0.26;0.29;0.01;0.01;5.0;7.0;2.0;12.0;1064.0;46.0;1497.0;1653;1537.0
553;180.0;F377E584;07025389;0.02;0.36;0.39;0.01;0.02;4.0;7.0;7.0;5.0;1096.0;46.0;1497.0;1654;1537.0
552;180.0;03ED11DD;07025389;0.02;0.3;0.34;0.01;0.02;3.0;7.0;4.0;51.0;524.0;46.0;1497.0;1644;1537.0
551;180.0;B0A4A329;07025389;0.02;0.3;0.33;0.01;0.02;2.0;7.0;1.0;18.0;1040.0;46.0;1497.0;1646;1537.0
550;180.0;FB2B3016;07025389;0.02;0.24;0.27;0.01;0.01;1.0;7.0;5.0;20.0;774.0;46.0;1497.0;1672;1537.0
549;180.0;7D4CF81E;163D1351;0.02;0.26;0.28;0.0;0.02;8.0;8.0;2.0;11.0;771.0;51.0;1503.0;1670;1548.0
548;180.0;4DD531FC;163D1351;0.02;0.19;0.21;0.0;0.02;7.0;8.0;7.0;4.0;810.0;51.0;1503.0;1662;1548.0
547;180.0;9B37EAF4;163D1351;0.03;0.27;0.29;0.0;0.03;6.0;8.0;4.0;50.0;268.0;46.0;1503.0;1664;1548.0
546;180.0;B8F5A281;163D1351;0.02;0.23;0.25;0.0;0.02;5.0;8.0;1.0;17.0;781.0;46.0;1503.0;1661;1548.0
545;180.0;CBF8D316;163D1351;0.03;0.27;0.3;0.0;0.03;4.0;8.0;5.0;19.0;516.0;51.0;1503.0;1671;1548.0
544;180.0;EB317BD7;163D1351;0.02;0.18;0.19;0.0;0.02;3.0;8.0;2.0;10.0;505.0;51.0;1503.0;1666;1548.0
543;180.0;E8B41767;163D1351;0.02;0.18;0.2;0.0;0.02;2.0;8.0;7.0;3.0;540.0;51.0;1503.0;1685;1548.0
542;180.0;99CFDF6D;163D1351;0.02;0.19;0.21;0.0;0.02;1.0;8.0;4.0;49.0;0.0;51.0;1503.0;1697;1548.0
541;180.0;2022E392;6E5EEB11;0.02;0.27;0.29;0.0;0.03;5.0;5.0;1.0;16.0;517.0;46.0;1503.0;1660;1543.0
540;180.0;A84E1B8F;6E5EEB11;0.01;0.18;0.2;0.0;0.02;4.0;5.0;5.0;18.0;233.0;46.0;1503.0;1655;1543.0
539;180.0;BF4922BC;6E5EEB11;0.02;0.22;0.24;0.0;0.02;3.0;5.0;2.0;9.0;228.0;46.0;1503.0;1657;1543.0
538;180.0;60B45E1C;DFBF368A;0.01;0.36;0.41;0.0;0.0;2.0;5.0;7.0;2.0;244.0;57.0;1485.0;1658;1525.0
537;180.0;19770188;DFBF368A;0.01;0.36;0.41;0.0;0.0;1.0;5.0;1.0;15.0;272.0;57.0;1485.0;1668;1525.0
536;180.0;07537E66;1C2BBD80;0.02;0.4;0.42;0.01;0.0;4.0;4.0;5.0;17.0;0.0;46.0;1481.0;1664;1521.0
535;180.0;8C7D62FB;1C2BBD80;0.02;0.5;0.52;0.01;0.0;3.0;4.0;2.0;8.0;0.0;46.0;1481.0;1648;1521.0
534;180.0;97319BAA;8C409667;0.02;0.18;0.2;0.01;0.0;2.0;4.0;7.0;1.0;0.0;46.0;1504.0;1680;1539.0
533;180.0;40672551;8C409667;0.02;0.17;0.19;0.01;0.0;1.0;4.0;1.0;14.0;0.0;51.0;1504.0;1705;1539.0
532;90.0;5386EA7C;8C409667;0.02;0.2;0.23;0.01;0.0;5.0;5.0;4.0;48.0;1470.0;34.0;1504.0;1649;1544.0
531;90.0;06B20CFD;1169CAE4;0.02;0.24;0.28;0.0;0.03;4.0;5.0;5.0;16.0;1178.0;46.0;1502.0;1665;1542.0
530;90.0;BB1D2930;1169CAE4;0.02;0.23;0.27;0.0;0.03;3.0;5.0;2.0;7.0;1798.0;46.0;1502.0;1661;1542.0
529;90.0;0113FD5B;1169CAE4;0.02;0.18;0.21;0.0;0.02;2.0;5.0;6.0;61.0;9875.0;46.0;1502.0;1661;1542.0
528;90.0;A84E1B8F;D36B37E7;0.01;0.33;0.37;0.0;0.0;1.0;5.0;1.0;13.0;3750.0;53.0;1480.0;1658;1525.0
527;90.0;BE2B3532;E9D2B793;0.0;0.45;0.5;0.01;0.1;6.0;6.0;4.0;47.0;1160.0;34.0;1480.0;1635;1520.0
526;90.0;406D3815;E9D2B793;0.0;0.39;0.43;0.01;0.08;5.0;6.0;5.0;15.0;862.0;34.0;1480.0;1632;1520.0
525;90.0;B858168F;E9D2B793;0.0;0.4;0.44;0.01;0.09;4.0;6.0;2.0;6.0;1479.0;18.0;1480.0;1621;1520.0
524;90.0;A97BF6AF;E9D2B793;0.0;0.39;0.43;0.01;0.08;3.0;6.0;6.0;60.0;9550.0;18.0;1480.0;1626;1520.0
523;90.0;6A3A9DB8;E9D2B793;0.0;0.39;0.43;0.01;0.08;2.0;6.0;1.0;12.0;3423.0;18.0;1480.0;1622;1520.0
522;90.0;3682C122;6657D710;0.01;0.34;0.4;0.0;0.0;1.0;6.0;4.0;46.0;837.0;18.0;1493.0;1660;1543.0
521;90.0;107C43C4;B44BA138;0.01;0.39;0.41;0.01;0.05;6.0;6.0;5.0;14.0;544.0;34.0;1482.0;1663;1542.0
520;90.0;284299B1;B44BA138;0.01;0.37;0.39;0.01;0.05;5.0;6.0;2.0;5.0;1165.0;34.0;1482.0;1662;1542.0
519;90.0;3D902BFD;B44BA138;0.01;0.34;0.36;0.01;0.04;4.0;6.0;6.0;59.0;9263.0;34.0;1482.0;1658;1542.0
518;90.0;F6A3DF75;656E5837;0.01;0.37;0.4;0.0;0.02;3.0;6.0;1.0;11.0;3149.0;18.0;1486.0;1623;1531.0
517;90.0;0B435864;D6C5A3D0;0.02;0.21;0.23;0.0;0.02;2.0;6.0;4.0;45.0;571.0;39.0;1501.0;1663;1546.0
516;90.0;8D59271E;D6C5A3D0;0.02;0.21;0.24;0.0;0.02;1.0;6.0;5.0;13.0;278.0;55.0;1501.0;1677;1546.0
515;90.0;2F315EFA;24C923E1;0.02;0.56;0.59;0.0;0.0;5.0;5.0;2.0;4.0;904.0;39.0;1476.0;1640;1521.0
514;90.0;753EFEE3;24C923E1;0.02;0.47;0.5;0.0;0.0;4.0;5.0;6.0;58.0;9001.0;39.0;1476.0;1633;1521.0
513;90.0;024B7A27;24C923E1;0.02;0.54;0.57;0.0;0.0;3.0;5.0;1.0;10.0;2872.0;39.0;1476.0;1636;1521.0
512;90.0;753EFEE3;24C923E1;0.02;0.47;0.5;0.0;0.0;2.0;5.0;4.0;44.0;295.0;39.0;1476.0;1631;1521.0
511;90.0;30B5C65D;24C923E1;0.02;0.58;0.62;0.0;0.0;1.0;5.0;5.0;12.0;0.0;46.0;1476.0;1656;1521.0
510;90.0;7CC99FE3;DAF26177;0.01;0.58;0.63;0.0;0.02;4.0;4.0;2.0;3.0;617.0;34.0;1480.0;1642;1525.0
509;90.0;9CE186EE;DAF26177;0.0;0.38;0.42;0.0;0.01;3.0;4.0;6.0;57.0;8713.0;34.0;1480.0;1627;1525.0
508;90.0;117EB7E8;DAF26177;0.01;0.52;0.57;0.0;0.02;2.0;4.0;1.0;9.0;2578.0;34.0;1480.0;1621;1525.0
507;90.0;FECF436B;DAF26177;0.01;0.56;0.61;0.0;0.02;1.0;4.0;4.0;43.0;0.0;34.0;1480.0;1661;1525.0
506;90.0;6614A2F1;43608E5D;0.01;0.55;0.57;0.0;0.07;7.0;7.0;15.0;64.0;1706.0;18.0;1485.0;1646;1535.0
505;90.0;1D0AB9E9;43608E5D;0.0;0.49;0.5;0.0;0.06;6.0;7.0;2.0;2.0;305.0;18.0;1485.0;1646;1535.0
504;90.0;61B3C99C;9970B431;0.0;0.4;0.49;0.01;0.09;5.0;7.0;6.0;56.0;8394.0;34.0;1480.0;1645;1520.0
503;90.0;C56AED84;9970B431;0.0;0.47;0.57;0.01;0.1;4.0;7.0;1.0;8.0;2260.0;34.0;1480.0;1630;1520.0
501;90.0;17FF798A;9970B431;0.0;0.45;0.55;0.01;0.1;2.0;7.0;15.0;63.0;1392.0;18.0;1480.0;1610;1520.0
502;90.0;6A3A9DB8;9970B431;0.0;0.39;0.47;0.01;0.08;3.0;7.0;5.0;11.0;2333.0;18.0;1480.0;1626;1520.0
500;90.0;192821DB;9A0896DA;0.0;0.36;0.41;0.0;0.21;1.0;7.0;2.0;1.0;0.0;18.0;1471.0;1656;1516.0
499;90.0;D8B38D8F;B1EBA22B;0.01;0.5;0.53;0.0;0.02;5.0;5.0;6.0;55.0;8036.0;46.0;1480.0;1640;1525.0
498;90.0;8686D06C;46F56B8C;0.0;0.35;0.38;0.01;0.03;4.0;5.0;1.0;7.0;1922.0;34.0;1480.0;1643;1535.0
497;90.0;229269B6;46F56B8C;0.01;0.37;0.4;0.01;0.03;3.0;5.0;5.0;10.0;1985.0;34.0;1480.0;1640;1535.0
496;90.0;5F7D5120;46F56B8C;0.0;0.34;0.36;0.01;0.03;2.0;5.0;4.0;42.0;2862.0;34.0;1480.0;1645;1535.0
495;90.0;CEFBB375;CE732BD3;0.02;0.34;0.36;0.0;0.01;1.0;5.0;15.0;62.0;994.0;37.0;1490.0;1665;1535.0
494;90.0;EAB8CB3C;84F339B7;0.01;0.23;0.25;0.0;0.02;8.0;8.0;6.0;54.0;7750.0;18.0;1496.0;1644;1541.0
493;90.0;49B5F098;3BA0D398;0.0;0.38;0.42;0.0;0.03;7.0;8.0;1.0;6.0;1630.0;18.0;1488.0;1629;1533.0
492;90.0;53C4ECD8;3BA0D398;0.0;0.38;0.41;0.0;0.03;6.0;8.0;5.0;9.0;1704.0;18.0;1488.0;1633;1533.0
491;90.0;9BACCDB0;9C0993CD;0.02;0.36;0.39;0.0;0.01;5.0;8.0;4.0;41.0;2579.0;34.0;1480.0;1642;1530.0
490;90.0;6ECE1C2C;9C0993CD;0.02;0.49;0.53;0.0;0.02;4.0;8.0;15.0;61.0;705.0;51.0;1480.0;1648;1530.0
489;90.0;7F8BD167;9C0993CD;0.02;0.36;0.39;0.0;0.01;3.0;8.0;6.0;53.0;7455.0;51.0;1480.0;1649;1530.0
488;90.0;71E889B5;DAF26177;0.0;0.4;0.43;0.0;0.01;2.0;8.0;1.0;5.0;1332.0;41.0;1480.0;1631;1525.0
487;90.0;CB1163DD;DAF26177;0.0;0.44;0.48;0.0;0.01;1.0;8.0;5.0;8.0;1405.0;18.0;1480.0;1631;1525.0
486;90.0;B84E5D26;7BF6FBDF;0.01;0.43;0.46;0.0;0.01;5.0;5.0;4.0;40.0;2286.0;34.0;1482.0;1651;1537.0
485;90.0;15233F68;7BF6FBDF;0.01;0.36;0.39;0.0;0.01;4.0;5.0;15.0;60.0;405.0;34.0;1482.0;1646;1537.0
484;90.0;FBC96EA3;7BF6FBDF;0.01;0.44;0.47;0.0;0.01;3.0;5.0;6.0;52.0;7159.0;34.0;1482.0;1642;1537.0
483;90.0;4686FD1E;7BF6FBDF;0.01;0.44;0.46;0.0;0.01;2.0;5.0;1.0;4.0;1024.0;34.0;1482.0;1646;1537.0
482;90.0;9E03E800;7BF6FBDF;0.02;0.51;0.54;0.0;0.01;1.0;5.0;5.0;7.0;1093.0;34.0;1482.0;1656;1537.0
481;90.0;79E4A383;4AC24E4B;0.02;0.22;0.25;0.01;0.01;3.0;3.0;4.0;39.0;1930.0;34.0;1501.0;1650;1541.0
480;90.0;B0A6EBC0;4AC24E4B;0.02;0.19;0.22;0.01;0.01;1.0;3.0;6.0;51.0;6867.0;34.0;1501.0;1659;1541.0
479;90.0;71263244;FD333F59;0.03;0.27;0.3;0.01;0.03;5.0;7.0;15.0;59.0;0.0;34.0;1501.0;1685;1541.0
478;90.0;CFEE19C6;FD333F59;0.03;0.25;0.27;0.01;0.03;4.0;7.0;1.0;3.0;693.0;34.0;1501.0;1666;1541.0
477;90.0;16E623EF;FD333F59;0.02;0.21;0.23;0.01;0.02;3.0;7.0;5.0;6.0;771.0;34.0;1501.0;1654;1541.0
476;90.0;1543A579;6466E4EB;0.03;0.24;0.29;0.01;0.02;2.0;7.0;4.0;38.0;1636.0;34.0;1505.0;1679;1550.0
475;90.0;3E4D08C4;6466E4EB;0.03;0.21;0.25;0.01;0.02;1.0;7.0;6.0;50.0;6463.0;41.0;1505.0;1680;1550.0
474;90.0;2668149E;CC18C404;0.02;0.24;0.26;0.01;0.02;7.0;7.0;5.0;6.0;893.0;34.0;1506.0;1669;1551.0
473;90.0;1C2ABA38;CC18C404;0.03;0.25;0.28;0.01;0.03;6.0;7.0;1.0;2.0;286.0;41.0;1506.0;1674;1551.0
472;90.0;0A93664D;CC18C404;0.02;0.22;0.24;0.01;0.02;5.0;7.0;15.0;57.0;1692.0;41.0;1506.0;1667;1551.0
471;90.0;048F0DE7;CC18C404;0.02;0.17;0.19;0.01;0.02;4.0;7.0;4.0;37.0;1239.0;41.0;1506.0;1666;1551.0
470;90.0;E43307D6;0D082BA3;0.01;0.23;0.26;0.01;0.02;3.0;7.0;6.0;49.0;6176.0;34.0;1498.0;1659;1538.0
469;90.0;EF7BA26D;0D082BA3;0.01;0.27;0.31;0.01;0.02;2.0;7.0;5.0;5.0;599.0;34.0;1498.0;1645;1538.0
468;90.0;B3A2EFA0;A37113C7;0.02;0.46;0.48;0.0;0.02;1.0;7.0;1.0;1.0;0.0;34.0;1482.0;1673;1527.0
467;90.0;D850020F;0B13406F;0.02;0.68;0.73;0.0;0.0;2.0;3.0;8.0;43.0;6618.0;39.0;1480.0;1630;1525.0
466;90.0;B3350552;0B13406F;0.02;0.68;0.73;0.0;0.0;7.0;8.0;4.0;36.0;886.0;46.0;1480.0;1631;1525.0
465;90.0;7252FACE;0B13406F;0.01;0.51;0.55;0.0;0.0;6.0;8.0;15.0;56.0;1224.0;46.0;1480.0;1632;1525.0
464;90.0;EC86A413;D6BA9D02;0.02;0.38;0.39;0.0;0.02;5.0;8.0;5.0;4.0;248.0;46.0;1481.0;1641;1526.0
463;90.0;C67BFD0C;D6BA9D02;0.02;0.39;0.4;0.0;0.02;4.0;8.0;6.0;48.0;5692.0;46.0;1481.0;1635;1526.0
462;90.0;438B584C;D6BA9D02;0.03;0.53;0.56;0.0;0.03;3.0;8.0;8.0;42.0;6323.0;46.0;1481.0;1638;1526.0
461;90.0;7BECD01F;D6BA9D02;0.02;0.34;0.36;0.0;0.02;2.0;8.0;4.0;35.0;581.0;46.0;1481.0;1635;1526.0
460;90.0;92DC65D4;D6BA9D02;0.02;0.34;0.36;0.0;0.02;1.0;8.0;5.0;3.0;0.0;51.0;1481.0;1688;1526.0
459;90.0;9814D4ED;C1BE9DD8;0.02;0.13;0.15;0.01;0.02;7.0;7.0;15.0;55.0;866.0;34.0;1507.0;1688;1551.0
458;90.0;1785C33E;D927D5F2;0.02;0.18;0.21;0.01;0.02;6.0;7.0;6.0;47.0;5404.0;32.0;1507.0;1664;1551.0
457;90.0;048F0DE7;D927D5F2;0.02;0.13;0.15;0.01;0.02;5.0;7.0;8.0;41.0;6026.0;32.0;1507.0;1666;1551.0
456;90.0;1A55D002;D927D5F2;0.02;0.16;0.18;0.01;0.02;4.0;7.0;4.0;34.0;291.0;32.0;1507.0;1663;1551.0
455;90.0;997B1733;D927D5F2;0.02;0.12;0.14;0.01;0.02;3.0;7.0;15.0;54.0;631.0;32.0;1507.0;1666;1551.0
454;90.0;8D56858F;D927D5F2;0.02;0.16;0.18;0.01;0.02;2.0;7.0;6.0;46.0;5167.0;32.0;1507.0;1663;1551.0
453;90.0;2FEF6212;D927D5F2;0.02;0.14;0.16;0.01;0.02;1.0;7.0;7.0;65.0;5866.0;32.0;1507.0;1675;1551.0
452;90.0;229269B6;C21BA30D;0.0;0.93;1.0;0.0;0.0;2.0;2.0;8.0;40.0;5732.0;64.0;1462.0;1613;1497.0
451;90.0;7A81E763;C21BA30D;0.0;1.07;1.16;0.0;0.0;1.0;2.0;4.0;33.0;0.0;69.0;1462.0;1635;1497.0
450;90.0;A9E7FAEB;67470249;0.01;0.39;0.44;0.0;0.02;8.0;8.0;15.0;53.0;337.0;39.0;1486.0;1647;1531.0
449;90.0;223ABA66;6570BD8E;0.01;0.42;0.44;0.0;0.02;7.0;8.0;6.0;45.0;4882.0;28.0;1485.0;1630;1530.0
448;90.0;B9EC32E1;6570BD8E;0.01;0.49;0.51;0.0;0.03;6.0;8.0;5.0;2.0;332.0;28.0;1485.0;1642;1530.0
447;90.0;C414A895;44661CD0;0.03;0.22;0.24;0.01;0.03;5.0;8.0;7.0;64.0;5520.0;32.0;1506.0;1677;1551.0
446;90.0;7EDE6574;44661CD0;0.02;0.15;0.16;0.01;0.02;4.0;8.0;8.0;39.0;5383.0;32.0;1506.0;1664;1551.0
445;90.0;C4602719;44661CD0;0.02;0.17;0.19;0.01;0.02;3.0;8.0;15.0;52.0;0.0;32.0;1506.0;1672;1551.0
444;90.0;30D3950C;7D015357;0.03;0.2;0.23;0.02;0.01;2.0;8.0;6.0;44.0;4538.0;46.0;1506.0;1672;1551.0
443;90.0;4E4F79E0;7D015357;0.02;0.13;0.15;0.01;0.01;1.0;8.0;5.0;1.0;0.0;53.0;1506.0;1725;1551.0
442;180.0;9F8C5ACA;0731C1FB;0.0;1.06;1.14;0.01;0.0;4.0;4.0;4.0;32.0;4995.0;62.0;1462.0;1610;1488.0
441;180.0;C2C03FA0;0731C1FB;0.0;0.78;0.84;0.01;0.0;3.0;4.0;7.0;63.0;5054.0;62.0;1462.0;1602;1488.0
440;180.0;38439490;0731C1FB;0.0;0.98;1.06;0.01;0.0;2.0;4.0;8.0;38.0;4911.0;62.0;1462.0;1599;1488.0
439;180.0;8380F089;0731C1FB;0.0;1.18;1.27;0.01;0.0;1.0;4.0;6.0;43.0;4166.0;62.0;1462.0;1614;1488.0
438;180.0;3947A473;0731C1FB;0.0;1.16;1.25;0.01;0.0;4.0;4.0;15.0;51.0;4682.0;62.0;1462.0;1600;1488.0
437;180.0;850859B9;0731C1FB;0.0;1.01;1.08;0.01;0.0;3.0;4.0;4.0;31.0;4672.0;62.0;1462.0;1602;1488.0
436;180.0;2CDDC4D0;0731C1FB;0.0;0.76;0.81;0.0;0.0;2.0;4.0;7.0;62.0;4728.0;62.0;1462.0;1600;1488.0
435;180.0;1C2ABA38;0731C1FB;0.0;1.19;1.27;0.01;0.0;1.0;4.0;8.0;37.0;4590.0;62.0;1462.0;1620;1488.0
434;180.0;96360188;27DBEE1F;0.0;1.12;1.17;0.0;0.0;4.0;4.0;6.0;42.0;3846.0;62.0;1462.0;1615;1488.0
433;180.0;5CA00342;0EADFE3F;0.0;0.88;0.92;0.0;0.0;3.0;4.0;15.0;50.0;4358.0;64.0;1463.0;1622;1489.0
432;180.0;684CEFC6;4D302CE7;0.0;0.87;0.91;0.0;0.0;2.0;4.0;4.0;30.0;4353.0;64.0;1460.0;1606;1485.0
431;180.0;1EF2EE85;4D302CE7;0.0;0.95;0.99;0.0;0.0;1.0;4.0;7.0;61.0;4424.0;69.0;1460.0;1623;1485.0
430;180.0;34717313;5A195F30;0.01;0.52;0.55;0.0;0.03;8.0;8.0;8.0;36.0;4295.0;46.0;1487.0;1637;1527.0
429;180.0;A589B536;5A195F30;0.01;0.47;0.5;0.0;0.03;7.0;8.0;6.0;41.0;3561.0;48.0;1487.0;1634;1527.0
428;180.0;A46BD93A;D927D5F2;0.02;0.12;0.14;0.01;0.02;6.0;8.0;15.0;49.0;4083.0;46.0;1507.0;1669;1552.0
427;180.0;0F82DAC0;60B76B26;0.02;0.21;0.23;0.01;0.02;5.0;8.0;4.0;29.0;4088.0;48.0;1504.0;1660;1544.0
426;180.0;5E380381;60B76B26;0.02;0.22;0.24;0.01;0.02;4.0;8.0;7.0;60.0;4152.0;46.0;1504.0;1652;1544.0
425;180.0;EA825C53;2374C9B3;0.02;0.18;0.22;0.01;0.02;3.0;8.0;8.0;35.0;4020.0;46.0;1502.0;1660;1542.0
424;180.0;0F82DAC0;2374C9B3;0.02;0.19;0.23;0.01;0.02;2.0;8.0;6.0;40.0;3287.0;46.0;1502.0;1649;1542.0
423;180.0;22EFD013;92B3EDD4;0.02;0.2;0.26;0.01;0.01;1.0;8.0;15.0;48.0;3801.0;55.0;1502.0;1669;1537.0
422;180.0;3E7704CE;249A7E68;0.01;0.39;0.42;0.0;0.02;6.0;6.0;4.0;28.0;3801.0;46.0;1484.0;1634;1519.0
421;180.0;FABCD3E1;249A7E68;0.02;0.52;0.55;0.0;0.03;5.0;6.0;7.0;59.0;3874.0;46.0;1484.0;1632;1519.0
420;180.0;4BF6E749;249A7E68;0.01;0.37;0.39;0.0;0.02;4.0;6.0;8.0;34.0;3747.0;46.0;1484.0;1630;1519.0
419;180.0;651CF865;2E90E747;0.01;0.21;0.24;0.01;0.02;3.0;6.0;6.0;39.0;3007.0;46.0;1499.0;1661;1539.0
418;180.0;C4789F3D;2E90E747;0.02;0.3;0.34;0.01;0.03;2.0;6.0;15.0;47.0;3507.0;46.0;1499.0;1656;1539.0
417;180.0;7F8BD167;F788ADDC;0.01;0.33;0.34;0.0;0.0;1.0;6.0;4.0;27.0;3510.0;46.0;1482.0;1655;1522.0
416;180.0;920B414C;6C4C7BC5;0.02;0.41;0.44;0.0;0.0;7.0;7.0;7.0;58.0;3578.0;46.0;1485.0;1643;1530.0
415;180.0;97B1F16A;493EAF60;0.01;0.41;0.44;0.0;0.01;6.0;7.0;8.0;33.0;3452.0;46.0;1486.0;1643;1521.0
414;180.0;8F9C21F4;67470249;0.01;0.32;0.36;0.0;0.02;5.0;7.0;6.0;38.0;2721.0;51.0;1486.0;1657;1526.0
413;180.0;DC3B5C76;67470249;0.01;0.33;0.37;0.0;0.02;4.0;7.0;15.0;46.0;3228.0;51.0;1486.0;1652;1526.0
412;180.0;35421325;67470249;0.01;0.42;0.48;0.0;0.02;3.0;7.0;4.0;26.0;3222.0;51.0;1486.0;1658;1526.0
411;180.0;3C115535;67470249;0.01;0.32;0.36;0.0;0.02;2.0;7.0;7.0;57.0;3300.0;51.0;1486.0;1652;1526.0
410;180.0;B063F1F7;67470249;0.01;0.4;0.45;0.0;0.02;1.0;7.0;8.0;32.0;3166.0;55.0;1486.0;1661;1526.0
409;180.0;35677C25;2277D145;0.02;0.26;0.28;0.01;0.02;3.0;3.0;6.0;37.0;2374.0;46.0;1506.0;1677;1551.0
408;180.0;355C970C;2277D145;0.02;0.17;0.19;0.01;0.02;2.0;3.0;15.0;45.0;2887.0;46.0;1506.0;1678;1551.0
407;180.0;B7A4284C;2277D145;0.02;0.18;0.2;0.01;0.02;1.0;3.0;4.0;25.0;2891.0;51.0;1506.0;1683;1551.0
406;180.0;C18125DC;2277D145;0.02;0.25;0.27;0.01;0.02;3.0;3.0;7.0;56.0;2959.0;46.0;1506.0;1666;1551.0
405;180.0;E37965F3;2277D145;0.02;0.25;0.27;0.01;0.02;2.0;3.0;8.0;31.0;2828.0;46.0;1506.0;1671;1551.0
404;180.0;64921DC2;2277D145;0.02;0.24;0.26;0.01;0.02;1.0;3.0;6.0;36.0;2085.0;53.0;1506.0;1687;1551.0
403;180.0;3A15F4F1;96E8463B;0.01;0.18;0.19;0.01;0.02;2.0;2.0;15.0;44.0;2598.0;46.0;1503.0;1676;1543.0
402;180.0;A6542833;96E8463B;0.01;0.17;0.18;0.01;0.02;1.0;2.0;4.0;24.0;2584.0;46.0;1503.0;1679;1543.0
401;180.0;5E61BE9D;35C7C29B;0.01;0.23;0.24;0.01;0.0;3.0;3.0;7.0;55.0;2651.0;69.0;1501.0;1702;1551.0
400;180.0;C137A11E;35C7C29B;0.02;0.29;0.31;0.01;0.0;2.0;3.0;8.0;30.0;2527.0;69.0;1501.0;1702;1551.0
399;180.0;5F898CBE;35C7C29B;0.02;0.28;0.3;0.01;0.0;1.0;3.0;6.0;35.0;1776.0;69.0;1501.0;1701;1551.0
398;180.0;B487127E;E154DB61;0.0;0.71;0.79;0.0;0.0;3.0;3.0;15.0;43.0;2277.0;64.0;1465.0;1605;1490.0
397;180.0;D02ADCE7;E154DB61;0.0;1.1;1.23;0.0;0.0;2.0;3.0;4.0;23.0;2278.0;64.0;1465.0;1602;1490.0
396;180.0;1B7414F1;E154DB61;0.0;0.92;1.03;0.0;0.0;1.0;3.0;7.0;54.0;2352.0;69.0;1465.0;1610;1490.0
395;180.0;7F27D57A;4AC24E4B;0.02;0.27;0.3;0.01;0.02;7.0;7.0;8.0;29.0;2214.0;51.0;1501.0;1668;1546.0
394;180.0;07E65CC5;4AC24E4B;0.02;0.27;0.3;0.01;0.02;6.0;7.0;6.0;34.0;1477.0;51.0;1501.0;1652;1546.0
393;180.0;53237157;4AC24E4B;0.02;0.25;0.28;0.01;0.02;5.0;7.0;15.0;42.0;1990.0;51.0;1501.0;1657;1546.0
392;180.0;6B9A4597;93142261;0.02;0.2;0.23;0.01;0.01;4.0;7.0;4.0;22.0;1996.0;46.0;1501.0;1650;1536.0
391;180.0;83D91069;93142261;0.02;0.24;0.27;0.01;0.02;3.0;7.0;8.0;28.0;1997.0;46.0;1501.0;1649;1536.0
390;180.0;978E89E3;93142261;0.02;0.27;0.31;0.01;0.02;2.0;7.0;7.0;53.0;2023.0;46.0;1501.0;1646;1536.0
389;180.0;C14AF6DA;016FEFC0;0.01;0.19;0.22;0.01;0.02;1.0;7.0;6.0;33.0;1214.0;46.0;1502.0;1675;1542.0
388;180.0;BC78495B;E1C94594;0.01;0.29;0.31;0.0;0.0;7.0;7.0;15.0;41.0;1732.0;46.0;1494.0;1642;1534.0
387;180.0;1D9C89D5;E1C94594;0.01;0.24;0.26;0.0;0.0;6.0;7.0;4.0;21.0;1729.0;46.0;1494.0;1645;1534.0
386;180.0;1C013DE1;6466E4EB;0.03;0.22;0.26;0.01;0.02;5.0;7.0;8.0;27.0;1727.0;46.0;1505.0;1663;1545.0
385;180.0;6551D9B9;6466E4EB;0.03;0.2;0.24;0.01;0.02;4.0;7.0;7.0;52.0;1746.0;46.0;1505.0;1663;1545.0
384;180.0;AB0F215F;6466E4EB;0.03;0.19;0.23;0.01;0.02;3.0;7.0;6.0;32.0;927.0;46.0;1505.0;1670;1545.0
383;180.0;C5D4BD44;423E5208;0.02;0.24;0.26;0.01;0.01;2.0;7.0;15.0;40.0;1429.0;46.0;1501.0;1674;1546.0
382;180.0;C6E8AABC;423E5208;0.02;0.27;0.29;0.01;0.01;1.0;7.0;4.0;20.0;1429.0;46.0;1501.0;1673;1546.0
381;180.0;0418B542;7AFEE53C;0.01;0.33;0.36;0.0;0.0;5.0;5.0;8.0;26.0;1429.0;39.0;1488.0;1647;1528.0
380;180.0;66075CAE;E9D2B793;0.0;0.34;0.37;0.01;0.07;4.0;5.0;7.0;51.0;1447.0;25.0;1480.0;1623;1520.0
379;180.0;5A8851F5;E9D2B793;0.0;0.41;0.46;0.01;0.09;3.0;5.0;6.0;31.0;631.0;25.0;1480.0;1621;1520.0
378;180.0;319C7CE4;E9D2B793;0.0;0.38;0.42;0.01;0.08;2.0;5.0;15.0;39.0;1130.0;25.0;1480.0;1619;1520.0
377;180.0;BF320B89;E9D2B793;0.0;0.36;0.4;0.01;0.08;1.0;5.0;4.0;19.0;1127.0;25.0;1480.0;1635;1520.0
376;180.0;0A8B0913;703CB22C;0.02;0.59;0.61;0.0;0.02;8.0;8.0;8.0;25.0;1125.0;46.0;1486.0;1660;1536.0
375;180.0;E43307D6;703CB22C;0.02;0.5;0.51;0.0;0.02;7.0;8.0;7.0;50.0;1133.0;46.0;1486.0;1660;1536.0
374;180.0;57E53047;703CB22C;0.02;0.44;0.45;0.0;0.02;6.0;8.0;6.0;30.0;319.0;46.0;1486.0;1658;1536.0
373;180.0;D96FEBC9;703CB22C;0.02;0.49;0.51;0.0;0.02;5.0;8.0;15.0;38.0;824.0;46.0;1486.0;1652;1536.0
372;180.0;16CF1656;703CB22C;0.02;0.61;0.63;0.0;0.02;4.0;8.0;4.0;18.0;815.0;46.0;1486.0;1656;1536.0
371;180.0;96EC8D8F;22ADB3F3;0.0;0.86;0.9;0.01;0.07;3.0;8.0;8.0;24.0;807.0;46.0;1476.0;1619;1501.0
370;180.0;5FAC226A;B4CD6E45;0.0;0.7;0.73;0.0;0.02;2.0;8.0;7.0;49.0;811.0;46.0;1475.0;1636;1515.0
369;180.0;EE0CBAF4;B4CD6E45;0.0;0.61;0.64;0.0;0.02;1.0;8.0;6.0;29.0;0.0;55.0;1475.0;1662;1515.0
368;180.0;9C9C7B62;F8C74014;0.01;0.44;0.46;0.0;0.0;8.0;8.0;15.0;37.0;516.0;46.0;1488.0;1636;1523.0
367;180.0;968994CB;F8C74014;0.02;0.53;0.55;0.0;0.01;7.0;8.0;4.0;17.0;507.0;46.0;1488.0;1631;1523.0
366;180.0;F8E5984F;F8C74014;0.02;0.63;0.65;0.0;0.01;6.0;8.0;8.0;23.0;495.0;46.0;1488.0;1631;1523.0
365;180.0;279FECA2;F8C74014;0.02;0.58;0.61;0.0;0.01;5.0;8.0;7.0;48.0;502.0;46.0;1488.0;1645;1523.0
364;180.0;75C13A15;6657D710;0.01;0.41;0.48;0.0;0.0;4.0;8.0;15.0;36.0;250.0;18.0;1493.0;1654;1543.0
363;180.0;53C99D06;DD4524C7;0.02;0.38;0.39;0.01;0.0;3.0;8.0;4.0;16.0;239.0;46.0;1480.0;1644;1525.0
362;180.0;90056931;DD4524C7;0.02;0.44;0.46;0.01;0.0;2.0;8.0;8.0;22.0;222.0;46.0;1480.0;1638;1525.0
361;180.0;07FDB6C7;2A8BED63;0.02;0.57;0.59;0.0;0.0;1.0;8.0;7.0;47.0;243.0;51.0;1488.0;1664;1528.0
360;180.0;EA32ADD2;9970B431;0.0;0.3;0.37;0.01;0.07;4.0;4.0;15.0;35.0;0.0;25.0;1480.0;1665;1520.0
359;180.0;D14EF008;9970B431;0.0;0.36;0.44;0.01;0.08;3.0;4.0;4.0;15.0;0.0;25.0;1480.0;1641;1520.0
358;180.0;42957A42;9970B431;0.0;0.4;0.48;0.01;0.09;2.0;4.0;8.0;21.0;0.0;34.0;1480.0;1645;1520.0
357;180.0;B8659FE3;9970B431;0.0;0.47;0.57;0.01;0.1;1.0;4.0;7.0;46.0;0.0;39.0;1480.0;1665;1520.0
356;180.0;107C43C4;9970B431;0.0;0.41;0.5;0.01;0.09;3.0;3.0;6.0;28.0;2692.0;34.0;1480.0;1637;1520.0
355;180.0;A6883634;9970B431;0.0;0.46;0.56;0.01;0.1;2.0;3.0;7.0;45.0;2378.0;34.0;1480.0;1622;1520.0
354;180.0;D2483654;9970B431;0.0;0.45;0.55;0.01;0.1;1.0;3.0;4.0;14.0;4324.0;39.0;1480.0;1644;1520.0
353;180.0;7B16DFCC;281A1554;0.0;0.51;0.53;0.01;0.0;3.0;3.0;15.0;34.0;6591.0;57.0;1486.0;1705;1541.0
352;180.0;5502B3DD;281A1554;0.0;0.44;0.46;0.01;0.0;2.0;3.0;8.0;20.0;6256.0;57.0;1486.0;1704;1541.0
351;180.0;7F3D16B0;281A1554;0.0;0.49;0.51;0.01;0.0;1.0;3.0;6.0;27.0;2374.0;57.0;1486.0;1715;1541.0
350;180.0;97814BB1;2757A61E;0.0;0.52;0.55;0.01;0.0;3.0;3.0;7.0;44.0;2051.0;57.0;1486.0;1718;1541.0
349;180.0;91187DFC;2757A61E;0.01;0.69;0.74;0.01;0.0;2.0;3.0;4.0;13.0;3991.0;57.0;1486.0;1709;1541.0
348;180.0;E82F6988;2757A61E;0.0;0.5;0.54;0.01;0.0;1.0;3.0;15.0;33.0;6262.0;57.0;1486.0;1719;1541.0
347;180.0;3BCAF4F6;2757A61E;0.0;0.48;0.51;0.01;0.0;3.0;3.0;8.0;19.0;5929.0;57.0;1486.0;1717;1541.0
346;180.0;63DC19CF;2757A61E;0.0;0.46;0.49;0.01;0.0;2.0;3.0;6.0;26.0;2061.0;57.0;1486.0;1706;1541.0
345;180.0;3C038BFD;2757A61E;0.01;0.65;0.69;0.01;0.0;1.0;3.0;7.0;43.0;1743.0;57.0;1486.0;1720;1541.0
344;180.0;311F912F;48815118;0.01;0.71;0.75;0.01;0.0;3.0;3.0;4.0;12.0;3691.0;62.0;1486.0;1688;1541.0
343;180.0;7CFEFB39;48815118;0.0;0.52;0.55;0.01;0.0;2.0;3.0;15.0;32.0;5944.0;62.0;1486.0;1690;1541.0
342;180.0;99CFDF6D;48815118;0.0;0.5;0.52;0.01;0.0;1.0;3.0;8.0;18.0;5535.0;62.0;1486.0;1689;1541.0
341;180.0;F99A1199;87C78AB7;0.01;0.43;0.5;0.0;0.0;8.0;8.0;6.0;25.0;1671.0;46.0;1480.0;1639;1525.0
340;180.0;5A7A1D86;5E203A14;0.0;0.32;0.34;0.0;0.01;7.0;8.0;4.0;11.0;3358.0;46.0;1486.0;1640;1526.0
339;180.0;7F9ADE4C;5E203A14;0.0;0.37;0.39;0.0;0.01;6.0;8.0;7.0;42.0;1296.0;46.0;1486.0;1634;1526.0
338;180.0;30DE8239;19008928;0.01;0.61;0.67;0.0;0.03;5.0;8.0;15.0;31.0;5577.0;46.0;1474.0;1640;1530.0
337;180.0;176F48C3;19008928;0.01;0.53;0.58;0.0;0.02;4.0;7.0;8.0;17.0;5230.0;46.0;1474.0;1638;1530.0
336;180.0;5828C43B;BE0EA08D;0.02;0.22;0.24;0.0;0.02;3.0;7.0;6.0;24.0;1372.0;46.0;1497.0;1655;1537.0
335;180.0;A0E1ED17;BE0EA08D;0.03;0.3;0.32;0.0;0.02;2.0;7.0;4.0;10.0;3057.0;46.0;1497.0;1649;1537.0
334;180.0;B8659FE3;BE0EA08D;0.03;0.29;0.32;0.0;0.02;1.0;7.0;7.0;41.0;978.0;46.0;1497.0;1664;1537.0
333;180.0;B45B8ADE;CF354F29;0.01;0.71;0.83;0.0;0.01;8.0;8.0;15.0;30.0;5242.0;51.0;1470.0;1633;1510.0
332;180.0;2305D0D6;CF354F29;0.01;0.72;0.85;0.0;0.01;7.0;8.0;8.0;16.0;4907.0;48.0;1470.0;1618;1510.0
331;180.0;C00D4212;5671F44D;0.02;0.65;0.68;0.0;0.01;6.0;8.0;6.0;23.0;1034.0;46.0;1486.0;1663;1536.0
330;180.0;DAB26C4D;5671F44D;0.02;0.67;0.71;0.0;0.01;5.0;8.0;4.0;9.0;2723.0;46.0;1486.0;1648;1536.0
329;180.0;496DC159;3BA0D398;0.0;0.37;0.4;0.0;0.03;4.0;8.0;7.0;40.0;667.0;46.0;1488.0;1642;1528.0
328;180.0;56700685;3BA0D398;0.0;0.39;0.43;0.0;0.03;3.0;8.0;15.0;29.0;4937.0;46.0;1488.0;1642;1528.0
327;180.0;2D88427F;3BA0D398;0.0;0.38;0.42;0.0;0.03;2.0;8.0;8.0;15.0;4611.0;46.0;1488.0;1641;1528.0
326;180.0;C8571A5C;3BA0D398;0.0;0.4;0.44;0.0;0.03;1.0;8.0;6.0;22.0;752.0;32.0;1488.0;1651;1528.0
325;180.0;7A9D3DD6;E1B28665;0.0;0.29;0.31;0.0;0.01;6.0;6.0;4.0;8.0;2437.0;46.0;1492.0;1681;1547.0
324;180.0;EEE1FFE5;E1B28665;0.0;0.31;0.34;0.0;0.01;5.0;6.0;7.0;39.0;377.0;46.0;1492.0;1677;1547.0
323;180.0;0EE38873;E1B28665;0.0;0.35;0.38;0.0;0.01;4.0;6.0;15.0;28.0;4650.0;46.0;1492.0;1676;1547.0
322;180.0;726B2B97;E1B28665;0.0;0.32;0.35;0.0;0.01;3.0;6.0;8.0;14.0;4327.0;46.0;1492.0;1670;1547.0
321;180.0;DC39E216;E1B28665;0.01;0.42;0.45;0.0;0.01;2.0;6.0;6.0;21.0;462.0;46.0;1492.0;1679;1547.0
320;180.0;EAD09635;E1B28665;0.01;0.44;0.48;0.0;0.01;1.0;6.0;4.0;7.0;2095.0;57.0;1492.0;1690;1547.0
319;180.0;107D4DF9;E1B28665;0.01;0.38;0.42;0.0;0.01;4.0;4.0;7.0;38.0;0.0;46.0;1492.0;1684;1547.0
318;180.0;611B5CB9;E1B28665;0.01;0.43;0.47;0.0;0.01;3.0;5.0;15.0;27.0;4274.0;46.0;1492.0;1678;1547.0
317;180.0;30DE8239;E1B28665;0.01;0.46;0.5;0.0;0.01;2.0;5.0;8.0;13.0;3916.0;46.0;1492.0;1675;1547.0
316;180.0;1FB226DF;E1B28665;0.01;0.41;0.44;0.0;0.01;1.0;10.0;6.0;20.0;0.0;57.0;1492.0;1701;1547.0
315;180.0;F0240B14;E1B28665;0.01;0.4;0.43;0.0;0.01;6.0;6.0;4.0;6.0;1633.0;46.0;1492.0;1669;1547.0
314;180.0;D650049D;E1B28665;0.01;0.39;0.43;0.0;0.01;5.0;8.0;8.0;12.0;3626.0;41.0;1492.0;1660;1547.0
313;180.0;80920BB4;E1B28665;0.01;0.43;0.46;0.0;0.01;4.0;8.0;15.0;26.0;3819.0;46.0;1492.0;1682;1547.0
312;180.0;B1E4A86E;E1B28665;0.01;0.45;0.49;0.0;0.01;3.0;8.0;7.0;37.0;1568.0;46.0;1492.0;1675;1547.0
311;180.0;19A689FA;E1B28665;0.01;0.46;0.49;0.0;0.01;1.0;8.0;2.0;62.0;4794.0;57.0;1492.0;1681;1547.0
310;180.0;C00D4212;E1B28665;0.01;0.44;0.48;0.0;0.01;1.0;8.0;4.0;5.0;0.0;57.0;1492.0;1677;1547.0
309;180.0;CB19F9FF;F4C6D02B;0.02;0.58;0.63;0.0;0.05;8.0;8.0;8.0;11.0;3195.0;18.0;1487.0;1628;1527.0
308;180.0;2E7DD904;87C78AB7;0.01;0.44;0.51;0.0;0.0;7.0;8.0;15.0;25.0;3413.0;32.0;1480.0;1629;1525.0
307;180.0;2E806851;87C78AB7;0.01;0.44;0.52;0.0;0.0;6.0;8.0;7.0;36.0;1195.0;32.0;1480.0;1630;1525.0
306;180.0;1B28E8DD;87C78AB7;0.01;0.43;0.5;0.0;0.0;5.0;8.0;2.0;61.0;4480.0;32.0;1480.0;1627;1525.0
305;180.0;E968F996;87C78AB7;0.0;0.39;0.46;0.0;0.0;4.0;8.0;6.0;19.0;398.0;32.0;1480.0;1627;1525.0
304;180.0;753EFEE3;87C78AB7;0.0;0.42;0.49;0.0;0.0;3.0;8.0;8.0;10.0;2846.0;32.0;1480.0;1633;1525.0
303;180.0;6C98A7F0;87C78AB7;0.01;0.46;0.53;0.0;0.0;4.0;10.0;15.0;24.0;3059.0;32.0;1480.0;1627;1525.0
302;180.0;D7CEA0D6;6C955C02;0.02;0.55;0.6;0.0;0.0;3.0;10.0;7.0;35.0;829.0;51.0;1483.0;1665;1528.0
301;180.0;E9FFE06A;6C955C02;0.02;0.46;0.51;0.0;0.0;2.0;10.0;2.0;60.0;4087.0;51.0;1483.0;1645;1528.0
300;180.0;FC2E9FB6;6C955C02;0.01;0.39;0.42;0.0;0.0;1.0;10.0;6.0;18.0;0.0;55.0;1483.0;1686;1528.0
299;180.0;7D5030C8;D139AB57;0.01;0.5;0.53;0.0;0.0;5.0;5.0;8.0;9.0;2524.0;55.0;1481.0;1673;1526.0
298;180.0;5D4018E9;D139AB57;0.01;0.52;0.55;0.0;0.0;4.0;5.0;4.0;4.0;944.0;46.0;1481.0;1649;1526.0
297;180.0;35421325;D139AB57;0.01;0.5;0.54;0.0;0.0;3.0;5.0;15.0;23.0;2663.0;46.0;1481.0;1650;1526.0
296;180.0;C2B63B7F;D139AB57;0.0;0.43;0.45;0.0;0.0;2.0;5.0;7.0;34.0;406.0;46.0;1481.0;1654;1526.0
295;180.0;6BC1D58B;D139AB57;0.01;0.49;0.52;0.0;0.0;1.0;5.0;2.0;59.0;3671.0;55.0;1481.0;1669;1526.0
294;180.0;DE2FBB00;45DCD23D;0.01;0.26;0.34;0.0;0.0;3.0;3.0;4.0;3.0;602.0;46.0;1501.0;1676;1543.0
293;180.0;7FBEE53A;CC996FCB;0.02;0.22;0.25;0.0;0.0;2.0;3.0;8.0;8.0;2006.0;48.0;1507.0;1668;1547.0
292;180.0;7FBEE53A;CC996FCB;0.02;0.22;0.25;0.0;0.0;2.0;4.0;15.0;22.0;2222.0;48.0;1507.0;1680;1547.0
290;180.0;E87C99BE;502F0F5B;0.01;0.4;0.43;0.01;0.05;7.0;7.0;2.0;58.0;3279.0;51.0;1470.0;1643;1515.0
289;180.0;9A3DE6AA;502F0F5B;0.01;0.4;0.42;0.01;0.05;6.0;7.0;4.0;2.0;271.0;51.0;1470.0;1628;1515.0
288;180.0;BFDDA80E;502F0F5B;0.01;0.55;0.59;0.02;0.07;5.0;7.0;8.0;7.0;1735.0;51.0;1470.0;1627;1515.0
287;180.0;7515C588;00FFEE90;0.01;0.3;0.32;0.01;0.02;4.0;7.0;6.0;17.0;3007.0;51.0;1489.0;1659;1534.0
286;180.0;7A8293D1;00FFEE90;0.01;0.32;0.35;0.01;0.02;3.0;7.0;15.0;21.0;1894.0;51.0;1489.0;1652;1534.0
285;180.0;8ECCCEBE;00FFEE90;0.01;0.38;0.41;0.01;0.02;2.0;7.0;2.0;57.0;3006.0;51.0;1489.0;1650;1534.0
284;180.0;38B74E4A;00FFEE90;0.01;0.42;0.46;0.01;0.02;1.0;7.0;4.0;1.0;0.0;51.0;1489.0;1700;1534.0
283;180.0;250660AE;46F56B8C;0.01;0.37;0.4;0.01;0.03;7.0;7.0;8.0;6.0;1470.0;39.0;1480.0;1634;1525.0
282;180.0;2A72D3F9;46F56B8C;0.01;0.38;0.41;0.01;0.03;6.0;7.0;6.0;16.0;2745.0;39.0;1480.0;1631;1525.0
281;180.0;F11EA254;46F56B8C;0.0;0.32;0.34;0.01;0.03;5.0;7.0;15.0;20.0;1638.0;39.0;1480.0;1638;1525.0
280;180.0;D8B38D8F;46F56B8C;0.01;0.41;0.44;0.01;0.03;4.0;7.0;2.0;56.0;2750.0;39.0;1480.0;1635;1525.0
279;180.0;C0D931A3;46F56B8C;0.01;0.47;0.51;0.01;0.04;3.0;7.0;7.0;32.0;2626.0;39.0;1480.0;1630;1525.0
278;180.0;5DC9B022;46F56B8C;0.0;0.33;0.36;0.01;0.03;2.0;7.0;8.0;5.0;1195.0;39.0;1480.0;1634;1525.0
277;180.0;342BB038;46F56B8C;0.01;0.47;0.5;0.01;0.04;1.0;7.0;6.0;15.0;2464.0;51.0;1480.0;1656;1525.0
276;180.0;5EFD018F;F852E2F5;0.01;0.39;0.41;0.01;0.05;5.0;5.0;2.0;55.0;2451.0;51.0;1470.0;1648;1520.0
275;180.0;B8E2FEC8;F852E2F5;0.01;0.49;0.52;0.02;0.07;4.0;5.0;7.0;31.0;2328.0;51.0;1470.0;1637;1520.0
274;180.0;B1F75A5D;F852E2F5;0.01;0.55;0.59;0.02;0.08;3.0;5.0;15.0;19.0;1154.0;51.0;1470.0;1641;1520.0
273;180.0;273492F8;F852E2F5;0.01;0.43;0.46;0.02;0.06;2.0;5.0;8.0;4.0;823.0;51.0;1470.0;1640;1520.0
272;180.0;2C424453;F852E2F5;0.01;0.38;0.4;0.01;0.05;1.0;5.0;6.0;14.0;2092.0;55.0;1470.0;1666;1520.0
271;180.0;7651B2F5;F852E2F5;0.01;0.48;0.52;0.02;0.07;7.0;7.0;2.0;54.0;2153.0;51.0;1470.0;1651;1520.0
270;180.0;63E4F1BC;F852E2F5;0.01;0.45;0.48;0.02;0.06;6.0;7.0;7.0;30.0;2035.0;51.0;1470.0;1641;1520.0
269;180.0;9889D92F;F852E2F5;0.01;0.41;0.44;0.01;0.06;5.0;7.0;15.0;18.0;879.0;51.0;1470.0;1641;1520.0
268;180.0;54B48FB1;F852E2F5;0.01;0.48;0.51;0.02;0.07;4.0;7.0;8.0;3.0;553.0;51.0;1470.0;1650;1520.0
267;180.0;D587DDCF;F852E2F5;0.01;0.43;0.46;0.01;0.06;3.0;7.0;6.0;13.0;1822.0;51.0;1470.0;1639;1520.0
266;180.0;35AA0819;F852E2F5;0.01;0.48;0.51;0.02;0.07;2.0;7.0;2.0;53.0;1880.0;51.0;1470.0;1641;1520.0
265;180.0;EA27C069;F852E2F5;0.01;0.51;0.55;0.02;0.07;1.0;7.0;7.0;29.0;1758.0;55.0;1470.0;1665;1520.0
264;180.0;82A08D3A;F852E2F5;0.01;0.39;0.41;0.01;0.05;7.0;7.0;15.0;17.0;601.0;51.0;1470.0;1643;1520.0
263;180.0;4FDEE265;F852E2F5;0.01;0.42;0.45;0.01;0.06;6.0;7.0;8.0;2.0;273.0;51.0;1470.0;1645;1520.0
262;180.0;39E9E889;F852E2F5;0.01;0.48;0.51;0.02;0.07;5.0;7.0;6.0;12.0;1545.0;51.0;1470.0;1641;1520.0
261;180.0;D82A4B67;F852E2F5;0.01;0.43;0.46;0.01;0.06;4.0;7.0;2.0;52.0;1607.0;51.0;1470.0;1641;1520.0
260;180.0;C0B20CEC;F852E2F5;0.01;0.56;0.59;0.02;0.08;3.0;7.0;7.0;28.0;1481.0;51.0;1470.0;1641;1520.0
259;180.0;4F95F414;F852E2F5;0.01;0.36;0.39;0.01;0.05;2.0;7.0;15.0;16.0;324.0;51.0;1470.0;1634;1520.0
258;180.0;45187F18;F852E2F5;0.01;0.49;0.52;0.02;0.07;1.0;7.0;8.0;1.0;0.0;55.0;1470.0;1680;1520.0
257;180.0;2E2B442E;7E7D0B4D;0.01;0.48;0.5;0.01;0.0;7.0;7.0;6.0;11.0;1240.0;46.0;1480.0;1647;1530.0
256;180.0;36C42F5C;D6C5A3D0;0.02;0.16;0.18;0.0;0.01;6.0;7.0;2.0;51.0;1289.0;39.0;1501.0;1651;1546.0
255;180.0;EC86A413;D6C5A3D0;0.02;0.16;0.18;0.0;0.01;5.0;7.0;7.0;27.0;1168.0;46.0;1501.0;1661;1546.0
254;180.0;6AB486A4;D6C5A3D0;0.02;0.19;0.21;0.0;0.02;4.0;7.0;15.0;15.0;0.0;46.0;1501.0;1668;1546.0
253;180.0;09495352;D6C5A3D0;0.02;0.16;0.18;0.0;0.01;3.0;7.0;14.0;50.0;0.0;46.0;1501.0;1678;1546.0
252;180.0;7D25468E;D6C5A3D0;0.02;0.19;0.22;0.0;0.02;2.0;7.0;6.0;10.0;836.0;46.0;1501.0;1662;1546.0
251;180.0;7D3A6164;5871DF5A;0.01;0.36;0.4;0.01;0.04;1.0;7.0;2.0;50.0;879.0;46.0;1486.0;1667;1536.0
250;180.0;F09D3FD8;92B3EDD4;0.02;0.15;0.19;0.01;0.01;1.0;1.0;7.0;26.0;618.0;55.0;1502.0;1668;1537.0
249;180.0;FC8DD612;163D1351;0.02;0.26;0.29;0.0;0.02;4.0;4.0;15.0;14.0;684.0;51.0;1503.0;1669;1548.0
248;180.0;785501B9;163D1351;0.02;0.19;0.2;0.0;0.02;3.0;4.0;6.0;9.0;458.0;51.0;1503.0;1669;1548.0
247;180.0;51A3385B;163D1351;0.02;0.22;0.25;0.0;0.02;2.0;4.0;7.0;25.0;337.0;55.0;1503.0;1681;1548.0
246;180.0;FB2B3016;163D1351;0.02;0.18;0.2;0.0;0.02;3.0;6.0;2.0;49.0;329.0;51.0;1503.0;1673;1548.0
245;180.0;EC86A413;163D1351;0.02;0.19;0.21;0.0;0.02;2.0;6.0;15.0;13.0;236.0;51.0;1503.0;1659;1548.0
244;180.0;007137DD;163D1351;0.02;0.2;0.22;0.0;0.02;1.0;6.0;6.0;8.0;0.0;55.0;1503.0;1698;1548.0
243;180.0;6C223598;76E5EEFF;0.02;0.2;0.22;0.01;0.01;3.0;3.0;7.0;24.0;0.0;55.0;1504.0;1667;1549.0
242;180.0;C0461741;76E5EEFF;0.03;0.2;0.23;0.01;0.01;2.0;3.0;2.0;48.0;0.0;55.0;1504.0;1666;1549.0
240;180.0;F47CB21A;07025389;0.02;0.25;0.28;0.01;0.01;5.0;5.0;6.0;7.0;1273.0;46.0;1497.0;1654;1537.0
239;180.0;F1F55687;07025389;0.02;0.36;0.39;0.01;0.02;4.0;5.0;7.0;23.0;1282.0;46.0;1497.0;1641;1537.0
238;180.0;E0A4B4A8;07025389;0.02;0.28;0.31;0.01;0.01;3.0;6.0;2.0;47.0;977.0;46.0;1497.0;1653;1537.0
237;180.0;0F5BB419;07025389;0.01;0.23;0.26;0.01;0.01;2.0;6.0;14.0;49.0;256.0;46.0;1497.0;1657;1537.0
236;180.0;3D99070A;07025389;0.02;0.25;0.28;0.01;0.01;1.0;6.0;15.0;11.0;949.0;46.0;1497.0;1668;1537.0
235;180.0;D1BBE8A0;56FFE5DC;0.02;0.16;0.17;0.01;0.01;4.0;4.0;6.0;6.0;992.0;39.0;1507.0;1642;1532.0
234;180.0;88BBA8F1;56FFE5DC;0.02;0.14;0.15;0.01;0.01;3.0;4.0;7.0;22.0;1001.0;39.0;1507.0;1630;1532.0
233;180.0;BE2B3532;56FFE5DC;0.02;0.2;0.22;0.01;0.01;2.0;4.0;2.0;46.0;720.0;39.0;1507.0;1643;1532.0
232;180.0;6ECE1C2C;56FFE5DC;0.02;0.18;0.2;0.01;0.01;1.0;4.0;14.0;48.0;0.0;55.0;1507.0;1685;1532.0
231;180.0;86283565;56FFE5DC;0.02;0.19;0.22;0.01;0.01;4.0;4.0;15.0;10.0;689.0;39.0;1507.0;1643;1532.0
230;180.0;CC44B9D7;56FFE5DC;0.02;0.17;0.19;0.01;0.01;3.0;4.0;6.0;5.0;729.0;39.0;1507.0;1639;1532.0
229;180.0;DC4ED87D;56FFE5DC;0.02;0.14;0.16;0.01;0.01;2.0;4.0;7.0;21.0;739.0;39.0;1507.0;1639;1532.0
228;180.0;8015E575;56FFE5DC;0.02;0.19;0.21;0.01;0.01;1.0;4.0;2.0;45.0;451.0;55.0;1507.0;1669;1532.0
227;180.0;B895E9AC;946866EE;0.03;0.23;0.28;0.01;0.02;4.0;4.0;15.0;9.0;473.0;41.0;1501.0;1642;1536.0
226;180.0;9C1EDB5D;946866EE;0.02;0.15;0.18;0.01;0.01;3.0;4.0;6.0;4.0;509.0;41.0;1501.0;1651;1536.0
225;180.0;C18125DC;946866EE;0.02;0.21;0.26;0.01;0.02;2.0;4.0;7.0;20.0;520.0;41.0;1501.0;1641;1536.0
224;180.0;34F7B690;946866EE;0.03;0.23;0.28;0.01;0.02;1.0;4.0;2.0;44.0;232.0;46.0;1501.0;1668;1536.0
223;180.0;5BF80FB5;7732F1AA;0.02;0.22;0.25;0.01;0.03;7.0;7.0;15.0;8.0;251.0;41.0;1500.0;1667;1540.0
222;180.0;C68BE921;7732F1AA;0.02;0.19;0.22;0.01;0.03;6.0;7.0;6.0;3.0;286.0;41.0;1500.0;1655;1540.0
221;180.0;D221FEDC;946866EE;0.03;0.23;0.28;0.01;0.02;5.0;7.0;7.0;19.0;293.0;41.0;1501.0;1643;1536.0
220;180.0;6E41F577;E2EF030B;0.01;0.18;0.21;0.01;0.02;4.0;7.0;2.0;43.0;0.0;41.0;1502.0;1671;1547.0
219;180.0;A50CB92C;E2EF030B;0.02;0.23;0.27;0.01;0.03;3.0;7.0;15.0;7.0;0.0;41.0;1502.0;1666;1547.0
218;180.0;92EC7E02;8C409667;0.02;0.18;0.2;0.01;0.0;2.0;7.0;6.0;2.0;0.0;46.0;1504.0;1684;1539.0
217;180.0;38ED9BEF;8C409667;0.02;0.21;0.23;0.01;0.0;1.0;7.0;7.0;18.0;0.0;51.0;1504.0;1711;1539.0
216;180.0;F9DF2AC8;96956A01;0.02;0.2;0.22;0.01;0.02;2.0;2.0;2.0;42.0;2214.0;41.0;1500.0;1648;1540.0
215;180.0;506A5928;96956A01;0.02;0.17;0.19;0.01;0.02;1.0;4.0;6.0;1.0;0.0;46.0;1500.0;1695;1540.0
214;180.0;5E602804;D22BFB79;0.01;0.36;0.4;0.01;0.05;6.0;6.0;14.0;47.0;1929.0;44.0;1480.0;1662;1540.0
213;180.0;F491AAFC;D22BFB79;0.01;0.33;0.36;0.01;0.05;5.0;6.0;15.0;6.0;1232.0;44.0;1480.0;1647;1540.0
212;180.0;77CF3D3D;D22BFB79;0.01;0.41;0.46;0.01;0.06;4.0;6.0;7.0;17.0;4356.0;44.0;1480.0;1649;1540.0
211;180.0;A9253611;D22BFB79;0.01;0.44;0.49;0.02;0.06;3.0;6.0;2.0;41.0;1923.0;44.0;1480.0;1656;1540.0
210;180.0;8EB51EC1;D22BFB79;0.01;0.31;0.34;0.01;0.04;2.0;6.0;14.0;46.0;1687.0;44.0;1480.0;1646;1540.0
209;180.0;503CA217;D22BFB79;0.01;0.39;0.44;0.01;0.05;1.0;6.0;15.0;5.0;997.0;51.0;1480.0;1672;1540.0
208;180.0;4983EA1F;D22BFB79;0.01;0.42;0.47;0.02;0.06;6.0;6.0;7.0;16.0;4120.0;44.0;1480.0;1657;1540.0
207;180.0;3556F99E;D22BFB79;0.01;0.34;0.38;0.01;0.05;5.0;6.0;2.0;40.0;1683.0;44.0;1480.0;1652;1540.0
206;180.0;A5457FF3;D22BFB79;0.01;0.35;0.39;0.01;0.05;4.0;6.0;14.0;45.0;1447.0;44.0;1480.0;1658;1540.0
205;180.0;369CFF0B;D22BFB79;0.01;0.33;0.37;0.01;0.05;3.0;6.0;15.0;4.0;756.0;44.0;1480.0;1652;1540.0
204;180.0;FBDCF902;D22BFB79;0.01;0.42;0.46;0.02;0.06;2.0;6.0;7.0;15.0;3873.0;44.0;1480.0;1655;1540.0
203;180.0;44D6FA16;D22BFB79;0.01;0.34;0.38;0.01;0.05;1.0;6.0;2.0;39.0;1450.0;51.0;1480.0;1667;1540.0
202;180.0;06F9B071;392BEDA4;0.01;0.21;0.23;0.01;0.02;4.0;4.0;14.0;44.0;1220.0;39.0;1504.0;1661;1544.0
201;180.0;69BE1433;392BEDA4;0.01;0.19;0.21;0.01;0.02;3.0;4.0;15.0;3.0;519.0;41.0;1504.0;1661;1544.0
200;180.0;C9EA76FC;DFBF368A;0.01;0.46;0.52;0.0;0.0;2.0;4.0;7.0;14.0;3638.0;57.0;1485.0;1646;1525.0
199;180.0;0DE0FD16;DFBF368A;0.01;0.31;0.35;0.0;0.0;1.0;4.0;2.0;38.0;1206.0;57.0;1485.0;1648;1525.0
198;180.0;4C9D6C63;1137DC9F;0.01;0.52;0.55;0.0;0.02;2.0;2.0;14.0;43.0;973.0;51.0;1474.0;1642;1519.0
197;180.0;322AA49B;1137DC9F;0.01;0.55;0.58;0.0;0.02;1.0;2.0;15.0;2.0;256.0;51.0;1474.0;1672;1519.0
196;180.0;16713454;56FFE5DC;0.02;0.19;0.21;0.01;0.01;4.0;4.0;7.0;13.0;3368.0;39.0;1507.0;1641;1532.0
195;180.0;72E660D4;56FFE5DC;0.02;0.2;0.22;0.01;0.01;3.0;4.0;2.0;37.0;926.0;39.0;1507.0;1640;1532.0
194;180.0;42D3C534;56FFE5DC;0.02;0.16;0.18;0.01;0.01;2.0;4.0;14.0;42.0;696.0;39.0;1507.0;1648;1532.0
193;180.0;169110BD;56FFE5DC;0.02;0.17;0.2;0.01;0.01;1.0;4.0;15.0;1.0;0.0;55.0;1507.0;1688;1532.0
192;180.0;2F8E7E59;04751D20;0.02;0.23;0.25;0.01;0.02;5.0;5.0;7.0;12.0;3121.0;46.0;1506.0;1664;1551.0
191;180.0;8327A570;04751D20;0.02;0.23;0.25;0.01;0.02;4.0;5.0;2.0;36.0;680.0;46.0;1506.0;1668;1551.0
190;180.0;D96FEBC9;04751D20;0.02;0.19;0.21;0.01;0.02;3.0;5.0;14.0;41.0;452.0;46.0;1506.0;1667;1551.0
189;180.0;7F2C54C3;04751D20;0.02;0.24;0.27;0.01;0.02;2.0;5.0;1.0;50.0;6176.0;46.0;1506.0;1667;1551.0
188;180.0;A5BE8516;04751D20;0.02;0.24;0.26;0.01;0.02;1.0;5.0;7.0;11.0;2882.0;51.0;1506.0;1687;1551.0
187;180.0;B6E91EF5;F1291CB0;0.02;0.16;0.18;0.01;0.02;6.0;6.0;2.0;35.0;452.0;51.0;1506.0;1659;1546.0
186;180.0;689AA84F;F1291CB0;0.02;0.16;0.18;0.01;0.02;5.0;6.0;14.0;40.0;230.0;55.0;1506.0;1664;1546.0
185;180.0;FC7105F6;F1291CB0;0.02;0.23;0.26;0.01;0.02;4.0;6.0;1.0;49.0;5946.0;51.0;1506.0;1673;1546.0
184;180.0;107D4DF9;F1291CB0;0.02;0.2;0.22;0.01;0.02;3.0;6.0;7.0;10.0;2657.0;51.0;1506.0;1676;1546.0
183;180.0;0711660A;F1291CB0;0.02;0.18;0.2;0.01;0.02;2.0;6.0;2.0;34.0;231.0;51.0;1506.0;1665;1546.0
182;180.0;CA54877A;F1291CB0;0.02;0.19;0.21;0.01;0.02;1.0;6.0;14.0;39.0;0.0;60.0;1506.0;1702;1546.0
181;180.0;3BCD27BA;217DAC59;0.03;0.54;0.57;0.0;0.03;6.0;6.0;1.0;48.0;5723.0;46.0;1483.0;1648;1523.0
180;180.0;69BE1433;2BA96869;0.01;0.36;0.39;0.0;0.02;5.0;6.0;7.0;9.0;2434.0;46.0;1486.0;1633;1526.0
179;180.0;53BC6ACB;2BA96869;0.01;0.4;0.43;0.0;0.02;4.0;6.0;2.0;33.0;0.0;46.0;1486.0;1659;1526.0
178;180.0;666823CB;71A937D5;0.02;0.49;0.55;0.0;0.02;2.0;6.0;1.0;47.0;5440.0;46.0;1487.0;1656;1532.0
164;90.0;7EDE6574;DAF26177;0.0;0.39;0.43;0.0;0.01;2.0;8.0;1.0;44.0;4527.0;34.0;1480.0;1620;1525.0
163;90.0;2CEB65B3;DAF26177;0.01;0.56;0.61;0.0;0.02;1.0;8.0;2.0;30.0;3661.0;39.0;1480.0;1656;1525.0
162;90.0;15BFC1C2;4CA7CEA8;0.03;0.57;0.6;0.01;0.03;6.0;6.0;7.0;5.0;1178.0;46.0;1483.0;1659;1528.0
161;90.0;AB0F215F;4CA7CEA8;0.02;0.46;0.48;0.01;0.02;5.0;6.0;5.0;48.0;7498.0;46.0;1483.0;1654;1528.0
160;90.0;B5BF314A;9C0993CD;0.03;0.55;0.6;0.0;0.02;4.0;6.0;14.0;34.0;4022.0;39.0;1480.0;1660;1530.0
159;90.0;DE2E1932;9C0993CD;0.02;0.42;0.46;0.0;0.01;3.0;6.0;1.0;43.0;4249.0;46.0;1480.0;1644;1530.0
158;90.0;450C1D91;9C0993CD;0.02;0.52;0.56;0.0;0.02;2.0;6.0;2.0;29.0;3384.0;46.0;1480.0;1638;1530.0
157;90.0;EF1326B8;9C0993CD;0.02;0.52;0.57;0.0;0.02;1.0;6.0;7.0;4.0;875.0;51.0;1480.0;1655;1530.0
156;90.0;BF337710;5C6E672A;0.02;0.5;0.53;0.01;0.02;4.0;4.0;5.0;47.0;7150.0;34.0;1483.0;1635;1528.0
155;90.0;F8139F13;5C6E672A;0.02;0.5;0.53;0.01;0.02;3.0;4.0;14.0;33.0;3659.0;34.0;1483.0;1633;1528.0
154;90.0;2F6E096D;5C6E672A;0.02;0.58;0.62;0.01;0.03;2.0;4.0;1.0;42.0;3875.0;34.0;1483.0;1636;1528.0
153;90.0;F1D2F8E8;CA50D5FB;0.0;0.63;0.66;0.0;0.01;1.0;4.0;2.0;28.0;3012.0;46.0;1474.0;1649;1519.0
152;90.0;1EF5866F;1C61F0BD;0.0;0.74;0.79;0.01;0.07;5.0;5.0;7.0;3.0;513.0;18.0;1474.0;1613;1509.0
151;90.0;AE706064;FC8C358D;0.0;0.46;0.5;0.02;0.05;4.0;5.0;5.0;46.0;6834.0;34.0;1476.0;1615;1516.0
150;90.0;3B862D45;FC8C358D;0.0;0.47;0.51;0.02;0.05;3.0;5.0;14.0;32.0;3355.0;34.0;1476.0;1614;1516.0
149;90.0;B5D48F9F;00FFEE90;0.01;0.42;0.46;0.01;0.02;2.0;5.0;1.0;41.0;3579.0;18.0;1489.0;1636;1534.0
148;90.0;ADF42570;0A8B5BDF;0.01;0.39;0.41;0.01;0.02;1.0;5.0;2.0;27.0;2714.0;39.0;1481.0;1667;1536.0
147;90.0;B313269B;D3EA2584;0.01;0.56;0.6;0.0;0.02;5.0;5.0;7.0;2.0;227.0;39.0;1482.0;1654;1527.0
146;90.0;BDFA8FA1;24C923E1;0.02;0.54;0.57;0.0;0.0;4.0;5.0;5.0;45.0;6552.0;39.0;1476.0;1631;1521.0
145;90.0;67260EEF;24C923E1;0.02;0.46;0.49;0.0;0.0;3.0;5.0;14.0;31.0;3076.0;39.0;1476.0;1623;1521.0
144;90.0;7E2190AD;3BA0D398;0.0;0.39;0.43;0.0;0.03;2.0;5.0;1.0;40.0;3290.0;18.0;1488.0;1628;1533.0
143;90.0;AF5C3CE9;3BA0D398;0.0;0.47;0.52;0.0;0.04;1.0;5.0;7.0;1.0;0.0;18.0;1488.0;1672;1533.0
142;90.0;962E2E13;C1DBC95B;0.01;0.32;0.37;0.01;0.02;1.0;1.0;4.0;64.0;2824.0;46.0;1491.0;1668;1536.0
141;90.0;AB474FBF;C21BA30D;0.0;0.83;0.9;0.0;0.0;7.0;7.0;5.0;44.0;6256.0;64.0;1462.0;1608;1497.0
140;90.0;377E4ADD;C21BA30D;0.0;0.75;0.81;0.0;0.0;6.0;7.0;2.0;26.0;2251.0;64.0;1462.0;1604;1497.0
139;90.0;C8958AD2;C21BA30D;0.0;0.79;0.85;0.0;0.0;5.0;7.0;14.0;30.0;2714.0;64.0;1462.0;1609;1497.0
138;90.0;18B852C6;C21BA30D;0.0;1.07;1.15;0.0;0.0;4.0;7.0;1.0;39.0;2941.0;64.0;1462.0;1613;1497.0
137;90.0;42DFD62B;C21BA30D;0.0;0.83;0.89;0.0;0.0;3.0;7.0;4.0;63.0;2536.0;64.0;1462.0;1607;1497.0
136;90.0;1E11AF65;C21BA30D;0.0;0.88;0.94;0.0;0.0;2.0;7.0;5.0;43.0;5956.0;64.0;1462.0;1605;1497.0
135;90.0;684CEFC6;C21BA30D;0.0;0.9;0.97;0.0;0.0;1.0;7.0;2.0;25.0;1954.0;69.0;1462.0;1635;1497.0
134;90.0;666823CB;3BA0D398;0.0;0.49;0.53;0.0;0.04;3.0;3.0;14.0;29.0;2420.0;18.0;1488.0;1635;1533.0
133;90.0;23391102;B1EBA22B;0.01;0.5;0.53;0.0;0.02;2.0;3.0;1.0;38.0;2646.0;46.0;1480.0;1634;1525.0
132;90.0;5F11A1D2;B1EBA22B;0.01;0.46;0.5;0.0;0.02;1.0;3.0;4.0;62.0;2229.0;46.0;1480.0;1658;1525.0
131;90.0;451D87C7;5E203A14;0.01;0.43;0.45;0.0;0.01;2.0;3.0;2.0;24.0;1626.0;34.0;1486.0;1643;1531.0
130;90.0;F11CE96C;D2630227;0.02;0.35;0.39;0.01;0.0;4.0;5.0;14.0;28.0;2093.0;39.0;1493.0;1653;1533.0
129;90.0;524C977E;59D14704;0.02;0.55;0.59;0.0;0.01;3.0;5.0;5.0;42.0;5449.0;39.0;1487.0;1652;1537.0
128;90.0;5D8DFDB0;59D14704;0.02;0.55;0.59;0.0;0.01;2.0;5.0;1.0;37.0;2244.0;39.0;1487.0;1650;1537.0
127;90.0;5C192DE5;59D14704;0.01;0.51;0.55;0.0;0.01;1.0;5.0;4.0;61.0;1826.0;44.0;1487.0;1659;1537.0
126;90.0;2CE6F83D;4C9F89E7;0.03;0.19;0.21;0.01;0.03;5.0;5.0;2.0;23.0;1305.0;34.0;1512.0;1671;1557.0
125;90.0;723CB526;4C9F89E7;0.02;0.15;0.17;0.01;0.02;4.0;5.0;14.0;27.0;1778.0;34.0;1512.0;1665;1557.0
124;90.0;1F47A5CC;4C9F89E7;0.02;0.12;0.14;0.01;0.02;3.0;5.0;5.0;41.0;5145.0;34.0;1512.0;1657;1557.0
123;90.0;E388A519;17D537B5;0.02;0.19;0.21;0.01;0.02;2.0;5.0;1.0;36.0;1939.0;18.0;1509.0;1661;1554.0
122;90.0;3CA0B821;17D537B5;0.02;0.18;0.21;0.01;0.02;1.0;5.0;4.0;60.0;1538.0;18.0;1509.0;1672;1554.0
121;90.0;460DED80;22C5A4BE;0.02;0.16;0.19;0.01;0.0;8.0;8.0;2.0;22.0;1017.0;18.0;1511.0;1651;1552.0
120;90.0;3E415801;D927D5F2;0.03;0.19;0.21;0.01;0.03;7.0;8.0;14.0;26.0;1490.0;32.0;1507.0;1663;1551.0
119;90.0;4FD23B68;D927D5F2;0.02;0.13;0.15;0.01;0.02;6.0;8.0;5.0;40.0;4859.0;32.0;1507.0;1664;1551.0
118;90.0;67B329F2;9DBCC3D3;0.02;0.23;0.25;0.0;0.02;5.0;8.0;1.0;35.0;1662.0;39.0;1502.0;1670;1552.0
117;90.0;683AE954;9DBCC3D3;0.02;0.21;0.23;0.0;0.02;4.0;8.0;4.0;59.0;1252.0;39.0;1502.0;1670;1552.0
116;90.0;ECC07CD8;9DBCC3D3;0.02;0.23;0.26;0.0;0.02;3.0;8.0;2.0;21.0;730.0;39.0;1502.0;1680;1552.0
115;90.0;273492F8;9DBCC3D3;0.02;0.2;0.22;0.0;0.02;2.0;8.0;14.0;25.0;1194.0;39.0;1502.0;1676;1552.0
114;90.0;76456250;4D27ECED;0.02;0.18;0.21;0.01;0.0;1.0;8.0;5.0;39.0;4544.0;34.0;1502.0;1664;1547.0
113;90.0;2CFBFB71;163D1351;0.02;0.19;0.2;0.0;0.02;2.0;2.0;1.0;34.0;1250.0;46.0;1503.0;1677;1548.0
112;90.0;576BEB09;163D1351;0.02;0.25;0.27;0.0;0.02;2.0;3.0;4.0;58.0;844.0;46.0;1503.0;1674;1548.0
111;90.0;1E17A226;163D1351;0.02;0.24;0.26;0.0;0.02;1.0;3.0;2.0;20.0;325.0;46.0;1503.0;1668;1548.0
108;90.0;EA825C53;96956A01;0.02;0.19;0.22;0.01;0.02;3.0;5.0;1.0;33.0;932.0;46.0;1500.0;1660;1540.0
106;90.0;F8CF7EE9;96956A01;0.02;0.14;0.16;0.01;0.02;1.0;5.0;2.0;19.0;0.0;46.0;1500.0;1682;1540.0
105;90.0;3556F99E;F2951EE4;0.01;0.25;0.28;0.01;0.02;4.0;4.0;14.0;23.0;459.0;39.0;1496.0;1658;1536.0
104;90.0;4C6D9666;6570BD8E;0.01;0.36;0.38;0.0;0.02;3.0;4.0;5.0;37.0;3812.0;41.0;1485.0;1637;1530.0
103;90.0;98A0E910;249A7E68;0.02;0.52;0.56;0.0;0.03;2.0;4.0;1.0;32.0;618.0;46.0;1484.0;1625;1519.0
102;90.0;8F6ECBEF;67470249;0.01;0.45;0.51;0.0;0.02;1.0;4.0;4.0;56.0;222.0;34.0;1486.0;1653;1531.0
101;90.0;B5BF314A;D6BA9D02;0.03;0.54;0.57;0.0;0.03;6.0;6.0;14.0;22.0;227.0;46.0;1481.0;1637;1526.0
100;90.0;953897F1;D6BA9D02;0.02;0.48;0.51;0.0;0.02;5.0;6.0;5.0;36.0;3595.0;46.0;1481.0;1638;1526.0
99;90.0;A2A7A664;44661CD0;0.02;0.16;0.18;0.01;0.02;4.0;6.0;1.0;31.0;399.0;32.0;1506.0;1663;1551.0
98;90.0;504D6B1F;44661CD0;0.03;0.22;0.24;0.01;0.03;3.0;6.0;4.0;55.0;0.0;32.0;1506.0;1666;1551.0
97;90.0;519692ED;44661CD0;0.03;0.21;0.24;0.01;0.03;2.0;6.0;14.0;21.0;0.0;32.0;1506.0;1666;1551.0
96;90.0;BE2B3532;44661CD0;0.02;0.21;0.23;0.01;0.02;1.0;6.0;2.0;18.0;0.0;32.0;1506.0;1693;1551.0
95;90.0;4CE017F0;43608E5D;0.01;0.64;0.67;0.0;0.08;2.0;2.0;5.0;35.0;3287.0;18.0;1485.0;1653;1535.0
94;90.0;4B5DBEFB;B5D5B9CA;0.01;0.54;0.6;0.0;0.02;1.0;2.0;1.0;30.0;0.0;39.0;1480.0;1654;1525.0
93;90.0;E18B71B9;B5D5B9CA;0.01;0.43;0.48;0.0;0.02;4.0;6.0;5.0;34.0;2842.0;34.0;1480.0;1629;1525.0
92;90.0;9A714A75;74291B2A;0.01;0.56;0.61;0.0;0.02;3.0;6.0;4.0;54.0;2589.0;18.0;1480.0;1624;1525.0
91;90.0;C5854550;7BF6FBDF;0.01;0.45;0.48;0.0;0.01;2.0;6.0;14.0;20.0;2595.0;34.0;1482.0;1644;1537.0
90;90.0;6F6AA23A;7BF6FBDF;0.02;0.47;0.5;0.0;0.01;1.0;6.0;2.0;17.0;0.0;39.0;1482.0;1678;1537.0
89;90.0;59BC00D4;8F93E3D1;0.01;0.36;0.43;0.0;0.0;4.0;4.0;1.0;29.0;1776.0;39.0;1487.0;1647;1532.0
88;90.0;2668149E;A410176C;0.02;0.2;0.26;0.01;0.01;3.0;4.0;5.0;33.0;2401.0;57.0;1502.0;1677;1557.0
87;90.0;B79B315C;A410176C;0.02;0.2;0.25;0.01;0.01;2.0;4.0;4.0;53.0;2144.0;57.0;1502.0;1682;1557.0
86;90.0;9B076395;A410176C;0.03;0.22;0.28;0.01;0.01;1.0;4.0;14.0;19.0;2164.0;57.0;1502.0;1700;1557.0
85;90.0;1A82C935;D9882B65;0.01;0.37;0.4;0.0;0.02;8.0;8.0;1.0;28.0;1419.0;34.0;1490.0;1648;1540.0
84;90.0;C1746364;71A937D5;0.01;0.36;0.41;0.0;0.02;7.0;8.0;5.0;32.0;2181.0;39.0;1487.0;1651;1542.0
83;90.0;E2357C0F;71A937D5;0.01;0.4;0.45;0.0;0.02;6.0;8.0;4.0;52.0;1929.0;39.0;1487.0;1654;1542.0
82;90.0;32F245F8;71A937D5;0.01;0.35;0.4;0.0;0.02;5.0;8.0;14.0;18.0;1944.0;39.0;1487.0;1650;1542.0
81;90.0;38C578A0;71A937D5;0.02;0.41;0.46;0.0;0.02;4.0;8.0;1.0;27.0;1200.0;46.0;1487.0;1657;1542.0
80;90.0;113BBDA6;71A937D5;0.01;0.33;0.37;0.0;0.02;3.0;8.0;5.0;31.0;1958.0;39.0;1487.0;1648;1542.0
79;90.0;0DE0FD16;71A937D5;0.01;0.33;0.37;0.0;0.02;2.0;8.0;4.0;51.0;1695.0;18.0;1487.0;1635;1542.0
78;90.0;14961B67;71A937D5;0.02;0.42;0.47;0.0;0.02;1.0;8.0;14.0;17.0;1709.0;18.0;1487.0;1657;1542.0
77;90.0;05875099;E813A81E;0.03;0.18;0.2;0.01;0.01;5.0;5.0;2.0;16.0;2032.0;39.0;1507.0;1663;1552.0
76;90.0;0418B542;BFEB6EA0;0.02;0.4;0.45;0.0;0.02;4.0;5.0;1.0;26.0;907.0;39.0;1483.0;1649;1538.0
75;90.0;290367DD;BFEB6EA0;0.02;0.34;0.38;0.0;0.02;3.0;5.0;5.0;30.0;1656.0;39.0;1483.0;1652;1538.0
74;90.0;9A75B62E;BFEB6EA0;0.02;0.43;0.49;0.0;0.02;2.0;5.0;4.0;50.0;1405.0;39.0;1483.0;1652;1538.0
73;90.0;00D9F2B8;BFEB6EA0;0.02;0.44;0.49;0.0;0.02;1.0;5.0;14.0;16.0;1425.0;46.0;1483.0;1661;1538.0
72;90.0;3D05250D;7D015357;0.02;0.13;0.15;0.01;0.01;4.0;4.0;2.0;15.0;1749.0;46.0;1506.0;1677;1551.0
71;90.0;F40CFA65;7D015357;0.02;0.17;0.19;0.01;0.01;3.0;4.0;1.0;25.0;621.0;46.0;1506.0;1674;1551.0
70;90.0;5F13B080;7D015357;0.02;0.19;0.22;0.01;0.01;2.0;4.0;5.0;29.0;1371.0;46.0;1506.0;1671;1551.0
69;90.0;35A9EC92;7D015357;0.02;0.15;0.17;0.01;0.01;1.0;4.0;4.0;49.0;1116.0;53.0;1506.0;1683;1551.0
68;90.0;5EFD018F;6570BD8E;0.01;0.35;0.37;0.0;0.02;8.0;8.0;14.0;15.0;1125.0;41.0;1485.0;1658;1530.0
67;90.0;C9498CEA;B3A39D69;0.02;0.49;0.52;0.01;0.03;7.0;8.0;2.0;14.0;1437.0;44.0;1484.0;1657;1539.0
66;90.0;A72AD9BE;B3A39D69;0.02;0.35;0.37;0.01;0.02;6.0;8.0;1.0;24.0;309.0;41.0;1484.0;1648;1539.0
64;90.0;48303D66;B3A39D69;0.02;0.38;0.4;0.01;0.02;4.0;8.0;4.0;48.0;808.0;46.0;1484.0;1656;1539.0
63;90.0;1F01C200;B3A39D69;0.02;0.42;0.44;0.01;0.03;3.0;8.0;14.0;14.0;825.0;46.0;1484.0;1644;1539.0
62;90.0;46A31A7A;249A7E68;0.02;0.46;0.49;0.0;0.02;2.0;8.0;2.0;13.0;1123.0;46.0;1484.0;1629;1519.0
61;90.0;09839D9E;67470249;0.01;0.39;0.44;0.0;0.02;1.0;8.0;1.0;23.0;0.0;34.0;1486.0;1678;1531.0
60;90.0;09A8B035;9A0896DA;0.0;0.53;0.59;0.01;0.3;7.0;7.0;5.0;27.0;755.0;18.0;1471.0;1622;1516.0
59;90.0;13D3BFA5;E9D2B793;0.0;0.37;0.41;0.01;0.08;6.0;7.0;4.0;47.0;502.0;34.0;1480.0;1633;1520.0
58;90.0;847B5ED9;E9D2B793;0.0;0.44;0.49;0.01;0.1;5.0;7.0;14.0;13.0;504.0;34.0;1480.0;1621;1520.0
57;90.0;63FF1FB4;E9D2B793;0.0;0.47;0.53;0.01;0.1;4.0;7.0;2.0;12.0;813.0;23.0;1480.0;1623;1520.0
56;90.0;09464F50;9970B431;0.0;0.46;0.56;0.01;0.1;3.0;7.0;5.0;26.0;491.0;34.0;1480.0;1629;1520.0
55;90.0;63F95C6F;9970B431;0.0;0.38;0.46;0.01;0.08;2.0;7.0;4.0;46.0;238.0;34.0;1480.0;1633;1520.0
54;90.0;A713E63F;9970B431;0.0;0.47;0.57;0.01;0.1;1.0;7.0;14.0;12.0;254.0;23.0;1480.0;1638;1520.0
53;90.0;EC1416CF;46F56B8C;0.01;0.46;0.5;0.01;0.04;4.0;4.0;2.0;11.0;577.0;34.0;1480.0;1646;1521.0
52;90.0;5542350D;46F56B8C;0.01;0.39;0.42;0.01;0.03;3.0;4.0;5.0;25.0;270.0;34.0;1480.0;1637;1528.0
51;90.0;E3F439B4;46F56B8C;0.01;0.4;0.43;0.01;0.03;2.0;4.0;4.0;45.0;0.0;34.0;1480.0;1650;1528.0
50;90.0;8924CFC0;46F56B8C;0.0;0.33;0.36;0.01;0.03;1.0;4.0;14.0;11.0;0.0;18.0;1480.0;1665;1530.0
49;90.0;4F51CABB;60EFAC81;0.01;0.43;0.47;0.02;0.05;2.0;2.0;2.0;10.0;316.0;39.0;1480.0;1652;1525.0
48;90.0;B487127E;60EFAC81;0.01;0.29;0.32;0.01;0.03;1.0;2.0;5.0;24.0;0.0;39.0;1480.0;1678;1540.0
46;90.0;2F4091B6;BFEB6EA0;0.02;0.41;0.46;0.0;0.02;3.0;3.0;1.0;22.0;2464.0;39.0;1483.0;1647;1538.0
45;90.0;1123B9B9;BFEB6EA0;0.02;0.35;0.4;0.0;0.02;2.0;3.0;5.0;23.0;2540.0;39.0;1483.0;1645;1538.0
44;90.0;72E660D4;BFEB6EA0;0.02;0.49;0.55;0.0;0.02;1.0;3.0;14.0;10.0;2609.0;46.0;1483.0;1663;1538.0
43;90.0;CA75B483;59D14704;0.01;0.48;0.52;0.0;0.01;4.0;4.0;4.0;44.0;1067.0;39.0;1487.0;1648;1537.0
42;90.0;E78598A9;59D14704;0.01;0.44;0.48;0.0;0.01;3.0;4.0;2.0;8.0;2089.0;39.0;1487.0;1642;1537.0
41;90.0;91546320;59D14704;0.01;0.47;0.51;0.0;0.01;2.0;4.0;1.0;21.0;2019.0;39.0;1487.0;1644;1537.0
40;90.0;F610D49F;59D14704;0.02;0.56;0.6;0.0;0.01;1.0;4.0;5.0;22.0;2086.0;44.0;1487.0;1645;1537.0
29;90.0;7DCE2537;F1291CB0;0.02;0.2;0.22;0.01;0.02;2.0;7.0;14.0;7.0;1531.0;55.0;1506.0;1675;1551.0
27;90.0;DF7D8F2F;D90699DC;0.02;0.24;0.27;0.0;0.02;6.0;6.0;2.0;5.0;1046.0;39.0;1495.0;1662;1545.0
26;90.0;5A080C54;D90699DC;0.02;0.32;0.35;0.01;0.02;5.0;6.0;1.0;18.0;1046.0;39.0;1495.0;1654;1545.0
25;90.0;A3C61F61;D90699DC;0.02;0.36;0.39;0.01;0.02;4.0;6.0;5.0;19.0;1113.0;39.0;1495.0;1652;1545.0
24;90.0;5BC4B4CB;D90699DC;0.02;0.33;0.36;0.01;0.02;3.0;6.0;14.0;6.0;1256.0;39.0;1495.0;1657;1545.0
23;90.0;B7B3CEC4;D90699DC;0.02;0.29;0.32;0.01;0.02;2.0;6.0;2.0;4.0;827.0;39.0;1495.0;1656;1545.0
22;90.0;27228FEF;D90699DC;0.02;0.33;0.36;0.01;0.02;1.0;6.0;1.0;17.0;825.0;39.0;1495.0;1677;1545.0
21;90.0;54568BCB;D90699DC;0.02;0.28;0.31;0.01;0.02;6.0;6.0;5.0;18.0;901.0;39.0;1495.0;1662;1545.0
20;90.0;C999CAAE;D90699DC;0.02;0.32;0.35;0.01;0.02;5.0;6.0;14.0;5.0;1048.0;39.0;1495.0;1660;1545.0
19;90.0;D82A4B67;D90699DC;0.02;0.3;0.33;0.01;0.02;4.0;6.0;2.0;3.0;618.0;39.0;1495.0;1669;1545.0
18;90.0;20794D2B;D90699DC;0.02;0.25;0.28;0.01;0.02;3.0;6.0;1.0;16.0;610.0;39.0;1495.0;1659;1545.0
17;90.0;3A4BAF9A;D90699DC;0.02;0.27;0.3;0.01;0.02;2.0;6.0;4.0;40.0;940.0;39.0;1495.0;1655;1545.0
16;90.0;68D6BCEE;D90699DC;0.02;0.34;0.38;0.01;0.02;1.0;6.0;5.0;17.0;609.0;39.0;1495.0;1686;1545.0
15;90.0;DC0ABA96;30171CF7;0.03;0.24;0.29;0.01;0.02;7.0;7.0;14.0;4.0;749.0;39.0;1504.0;1663;1544.0
14;90.0;B8E2FEC8;6C4C7BC5;0.02;0.44;0.48;0.0;0.0;6.0;7.0;2.0;2.0;316.0;41.0;1485.0;1659;1530.0
13;90.0;D9B774CF;493EAF60;0.01;0.32;0.34;0.0;0.01;5.0;7.0;1.0;15.0;318.0;41.0;1486.0;1647;1531.0
12;90.0;538B2AFF;D6BA9D02;0.02;0.51;0.53;0.0;0.02;4.0;7.0;4.0;39.0;664.0;46.0;1481.0;1647;1526.0
11;90.0;48277B9D;D6BA9D02;0.02;0.36;0.38;0.0;0.02;3.0;7.0;5.0;16.0;334.0;46.0;1481.0;1643;1526.0
10;90.0;72902A72;D6BA9D02;0.02;0.46;0.48;0.0;0.02;2.0;7.0;14.0;3.0;438.0;46.0;1481.0;1646;1526.0
9;90.0;E742894E;D6BA9D02;0.02;0.42;0.44;0.0;0.02;1.0;7.0;2.0;1.0;0.0;51.0;1481.0;1687;1526.0
8;90.0;B0BD83FA;3BA0D398;0.0;0.34;0.38;0.0;0.03;4.0;4.0;1.0;14.0;0.0;18.0;1488.0;1649;1533.0
7;90.0;D4D84B41;3BA0D398;0.0;0.4;0.44;0.0;0.03;3.0;4.0;4.0;38.0;338.0;18.0;1488.0;1629;1533.0
6;90.0;F755AE00;3BA0D398;0.0;0.48;0.53;0.0;0.04;2.0;4.0;5.0;15.0;0.0;18.0;1488.0;1640;1533.0
5;90.0;D6A00ECF;3BA0D398;0.0;0.36;0.4;0.0;0.03;1.0;4.0;14.0;2.0;0.0;18.0;1488.0;1656;1533.0
4;90.0;1DD36177;6657D710;0.01;0.41;0.49;0.0;0.0;3.0;3.0;4.0;37.0;0.0;18.0;1493.0;1656;1543.0
3;90.0;2FD44681;6657D710;0.01;0.29;0.35;0.0;0.0;2.0;3.0;5.0;15.0;0.0;18.0;1493.0;1654;1543.0
2;90.0;703F3F93;CC996FCB;0.02;0.22;0.25;0.0;0.0;1.0;3.0;1.0;12.0;0.0;39.0;1507.0;1691;1552.0
1;90.0;C93CBA88;CC996FCB;0.02;0.18;0.21;0.0;0.0;1.0;1.0;14.0;1.0;0.0;23.0;1507.0;1680;1552.0
